area_name,prefecture,slug,source_url,type,parent_area,in_me,in_mg,ahrefs_volume,reasons
南部,三重県,tsu-南部,/tsu/,top_level,津・松阪・南部,,,0,top_level_base
四日市,三重県,mie-四日市,/mie/,top_level,四日市・鈴鹿,o,,7690,"top_level_base,in_ME,ahrefs_7690"
松阪,三重県,tsu-松阪,/tsu/,top_level,津・松阪・南部,,,3300,"top_level_base,ahrefs_3300"
鈴鹿,三重県,mie-鈴鹿,/mie/,top_level,四日市・鈴鹿,,,1200,"top_level_base,ahrefs_1200"
三条,京都府,sanjo,/kyoto/sanjo-station/all/,station,京都・祇園,,,700,ahrefs_700
二条,京都府,nijo,/kyoto/nijo-station/all/,station,京都・祇園,o,,200,in_ME
京都,京都府,kyoto-京都,/kyoto/kyoto-station/all/,top_level,京都・祇園,o,o,18260,"top_level_base,in_ME,in_MG,ahrefs_18260"
京都河原町,京都府,kawaramachi,/kyoto/kawaramachi-station/all/,station,京都・祇園,o,o,0,"in_ME,in_MG"
四条,京都府,shijo,/kyoto/shijo-station/all/,station,京都・祇園,o,,0,in_ME
烏丸御池,京都府,karasumaoike,/kyoto/karasumaoike-station/all/,station,京都・祇園,o,,700,"in_ME,ahrefs_700"
祇園,京都府,kyoto-祇園,/kyoto/,top_level,京都・祇園,o,,1550,"top_level_base,in_ME,ahrefs_1550"
祇園四条,京都府,gionshijo,/kyoto/gionshijo-station/all/,station,京都・祇園,o,,0,in_ME
西院,京都府,saiin,/kyoto/saiin-station/all/,station,京都・祇園,o,,0,in_ME
佐賀,佐賀県,saga-佐賀,/saga/,top_level,佐賀・小城,o,,19040,"top_level_base,in_ME,ahrefs_19040"
小城,佐賀県,saga-小城,/saga/,top_level,佐賀・小城,,,0,top_level_base
三宮,兵庫県,kobe-三宮,/kobe/,top_level,神戸・三宮,o,o,8710,"top_level_base,in_ME,in_MG,ahrefs_8710"
姫路,兵庫県,himeji-姫路,/himeji/,top_level,姫路・明石,o,o,21500,"top_level_base,in_ME,in_MG,ahrefs_21500"
尼崎,兵庫県,amagasaki-尼崎,/amagasaki/,top_level,尼崎・西宮,,o,4850,"top_level_base,in_MG,ahrefs_4850"
明石,兵庫県,himeji-明石,/himeji/,top_level,姫路・明石,o,,3400,"top_level_base,in_ME,ahrefs_3400"
神戸,兵庫県,kobe-神戸,/kobe/kobe-station/all/,top_level,神戸・三宮,,o,8550,"top_level_base,in_MG,ahrefs_8550"
西宮,兵庫県,amagasaki-西宮,/amagasaki/,top_level,尼崎・西宮,o,o,3850,"top_level_base,in_ME,in_MG,ahrefs_3850"
すすき,北海道,sapporo-すすき,/sapporo/,top_level,北海道・札幌（すすき,o,,0,"top_level_base,in_ME"
北海道,北海道,sapporo-北海道,/sapporo/,top_level,北海道・札幌（すすき,o,,860,"top_level_base,in_ME,ahrefs_860"
札幌,北海道,sapporo-札幌,/sapporo/,top_level,北海道・札幌（すすき,o,o,15760,"top_level_base,in_ME,in_MG,ahrefs_15760"
佐倉,千葉県,yachiyo-佐倉,/yachiyo/,top_level,八千代・四街道・佐倉,,,450,top_level_base
八千代,千葉県,yachiyo-八千代,/yachiyo/,top_level,八千代・四街道・佐倉,,,200,top_level_base
八柱,千葉県,matsudo-八柱,/matsudo/yabashira-station/all/,top_level,松戸・八柱,,,800,"top_level_base,ahrefs_800"
北松戸,千葉県,kitamatsudo,/matsudo/kitamatsudo-station/all/,station,松戸・八柱,o,o,0,"in_ME,in_MG"
千葉,千葉県,chiba,/chiba/chiba-station/all/,top_level,千葉,o,o,18650,"top_level_base,in_ME,in_MG,ahrefs_18650"
千葉中央,千葉県,chibachuo,/chiba/chibachuo-station/all/,station,千葉,o,o,350,"in_ME,in_MG"
南柏,千葉県,minamikashiwa,/kashiwa/minamikashiwa-station/all/,station,柏・我孫子,,,950,ahrefs_950
南行徳,千葉県,minamigyotoku,/urayasu/minamigyotoku-station/all/,station,浦安・行徳,o,,0,in_ME
四街道,千葉県,yachiyo-四街道,/yachiyo/,top_level,八千代・四街道・佐倉,,,300,top_level_base
大森台,千葉県,omoridai,/chiba/omoridai-station/all/,station,千葉,,o,0,in_MG
富里,千葉県,narita-富里,/narita/,top_level,成田・富里,,,0,top_level_base
市原,千葉県,ichihara-市原,/ichihara/,top_level,市原・木更津・房総,,,150,top_level_base
市川,千葉県,ichikawa-市川,/ichikawa/ichikawa-station/all/,top_level,市川・本八幡,o,,1300,"top_level_base,in_ME,ahrefs_1300"
幕張,千葉県,makuhari,/chiba/makuhari-station/all/,station,千葉,,,950,ahrefs_950
成田,千葉県,narita-成田,/narita/,top_level,成田・富里,,,3700,"top_level_base,ahrefs_3700"
我孫子,千葉県,kashiwa,/kashiwa/abiko-station/all/,top_level,柏・我孫子,,,1300,"top_level_base,ahrefs_1300"
房総,千葉県,ichihara-房総,/ichihara/,top_level,市原・木更津・房総,,,0,top_level_base
新松戸,千葉県,shinmatsudo,/matsudo/shinmatsudo-station/all/,station,松戸・八柱,o,o,2100,"in_ME,in_MG,ahrefs_2100"
新船橋,千葉県,shinfunabashi,/funabashi/shinfunabashi-station/all/,station,船橋・西船橋,o,o,0,"in_ME,in_MG"
木更津,千葉県,ichihara-木更津,/ichihara/,top_level,市原・木更津・房総,,,650,"top_level_base,ahrefs_650"
本八幡,千葉県,ichikawa-本八幡,/ichikawa/motoyawata-station/all/,top_level,市川・本八幡,o,,3150,"top_level_base,in_ME,ahrefs_3150"
本千葉,千葉県,honchiba,/chiba/honchiba-station/all/,station,千葉,o,o,0,"in_ME,in_MG"
東千葉,千葉県,higashichiba,/chiba/higashichiba-station/all/,station,千葉,o,o,0,"in_ME,in_MG"
東松戸,千葉県,higashimatsudo,/matsudo/higashimatsudo-station/all/,station,松戸・八柱,o,o,0,"in_ME,in_MG"
松戸,千葉県,matsudo-松戸,/matsudo/matsudo-station/all/,top_level,松戸・八柱,o,o,7170,"top_level_base,in_ME,in_MG,ahrefs_7170"
津田沼,千葉県,tsudanuma-津田沼,/tsudanuma/tsudanuma-station/all/,top_level,津田沼・習志野,o,,3250,"top_level_base,in_ME,ahrefs_3250"
浦安,千葉県,urayasu-浦安,/urayasu/urayasu-station/all/,top_level,浦安・行徳,o,o,2850,"top_level_base,in_ME,in_MG,ahrefs_2850"
稲毛,千葉県,inage,/chiba/inage-station/all/,station,千葉,,,850,ahrefs_850
習志野,千葉県,tsudanuma-習志野,/tsudanuma/,top_level,津田沼・習志野,,,0,top_level_base
船橋,千葉県,funabashi-船橋,/funabashi/funabashi-station/all/,top_level,船橋・西船橋,o,o,10800,"top_level_base,in_ME,in_MG,ahrefs_10800"
蘇我,千葉県,soga,/chiba/soga-station/all/,station,千葉,,,1400,ahrefs_1400
行徳,千葉県,urayasu-行徳,/urayasu/gyotoku-station/all/,top_level,浦安・行徳,o,,1330,"top_level_base,in_ME,ahrefs_1330"
西千葉,千葉県,nishichiba,/chiba/nishichiba-station/all/,station,千葉,o,o,0,"in_ME,in_MG"
西船橋,千葉県,funabashi-西船橋,/funabashi/nishifunabashi-station/all/,top_level,船橋・西船橋,o,o,5240,"top_level_base,in_ME,in_MG,ahrefs_5240"
和歌山,和歌山県,wakayama,/wakayama/,top_level,和歌山,o,o,9590,"top_level_base,in_ME,in_MG,ahrefs_9590"
さいたま,埼玉県,omiya-さいたま,/omiya/,top_level,大宮・さいたま,o,,0,"top_level_base,in_ME"
さいたま新都心,埼玉県,saitamashintoshin,/omiya/saitamashintoshin-station/all/,station,大宮・さいたま,o,,0,in_ME
ふじみ野,埼玉県,fujimino,/shiki/fujimino-station/all/,station,志木・みずほ台,,,800,ahrefs_800
みずほ台,埼玉県,shiki-みずほ台,/shiki/mizuhodai-station/all/,top_level,志木・みずほ台,o,o,2150,"top_level_base,in_ME,in_MG,ahrefs_2150"
上尾,埼玉県,ageo-上尾,/ageo/ageo-station/all/,top_level,上尾・宮原,o,,2900,"top_level_base,in_ME,ahrefs_2900"
上福岡,埼玉県,kamifukuoka,/shiki/kamifukuoka-station/all/,station,志木・みずほ台,o,,1200,"in_ME,ahrefs_1200"
入間,埼玉県,tokorozawa-入間,/tokorozawa/,top_level,所沢・入間,,,800,"top_level_base,ahrefs_800"
北上尾,埼玉県,kitaageo,/ageo/kitaageo-station/all/,station,上尾・宮原,o,,0,in_ME
北浦和,埼玉県,kitaurawa,/urawa/kitaurawa-station/all/,station,浦和・武蔵浦和,o,o,1300,"in_ME,in_MG,ahrefs_1300"
北越谷,埼玉県,kitakoshigaya,/koshigaya/kitakoshigaya-station/all/,station,越谷・春日部,o,o,0,"in_ME,in_MG"
南浦和,埼玉県,minamiurawa,/urawa/minamiurawa-station/all/,station,浦和・武蔵浦和,o,o,2500,"in_ME,in_MG,ahrefs_2500"
大宮,埼玉県,omiya-大宮,/omiya/omiya-station/all/,top_level,大宮・さいたま,o,o,29270,"top_level_base,in_ME,in_MG,ahrefs_29270"
宮原,埼玉県,ageo-宮原,/ageo/miyahara-station/all/,top_level,上尾・宮原,,,0,top_level_base
川口,埼玉県,kawaguchi,/nishikawaguchi/kawaguchi-station/all/,station,西川口・蕨,o,o,4600,"in_ME,in_MG,ahrefs_4600"
川越,埼玉県,kawagoe-川越,/kawagoe/,top_level,川越・東松山,o,o,1740,"top_level_base,in_ME,in_MG,ahrefs_1740"
志木,埼玉県,shiki-志木,/shiki/shiki-station/all/,top_level,志木・みずほ台,o,,2000,"top_level_base,in_ME,ahrefs_2000"
所沢,埼玉県,tokorozawa-所沢,/tokorozawa/tokorozawa-station/all/,top_level,所沢・入間,o,o,7450,"top_level_base,in_ME,in_MG,ahrefs_7450"
新所沢,埼玉県,shintokorozawa,/tokorozawa/shintokorozawa-station/all/,station,所沢・入間,o,o,550,"in_ME,in_MG,ahrefs_550"
新越谷,埼玉県,shinkoshigaya,/koshigaya/shinkoshigaya-station/all/,station,越谷・春日部,o,o,1600,"in_ME,in_MG,ahrefs_1600"
春日部,埼玉県,koshigaya-春日部,/koshigaya/kasukabe-station/all/,top_level,越谷・春日部,o,o,3700,"top_level_base,in_ME,in_MG,ahrefs_3700"
朝霞台,埼玉県,asakadai,/shiki/asakadai-station/all/,station,志木・みずほ台,,,1700,ahrefs_1700
東大宮,埼玉県,higashiomiya,/omiya/higashiomiya-station/all/,station,大宮・さいたま,o,o,0,"in_ME,in_MG"
東川口,埼玉県,higashikawaguchi,/urawa/higashikawaguchi-station/all/,station,浦和・武蔵浦和,o,o,400,"in_ME,in_MG"
東所沢,埼玉県,higashitokorozawa,/tokorozawa/higashitokorozawa-station/all/,station,所沢・入間,o,o,0,"in_ME,in_MG"
東松山,埼玉県,kawagoe-東松山,/kawagoe/,top_level,川越・東松山,o,,650,"top_level_base,in_ME,ahrefs_650"
東浦和,埼玉県,higashiurawa,/urawa/higashiurawa-station/all/,station,浦和・武蔵浦和,o,o,0,"in_ME,in_MG"
桶川,埼玉県,okegawa,/ageo/okegawa-station/all/,station,上尾・宮原,o,,700,"in_ME,ahrefs_700"
武蔵浦和,埼玉県,urawa-武蔵浦和,/urawa/musashiurawa-station/all/,top_level,浦和・武蔵浦和,o,o,1000,"top_level_base,in_ME,in_MG,ahrefs_1000"
浦和,埼玉県,urawa-浦和,/urawa/urawa-station/all/,top_level,浦和・武蔵浦和,o,o,5040,"top_level_base,in_ME,in_MG,ahrefs_5040"
熊谷,埼玉県,kumagaya-熊谷,/kumagaya/,top_level,熊谷・行田,,o,2900,"top_level_base,in_MG,ahrefs_2900"
草加,埼玉県,souka-草加,/souka/souka-station/all/,top_level,草加・谷塚,,o,3350,"top_level_base,in_MG,ahrefs_3350"
行田,埼玉県,kumagaya-行田,/kumagaya/,top_level,熊谷・行田,,,0,top_level_base
西川口,埼玉県,nishikawaguchi,/nishikawaguchi/nishikawaguchi-station/all/,top_level,西川口・蕨,o,o,3250,"top_level_base,in_ME,in_MG,ahrefs_3250"
西所沢,埼玉県,nishitokorozawa,/tokorozawa/nishitokorozawa-station/all/,station,所沢・入間,o,o,0,"in_ME,in_MG"
谷塚,埼玉県,souka-谷塚,/souka/yatsuka-station/all/,top_level,草加・谷塚,,,500,"top_level_base,ahrefs_500"
越谷,埼玉県,koshigaya-越谷,/koshigaya/koshigaya-station/all/,top_level,越谷・春日部,o,o,5850,"top_level_base,in_ME,in_MG,ahrefs_5850"
鴻巣,埼玉県,konosu,/ageo/konosu-station/all/,station,上尾・宮原,,,1200,ahrefs_1200
大分,大分県,oita,/oita/,top_level,大分,o,o,16470,"top_level_base,in_ME,in_MG,ahrefs_16470"
京橋,大阪府,kyobashi-京橋,/kyobashi/kyobashi-station/all/,top_level,京橋・守口,o,o,8860,"top_level_base,in_ME,in_MG,ahrefs_8860"
八尾,大阪府,higashiosaka-八尾,/higashiosaka/yao-station/all/,top_level,東大阪・八尾,o,,400,"top_level_base,in_ME"
十三,大阪府,juso-十三,/juso/juso-station/all/,top_level,十三・西淀川,,,4790,"top_level_base,ahrefs_4790"
南大阪,大阪府,sakai,/sakai/,top_level,堺・南大阪,,,150,top_level_base
南森町,大阪府,tenma-南森町,/tenma/minamimorimachi-station/all/,top_level,天満・南森町,o,o,2000,"top_level_base,in_ME,in_MG,ahrefs_2000"
堺市,大阪府,sakaishi,/sakai/sakaishi-station/all/,station,堺・南大阪,,,1350,ahrefs_1350
堺東,大阪府,sakaihigashi,/sakai/sakaihigashi-station/all/,station,堺・南大阪,,o,11630,"in_MG,ahrefs_11630"
堺筋本町,大阪府,honmachi-堺筋本町,/honmachi/sakaisujihonmachi-station/all/,top_level,本町・堺筋本町,o,o,11040,"top_level_base,in_ME,in_MG,ahrefs_11040"
大阪キタ,大阪府,osakakita-大阪キタ,/osakakita/,top_level,大阪キタ・梅田,,,0,top_level_base
天満,大阪府,tenma-天満,/tenma/tenma-station/all/,top_level,天満・南森町,o,,1300,"top_level_base,in_ME,ahrefs_1300"
天満橋,大阪府,tenmabashi,/tenma/tenmabashi-station/all/,station,天満・南森町,o,,500,"in_ME,ahrefs_500"
天王寺,大阪府,tennoji,/tanikyu/tennoji-station/all/,station,谷町九丁目,,,3560,ahrefs_3560
天神橋筋六丁目,大阪府,tenroku,/tenma/tenroku-station/all/,station,天満・南森町,o,,200,in_ME
守口,大阪府,kyobashi-守口,/kyobashi/moriguchi-station/all/,top_level,京橋・守口,o,,1050,"top_level_base,in_ME,ahrefs_1050"
守口市,大阪府,moriguchishi,/kyobashi/moriguchishi-station/all/,station,京橋・守口,o,,200,in_ME
布施,大阪府,fuse,/higashiosaka/fuse-station/all/,station,東大阪・八尾,,,3650,ahrefs_3650
心斎橋,大阪府,shinsaibashi,/shinsaibashi/shinsaibashi-station/all/,top_level,心斎橋,o,o,3200,"top_level_base,in_ME,in_MG,ahrefs_3200"
新大阪,大阪府,nishinakajima-新大阪,/nishinakajima/shinosaka-station/all/,top_level,西中島・新大阪,o,o,11960,"top_level_base,in_ME,in_MG,ahrefs_11960"
本町,大阪府,honmachi-本町,/honmachi/honmachi-station/all/,top_level,本町・堺筋本町,o,o,3050,"top_level_base,in_ME,in_MG,ahrefs_3050"
東大阪,大阪府,higashiosaka-東大阪,/higashiosaka/,top_level,東大阪・八尾,o,,450,"top_level_base,in_ME"
東梅田,大阪府,higashiumeda,/osakakita/higashiumeda-station/all/,station,大阪キタ・梅田,o,o,0,"in_ME,in_MG"
桜川,大阪府,sakuragawa,/osakaminami/sakuragawa-station/all/,station,難波・日本橋,,,1500,ahrefs_1500
梅田,大阪府,osakakita-梅田,/osakakita/umeda-station/all/,top_level,大阪キタ・梅田,o,o,16150,"top_level_base,in_ME,in_MG,ahrefs_16150"
江坂,大阪府,esaka-江坂,/esaka/esaka-station/all/,top_level,江坂・豊中,,,2050,"top_level_base,ahrefs_2050"
西中島,大阪府,nishinakajima-西中島,/nishinakajima/,top_level,西中島・新大阪,,,1800,"top_level_base,ahrefs_1800"
西梅田,大阪府,nishiumeda,/osakakita/nishiumeda-station/all/,station,大阪キタ・梅田,o,o,0,"in_ME,in_MG"
西淀川,大阪府,juso-西淀川,/juso/,top_level,十三・西淀川,,,0,top_level_base
谷町九丁目,大阪府,tanikyu,/tanikyu/tanikyu-station/all/,top_level,谷町九丁目,o,o,700,"top_level_base,in_ME,in_MG,ahrefs_700"
谷町六丁目,大阪府,taniroku,/tanikyu/taniroku-station/all/,station,谷町九丁目,o,o,0,"in_ME,in_MG"
豊中,大阪府,esaka-豊中,/esaka/,top_level,江坂・豊中,o,,500,"top_level_base,in_ME,ahrefs_500"
近鉄八尾,大阪府,kintetsuyao,/higashiosaka/kintetsuyao-station/all/,station,東大阪・八尾,o,,0,in_ME
長堀橋,大阪府,nagahoribashi,/shinsaibashi/nagahoribashi-station/all/,station,心斎橋,o,o,500,"in_ME,in_MG,ahrefs_500"
難波,大阪府,osakaminami-難波,/osakaminami/nanba-station/all/,top_level,難波・日本橋,o,o,4770,"top_level_base,in_ME,in_MG,ahrefs_4770"
奈良,奈良県,nara-奈良,/nara/,top_level,奈良・生駒,o,o,4600,"top_level_base,in_ME,in_MG,ahrefs_4600"
生駒,奈良県,nara-生駒,/nara/,top_level,奈良・生駒,,,0,top_level_base
仙台,宮城県,sendai-仙台,/sendai/,top_level,宮城・仙台,o,o,23880,"top_level_base,in_ME,in_MG,ahrefs_23880"
宮城,宮城県,sendai-宮城,/sendai/,top_level,宮城・仙台,,,1050,"top_level_base,ahrefs_1050"
宮崎,宮崎県,miyazaki,/miyazaki/,top_level,宮崎,o,,6140,"top_level_base,in_ME,ahrefs_6140"
富山,富山県,toyama-富山,/toyama/,top_level,富山・高岡,,o,7150,"top_level_base,in_MG,ahrefs_7150"
高岡,富山県,toyama-高岡,/toyama/,top_level,富山・高岡,o,,1100,"top_level_base,in_ME,ahrefs_1100"
下関,山口県,yamaguchi-下関,/yamaguchi/,top_level,山口・下関,o,,700,"top_level_base,in_ME,ahrefs_700"
山口,山口県,yamaguchi-山口,/yamaguchi/,top_level,山口・下関,o,,4600,"top_level_base,in_ME,ahrefs_4600"
山形,山形県,yamagata-山形,/yamagata/,top_level,山形・米沢,,,2720,"top_level_base,ahrefs_2720"
米沢,山形県,yamagata-米沢,/yamagata/,top_level,山形・米沢,o,,350,"top_level_base,in_ME"
山梨,山梨県,yamanashi-山梨,/yamanashi/,top_level,山梨・甲府,o,,4800,"top_level_base,in_ME,ahrefs_4800"
甲府,山梨県,yamanashi-甲府,/yamanashi/,top_level,山梨・甲府,o,,1600,"top_level_base,in_ME,ahrefs_1600"
多治見,岐阜県,mino-多治見,/mino/,top_level,美濃・多治見・飛騨,,,1900,"top_level_base,ahrefs_1900"
大垣,岐阜県,ogaki-大垣,/ogaki/,top_level,大垣・瑞穂,o,,1200,"top_level_base,in_ME,ahrefs_1200"
岐南,岐阜県,gifu-岐南,/gifu/,top_level,岐阜・岐南・羽島,o,,200,"top_level_base,in_ME"
岐阜,岐阜県,gifu-岐阜,/gifu/,top_level,岐阜・岐南・羽島,o,o,17150,"top_level_base,in_ME,in_MG,ahrefs_17150"
瑞穂,岐阜県,ogaki-瑞穂,/ogaki/,top_level,大垣・瑞穂,,,0,top_level_base
美濃,岐阜県,mino-美濃,/mino/,top_level,美濃・多治見・飛騨,,,0,top_level_base
羽島,岐阜県,gifu-羽島,/gifu/,top_level,岐阜・岐南・羽島,,,0,top_level_base
飛騨,岐阜県,mino-飛騨,/mino/,top_level,美濃・多治見・飛騨,,,0,top_level_base
倉敷,岡山県,okayama-倉敷,/okayama/,top_level,岡山・倉敷,o,,2100,"top_level_base,in_ME,ahrefs_2100"
岡山,岡山県,okayama-岡山,/okayama/,top_level,岡山・倉敷,o,o,12100,"top_level_base,in_ME,in_MG,ahrefs_12100"
岩手,岩手県,iwate-岩手,/iwate/,top_level,岩手・盛岡,,,1260,"top_level_base,ahrefs_1260"
盛岡,岩手県,iwate-盛岡,/iwate/,top_level,岩手・盛岡,o,,1630,"top_level_base,in_ME,ahrefs_1630"
島根,島根県,shimane-島根,/shimane/,top_level,島根・松江,,,1260,"top_level_base,ahrefs_1260"
松江,島根県,shimane-松江,/shimane/,top_level,島根・松江,,,2350,"top_level_base,ahrefs_2350"
広島,広島県,hiroshima-広島,/hiroshima/,top_level,広島・福山,o,o,21410,"top_level_base,in_ME,in_MG,ahrefs_21410"
福山,広島県,hiroshima-福山,/hiroshima/,top_level,広島・福山,o,,15200,"top_level_base,in_ME,ahrefs_15200"
徳島,徳島県,tokushima,/tokushima/,top_level,徳島,o,,3260,"top_level_base,in_ME,ahrefs_3260"
愛媛,愛媛県,ehime-愛媛,/ehime/,top_level,愛媛・松山,o,o,750,"top_level_base,in_ME,in_MG,ahrefs_750"
松山,愛媛県,ehime-松山,/ehime/,top_level,愛媛・松山,o,,4350,"top_level_base,in_ME,ahrefs_4350"
一宮,愛知県,owari-一宮,/owari/,top_level,尾張・一宮,o,,11450,"top_level_base,in_ME,ahrefs_11450"
丸の内,愛知県,marunouchi,/sakae/marunouchi-station/all/,station,栄,o,o,1400,"in_ME,in_MG,ahrefs_1400"
今池,愛知県,shinsakae-今池,/shinsakae/imaike-station/all/,top_level,新栄町・千種・今池,o,o,2200,"top_level_base,in_ME,in_MG,ahrefs_2200"
千種,愛知県,shinsakae-千種,/shinsakae/chikusa-station/all/,top_level,新栄町・千種・今池,o,,750,"top_level_base,in_ME,ahrefs_750"
半田,愛知県,chita-半田,/chita/,top_level,知多・大府・半田,,,500,"top_level_base,ahrefs_500"
名古屋,愛知県,nagoya-名古屋,/nagoya/nagoya-station/all/,top_level,名古屋・名駅・納屋橋,o,o,30010,"top_level_base,in_ME,in_MG,ahrefs_30010"
名駅,愛知県,nagoya-名駅,/nagoya/,top_level,名古屋・名駅・納屋橋,o,o,2150,"top_level_base,in_ME,in_MG,ahrefs_2150"
堀田,愛知県,horita-堀田,/horita/horita-station/all/,top_level,堀田・新瑞橋,,,200,top_level_base
大府,愛知県,chita-大府,/chita/,top_level,知多・大府・半田,,,0,top_level_base
大曽根,愛知県,kurokawa-大曽根,/kurokawa/ozone-station/all/,top_level,黒川・大曽根,,o,1500,"top_level_base,in_MG,ahrefs_1500"
大須,愛知県,tsurumai-大須,/tsurumai/,top_level,大須・鶴舞,,,1150,"top_level_base,ahrefs_1150"
天白区,愛知県,showa-天白区,/showa/,top_level,名古屋・昭和区・天白区,,,0,top_level_base
守山,愛知県,moriyama-守山,/moriyama/,top_level,守山・小幡,,,0,top_level_base
小幡,愛知県,moriyama-小幡,/moriyama/obata-station/all/,top_level,守山・小幡,,,0,top_level_base
小牧,愛知県,komaki-小牧,/komaki/,top_level,小牧・春日井,o,,1300,"top_level_base,in_ME,ahrefs_1300"
小田井,愛知県,otai-小田井,/otai/otai-station/all/,top_level,小田井・比良,,,200,top_level_base
尾張,愛知県,owari-尾張,/owari/,top_level,尾張・一宮,o,,350,"top_level_base,in_ME"
岡崎,愛知県,toyota-岡崎,/toyota/,top_level,西三河・豊田・岡崎,o,,3350,"top_level_base,in_ME,ahrefs_3350"
御器所,愛知県,gokiso,/showa/gokiso-station/all/,station,名古屋・昭和区・天白区,o,,0,in_ME
新栄町,愛知県,shinsakae-新栄町,/shinsakae/shinsakaemachi-station/all/,top_level,新栄町・千種・今池,o,o,700,"top_level_base,in_ME,in_MG,ahrefs_700"
新瑞橋,愛知県,horita-新瑞橋,/horita/aratamabashi-station/all/,top_level,堀田・新瑞橋,,,250,top_level_base
星ヶ丘,愛知県,hoshigaoka-星ヶ丘,/hoshigaoka/hoshigaoka-station/all/,top_level,星ヶ丘・藤が丘,,,550,"top_level_base,ahrefs_550"
春日井,愛知県,komaki-春日井,/komaki/,top_level,小牧・春日井,o,,4950,"top_level_base,in_ME,ahrefs_4950"
昭和区,愛知県,showa-昭和区,/showa/,top_level,名古屋・昭和区・天白区,,,0,top_level_base
東三河,愛知県,toyohashi-東三河,/toyohashi/,top_level,東三河・豊橋・豊川,,,0,top_level_base
東海通,愛知県,tokaidori-東海通,/tokaidori/tokaidori-station/all/,top_level,東海通・高畑,,,500,"top_level_base,ahrefs_500"
柴田,愛知県,kasadera-柴田,/kasadera/shibata-station/all/,top_level,笠寺・柴田,,,550,"top_level_base,ahrefs_550"
比良,愛知県,otai-比良,/otai/hira-station/all/,top_level,小田井・比良,,,0,top_level_base
池下,愛知県,ikeshita,/shinsakae/ikeshita-station/all/,station,新栄町・千種・今池,,,1300,ahrefs_1300
熱田,愛知県,kanayama-熱田,/kanayama/,top_level,金山・熱田,o,,150,"top_level_base,in_ME"
矢場町,愛知県,yabacho,/sakae/yabacho-station/all/,station,栄,,,500,ahrefs_500
知多,愛知県,chita-知多,/chita/,top_level,知多・大府・半田,,,0,top_level_base
笠寺,愛知県,kasadera-笠寺,/kasadera/kasadera-station/all/,top_level,笠寺・柴田,,,0,top_level_base
納屋橋,愛知県,nagoya-納屋橋,/nagoya/,top_level,名古屋・名駅・納屋橋,o,,1050,"top_level_base,in_ME,ahrefs_1050"
藤が丘,愛知県,hoshigaoka-藤が丘,/hoshigaoka/fujigaoka-station/all/,top_level,星ヶ丘・藤が丘,,,1050,"top_level_base,ahrefs_1050"
西三河,愛知県,toyota-西三河,/toyota/,top_level,西三河・豊田・岡崎,o,,350,"top_level_base,in_ME"
豊川,愛知県,toyohashi-豊川,/toyohashi/,top_level,東三河・豊橋・豊川,,,600,"top_level_base,ahrefs_600"
豊橋,愛知県,toyohashi-豊橋,/toyohashi/,top_level,東三河・豊橋・豊川,,,6550,"top_level_base,ahrefs_6550"
豊田,愛知県,toyota-豊田,/toyota/,top_level,西三河・豊田・岡崎,o,,3700,"top_level_base,in_ME,ahrefs_3700"
金山,愛知県,kanayama-金山,/kanayama/kanayama-station/all/,top_level,金山・熱田,o,o,5650,"top_level_base,in_ME,in_MG,ahrefs_5650"
高岳,愛知県,takaoka,/shinsakae/takaoka-station/all/,station,新栄町・千種・今池,o,o,2200,"in_ME,in_MG,ahrefs_2200"
高畑,愛知県,tokaidori-高畑,/tokaidori/takabata-station/all/,top_level,東海通・高畑,,,0,top_level_base
鶴舞,愛知県,tsurumai-鶴舞,/tsurumai/tsurumai-station/all/,top_level,大須・鶴舞,o,,350,"top_level_base,in_ME"
黒川,愛知県,kurokawa-黒川,/kurokawa/kurokawa-station/all/,top_level,黒川・大曽根,,,350,top_level_base
新潟,新潟県,niigata-新潟,/niigata/,top_level,新潟・長岡,,o,9310,"top_level_base,in_MG,ahrefs_9310"
長岡,新潟県,niigata-長岡,/niigata/,top_level,新潟・長岡,o,,1400,"top_level_base,in_ME,ahrefs_1400"
ひばりヶ丘,東京都,hibarigaoka,/nishitokyo/hibarigaoka-station/all/,station,西東京・東久留米・清瀬,,,1200,ahrefs_1200
三軒茶屋,東京都,sangenjaya,/sangenjaya/sangenjaya-station-north/all/,top_level,三軒茶屋,o,o,6690,"top_level_base,in_ME,in_MG,ahrefs_6690"
三鷹,東京都,kichijoji-三鷹,/kichijoji/mitaka-station/all/,top_level,吉祥寺・三鷹,,o,2500,"top_level_base,in_MG,ahrefs_2500"
上板橋,東京都,kamiitabashi,/ooyama/kamiitabashi-station/all/,station,東武東上線・大山・下赤塚,,o,0,in_MG
上石神井,東京都,shakujii-上石神井,/shakujii/kamishakujii-station/all/,top_level,西武新宿線・上石神井,,,450,top_level_base
上野,東京都,ueno-上野,/ueno/ueno-station/all/,top_level,上野・浅草・御徒町,o,o,11770,"top_level_base,in_ME,in_MG,ahrefs_11770"
下北沢,東京都,shimokitazawa-下北沢,/shimokitazawa/shimokitazawa-station/all/,top_level,小田急線沿線・下北沢,o,o,2700,"top_level_base,in_ME,in_MG,ahrefs_2700"
下板橋,東京都,shimoitabashi,/akabane/shimoitabashi-station/all/,station,赤羽・王子・板橋,,o,0,in_MG
下赤塚,東京都,ooyama-下赤塚,/ooyama/shimoakatsuka-station/all/,top_level,東武東上線・大山・下赤塚,,,0,top_level_base
両国,東京都,kinshicho-両国,/kinshicho/ryogoku-station/all/,top_level,錦糸町・押上・両国,,,1250,"top_level_base,ahrefs_1250"
中板橋,東京都,nakaitabashi,/ooyama/nakaitabashi-station/all/,station,東武東上線・大山・下赤塚,,o,0,in_MG
中目黒,東京都,ebisu-中目黒,/ebisu/nakameguro-station/all/,top_level,恵比寿・中目黒・代官山,o,o,6430,"top_level_base,in_ME,in_MG,ahrefs_6430"
中野,東京都,nakano-中野,/nakano/nakano-station/all/,top_level,中野・高円寺,o,o,11570,"top_level_base,in_ME,in_MG,ahrefs_11570"
中野坂上,東京都,nakanosakaue,/nakano/nakanosakaue-station/all/,station,中野・高円寺,o,o,950,"in_ME,in_MG,ahrefs_950"
中野新橋,東京都,nakanoshinbashi,/nakano/nakanoshinbashi-station/all/,station,中野・高円寺,o,o,0,"in_ME,in_MG"
久米川,東京都,kumegawa-久米川,/kumegawa/kumegawa-station/all/,top_level,久米川・秋津,,,1800,"top_level_base,ahrefs_1800"
亀戸,東京都,kameido-亀戸,/kameido/kameido-station/all/,top_level,亀戸・小岩,,,2230,"top_level_base,ahrefs_2230"
亀有,東京都,kameari-亀有,/kameari/kameari-station/all/,top_level,北千住・亀有,,,1340,"top_level_base,ahrefs_1340"
五反田,東京都,gotanda,/gotanda/gotanda-station-east/all/,top_level,五反田,o,o,12880,"top_level_base,in_ME,in_MG,ahrefs_12880"
京王線,東京都,hatsudai-京王線,/hatsudai/,top_level,京王線・初台・笹塚,,,0,top_level_base
代々木,東京都,shibuya-代々木,/shibuya/yoyogi-station/all/,top_level,渋谷・代々木・原宿,o,o,2960,"top_level_base,in_ME,in_MG,ahrefs_2960"
代々木上原,東京都,yoyogiuehara,/shimokitazawa/yoyogiuehara-station/all/,station,小田急線沿線・下北沢,o,o,1380,"in_ME,in_MG,ahrefs_1380"
代官山,東京都,ebisu-代官山,/ebisu/daikanyama-station/all/,top_level,恵比寿・中目黒・代官山,o,,0,"top_level_base,in_ME"
保谷,東京都,houya,/nishitokyo/houya-station/all/,station,西東京・東久留米・清瀬,,,800,ahrefs_800
八丁堀,東京都,hatchobori,/tokyo/hatchobori-station/all/,station,東京・八重洲,,,1150,ahrefs_1150
八王子,東京都,hachioji-八王子,/hachioji/hachioji-station/all/,top_level,八王子・日野,o,,8390,"top_level_base,in_ME,ahrefs_8390"
八重洲,東京都,tokyo-八重洲,/tokyo/,top_level,東京・八重洲,,,0,top_level_base
六本木,東京都,roppongi-六本木,/roppongi/roppongi-station/all/,top_level,六本木・麻布十番,o,o,6790,"top_level_base,in_ME,in_MG,ahrefs_6790"
初台,東京都,hatsudai-初台,/hatsudai/hatsudai-station/all/,top_level,京王線・初台・笹塚,o,,750,"top_level_base,in_ME,ahrefs_750"
北千住,東京都,kameari-北千住,/kameari/kitasenju-station/all/,top_level,北千住・亀有,o,o,10320,"top_level_base,in_ME,in_MG,ahrefs_10320"
千歳烏山,東京都,chofu-千歳烏山,/chofu/chitosekarasuyama-station/all/,top_level,調布・千歳烏山,,,2000,"top_level_base,ahrefs_2000"
千歳船橋,東京都,chitosefunabashi,/shimokitazawa/chitosefunabashi-station/all/,station,小田急線沿線・下北沢,o,o,0,"in_ME,in_MG"
原宿,東京都,shibuya-原宿,/shibuya/harajuku-station/all/,top_level,渋谷・代々木・原宿,o,,300,"top_level_base,in_ME"
吉祥寺,東京都,kichijoji-吉祥寺,/kichijoji/kichijoji-station/all/,top_level,吉祥寺・三鷹,o,o,4360,"top_level_base,in_ME,in_MG,ahrefs_4360"
品川,東京都,shinagawa-品川,/shinagawa/shinagawa-station/all/,top_level,品川・田町・浜松町,o,o,3980,"top_level_base,in_ME,in_MG,ahrefs_3980"
四ツ谷,東京都,iidabashi-四ツ谷,/iidabashi/yotsuya-station/all/,top_level,四ツ谷・飯田橋・市ヶ谷,,,1170,"top_level_base,ahrefs_1170"
四谷三丁目,東京都,yotsuyasanchome,/iidabashi/yotsuyasanchome-station/all/,station,四ツ谷・飯田橋・市ヶ谷,,o,250,in_MG
国分寺,東京都,kokubunji-国分寺,/kokubunji/kokubunji-station/all/,top_level,国分寺・国立,,,1430,"top_level_base,ahrefs_1430"
国立,東京都,kokubunji-国立,/kokubunji/kunitachi-station/all/,top_level,国分寺・国立,,,0,top_level_base
多摩センター,東京都,tamacenter,/fuchu/tamacenter-station/all/,station,府中・聖蹟桜ヶ丘,,,950,ahrefs_950
大久保,東京都,okubo-大久保,/okubo/,top_level,大久保・高田馬場,o,,1800,"top_level_base,in_ME,ahrefs_1800"
大井町,東京都,oimachi,/kamata/oimachi-station/all/,station,蒲田,o,o,6010,"in_ME,in_MG,ahrefs_6010"
大塚,東京都,otsuka-大塚,/otsuka/otsuka-station/all/,top_level,大塚・巣鴨・駒込,o,,3920,"top_level_base,in_ME,ahrefs_3920"
大山,東京都,ooyama-大山,/ooyama/ooyama-station/all/,top_level,東武東上線・大山・下赤塚,,,1000,"top_level_base,ahrefs_1000"
大崎,東京都,osaki,/gotanda/osaki-station/all/,station,五反田,,,1140,ahrefs_1140
大森,東京都,omori,/kamata/omori-station/all/,station,蒲田,,o,5000,"in_MG,ahrefs_5000"
大森海岸,東京都,omorikaigan,/kamata/omorikaigan-station/all/,station,蒲田,,o,0,in_MG
大泉学園,東京都,oizumigakuen,/nerima/oizumigakuen-station/all/,station,西武池袋線・練馬・江古田,o,,2500,"in_ME,ahrefs_2500"
学芸大学,東京都,jiyugaoka-学芸大学,/jiyugaoka/gakugeidaigaku-station/all/,top_level,自由が丘・学芸大学,,,2600,"top_level_base,ahrefs_2600"
小伝馬町,東京都,kodenmacho,/nihonbashi/kodenmacho-station/all/,station,日本橋・茅場町,o,,250,in_ME
小岩,東京都,kameido-小岩,/kameido/koiwa-station/all/,top_level,亀戸・小岩,o,,1950,"top_level_base,in_ME,ahrefs_1950"
小田急線沿線,東京都,shimokitazawa-小田急線沿線,/shimokitazawa/,top_level,小田急線沿線・下北沢,,,0,top_level_base
巣鴨,東京都,otsuka-巣鴨,/otsuka/sugamo-station/all/,top_level,大塚・巣鴨・駒込,o,,2760,"top_level_base,in_ME,ahrefs_2760"
市ヶ谷,東京都,iidabashi-市ヶ谷,/iidabashi/ichigaya-station/all/,top_level,四ツ谷・飯田橋・市ヶ谷,o,o,810,"top_level_base,in_ME,in_MG,ahrefs_810"
幡ヶ谷,東京都,hatagaya,/hatsudai/hatagaya-station/all/,station,京王線・初台・笹塚,o,,1250,"in_ME,ahrefs_1250"
平井,東京都,hirai,/kameido/hirai-station/all/,station,亀戸・小岩,,,550,ahrefs_550
広尾,東京都,hiroo,/ebisu/hiroo-station/all/,station,恵比寿・中目黒・代官山,,,500,ahrefs_500
府中,東京都,fuchu-府中,/fuchu/fuchu-station/all/,top_level,府中・聖蹟桜ヶ丘,,,3590,"top_level_base,ahrefs_3590"
御徒町,東京都,ueno-御徒町,/ueno/okachimachi-station/all/,top_level,上野・浅草・御徒町,,,1940,"top_level_base,ahrefs_1940"
御茶ノ水,東京都,suidobashi-御茶ノ水,/suidobashi/,top_level,水道橋・御茶ノ水,,,300,top_level_base
恵比寿,東京都,ebisu-恵比寿,/ebisu/ebisu-station/all/,top_level,恵比寿・中目黒・代官山,o,o,14080,"top_level_base,in_ME,in_MG,ahrefs_14080"
成増,東京都,narimasu,/ooyama/narimasu-station/all/,station,東武東上線・大山・下赤塚,,o,3000,"in_MG,ahrefs_3000"
押上,東京都,kinshicho-押上,/kinshicho/oshiage-station/all/,top_level,錦糸町・押上・両国,,,700,"top_level_base,ahrefs_700"
拝島,東京都,haijima-拝島,/haijima/haijima-station/all/,top_level,拝島・福生,,,0,top_level_base
新大久保,東京都,okubo,/okubo/okubo-station/all/,station,大久保・高田馬場,o,,1930,"in_ME,ahrefs_1930"
新大塚,東京都,shinotsuka,/otsuka/shinotsuka-station/all/,station,大塚・巣鴨・駒込,o,,200,in_ME
新宿,東京都,shinjuku,/shinjuku/shinjuku-station-east/all/,top_level,新宿,o,o,27830,"top_level_base,in_ME,in_MG,ahrefs_27830"
新宿御苑前,東京都,shinjukugyoen,/shinjuku/shinjukugyoen-station/all/,station,新宿,o,o,250,"in_ME,in_MG"
新富町,東京都,shintomicho,/ginza/shintomicho-station/all/,station,銀座,,,1400,ahrefs_1400
新小岩,東京都,shinkoiwa,/kameido/shinkoiwa-station/all/,station,亀戸・小岩,o,,6490,"in_ME,ahrefs_6490"
新板橋,東京都,shinitabashi,/akabane/shinitabashi-station/all/,station,赤羽・王子・板橋,,o,0,in_MG
新橋,東京都,shinbashi,/shinbashi/,top_level,新橋,o,o,12760,"top_level_base,in_ME,in_MG,ahrefs_12760"
新橋駅日比谷口,東京都,shinbashi-hibiya,/shinbashi/shinbashi-station-hibiya/all/,station,新橋,o,o,0,"in_ME,in_MG"
新橋駅烏森口,東京都,shinbashi-karasumori,/shinbashi/shinbashi-station-karasumori/all/,station,新橋,o,o,0,"in_ME,in_MG"
新橋駅銀座口,東京都,shinbashi-ginza,/shinbashi/shinbashi-station-ginza/all/,station,新橋,o,o,0,"in_ME,in_MG"
新高円寺,東京都,shinkoenji,/nakano/shinkoenji-station/all/,station,中野・高円寺,,o,350,in_MG
日暮里,東京都,nippori-日暮里,/nippori/nippori-station/all/,top_level,鶯谷・日暮里,o,,4890,"top_level_base,in_ME,ahrefs_4890"
日本橋,東京都,nihonbashi-日本橋,/nihonbashi/nihonbashi-station/all/,top_level,日本橋・茅場町,o,o,13560,"top_level_base,in_ME,in_MG,ahrefs_13560"
日野,東京都,hachioji-日野,/hachioji/,top_level,八王子・日野,,,250,top_level_base
明大前,東京都,meidaimae,/hatsudai/meidaimae-station/all/,station,京王線・初台・笹塚,o,,2500,"in_ME,ahrefs_2500"
昭島,東京都,akishima,/haijima/akishima-station/all/,station,拝島・福生,,,600,ahrefs_600
木場,東京都,kiba,/monnaka/kiba-station/all/,station,門前仲町・東陽町,,,900,ahrefs_900
東中野,東京都,higashinakano,/nakano/higashinakano-station/all/,station,中野・高円寺,o,o,850,"in_ME,in_MG,ahrefs_850"
東久留米,東京都,nishitokyo-東久留米,/nishitokyo/higashikurume-station/all/,top_level,西東京・東久留米・清瀬,o,o,400,"top_level_base,in_ME,in_MG"
東京,東京都,tokyo-東京,/tokyo/tokyo-station/all/,top_level,東京・八重洲,o,o,19610,"top_level_base,in_ME,in_MG,ahrefs_19610"
東村山,東京都,higashimurayama,/kumegawa/higashimurayama-station/all/,station,久米川・秋津,,,950,ahrefs_950
東武東上線,東京都,ooyama-東武東上線,/ooyama/,top_level,東武東上線・大山・下赤塚,,,0,top_level_base
東武練馬,東京都,tobunerima,/ooyama/tobunerima-station/all/,station,東武東上線・大山・下赤塚,o,o,250,"in_ME,in_MG"
東陽町,東京都,monnaka-東陽町,/monnaka/toyocho-station/all/,top_level,門前仲町・東陽町,,,1200,"top_level_base,ahrefs_1200"
東高円寺,東京都,higashikoenji,/nakano/higashikoenji-station/all/,station,中野・高円寺,,o,0,in_MG
板橋,東京都,akabane-板橋,/akabane/itabashi-station/all/,top_level,赤羽・王子・板橋,,o,1230,"top_level_base,in_MG,ahrefs_1230"
板橋本町,東京都,itabashihoncho,/akabane/itabashihoncho-station/all/,station,赤羽・王子・板橋,o,o,0,"in_ME,in_MG"
桜新町,東京都,Sakurashimmachi,/sangenjaya/Sakurashimmachi-station/all/,station,三軒茶屋,,,650,ahrefs_650
武蔵小山,東京都,meguro-武蔵小山,/meguro/musashikoyama-station/all/,top_level,目黒・武蔵小山,,o,520,"top_level_base,in_MG,ahrefs_520"
武蔵小金井,東京都,musashikoganei,/kichijoji/musashikoganei-station/all/,station,吉祥寺・三鷹,,,2450,ahrefs_2450
水道橋,東京都,suidobashi-水道橋,/suidobashi/suidobashi-station/all/,top_level,水道橋・御茶ノ水,,,1400,"top_level_base,ahrefs_1400"
江古田,東京都,nerima-江古田,/nerima/ekoda-station/all/,top_level,西武池袋線・練馬・江古田,,,300,top_level_base
池尻大橋,東京都,ikejiri,/sangenjaya/ikejiri-station/all/,station,三軒茶屋,,,850,ahrefs_850
池袋,東京都,ikebukuro,/ikebukuro/ikebukuro-station-east/all/,top_level,池袋,o,o,28690,"top_level_base,in_ME,in_MG,ahrefs_28690"
浅草,東京都,ueno-浅草,/ueno/asakusa-station/all/,top_level,上野・浅草・御徒町,,,1630,"top_level_base,ahrefs_1630"
浅草橋,東京都,asakusabashi,/akihabara/asakusabashi-station/all/,station,秋葉原,,,1290,ahrefs_1290
浜松町,東京都,shinagawa-浜松町,/shinagawa/hamamatsucho-station/all/,top_level,品川・田町・浜松町,o,o,2080,"top_level_base,in_ME,in_MG,ahrefs_2080"
清瀬,東京都,nishitokyo-清瀬,/nishitokyo/kiyose-station/all/,top_level,西東京・東久留米・清瀬,,,450,top_level_base
渋谷,東京都,shibuya-渋谷,/shibuya/shibuya-station/all/,top_level,渋谷・代々木・原宿,o,o,13760,"top_level_base,in_ME,in_MG,ahrefs_13760"
王子,東京都,akabane-王子,/akabane/oji-station/all/,top_level,赤羽・王子・板橋,o,,1330,"top_level_base,in_ME,ahrefs_1330"
用賀,東京都,yoga,/sangenjaya/yoga-station/all/,station,三軒茶屋,,,1250,ahrefs_1250
田園調布,東京都,denenchofu,/jiyugaoka/denenchofu-station/all/,station,自由が丘・学芸大学,o,,0,in_ME
田町,東京都,shinagawa-田町,/shinagawa/tamachi-station/all/,top_level,品川・田町・浜松町,o,,1840,"top_level_base,in_ME,ahrefs_1840"
町田,東京都,machida-町田,/machida/machida-station/all/,top_level,町田・鶴川,o,o,18650,"top_level_base,in_ME,in_MG,ahrefs_18650"
目黒,東京都,meguro-目黒,/meguro/meguro-station/all/,top_level,目黒・武蔵小山,o,o,2650,"top_level_base,in_ME,in_MG,ahrefs_2650"
石神井公園,東京都,shakujiikoen,/nerima/shakujiikoen-station/all/,station,西武池袋線・練馬・江古田,,,750,ahrefs_750
神保町,東京都,jinbocho,/kanda/jinbocho-station/all/,station,神田,,,900,ahrefs_900
神楽坂,東京都,kagurazaka,/iidabashi/kagurazaka-station/all/,station,四ツ谷・飯田橋・市ヶ谷,o,,2330,"in_ME,ahrefs_2330"
神田,東京都,kanda,/kanda/kanda-station-north-west/all/,top_level,神田,o,o,3620,"top_level_base,in_ME,in_MG,ahrefs_3620"
福生,東京都,haijima-福生,/haijima/fussa-station/all/,top_level,拝島・福生,,,1600,"top_level_base,ahrefs_1600"
秋津,東京都,kumegawa-秋津,/kumegawa/akitsu-station/all/,top_level,久米川・秋津,,,400,top_level_base
秋葉原,東京都,akihabara,/akihabara/akihabara-station/all/,top_level,秋葉原,o,o,18480,"top_level_base,in_ME,in_MG,ahrefs_18480"
立川,東京都,tachikawa,/tachikawa/tachikawa-station-north/all/,top_level,立川,o,,17410,"top_level_base,in_ME,ahrefs_17410"
竹ノ塚,東京都,takenozuka,/kameari/takenozuka-station/all/,station,北千住・亀有,,,1100,ahrefs_1100
笹塚,東京都,hatsudai-笹塚,/hatsudai/sasazuka-station/all/,top_level,京王線・初台・笹塚,o,o,3450,"top_level_base,in_ME,in_MG,ahrefs_3450"
経堂,東京都,kyodo,/shimokitazawa/kyodo-station/all/,station,小田急線沿線・下北沢,,,1000,ahrefs_1000
綾瀬,東京都,ayase,/kameari/ayase-station/all/,station,北千住・亀有,,,2250,ahrefs_2250
練馬,東京都,nerima-練馬,/nerima/nerima-station/all/,top_level,西武池袋線・練馬・江古田,o,o,5440,"top_level_base,in_ME,in_MG,ahrefs_5440"
聖蹟桜ヶ丘,東京都,fuchu-聖蹟桜ヶ丘,/fuchu/seisekisakuragaoka-station/all/,top_level,府中・聖蹟桜ヶ丘,,,200,top_level_base
自由が丘,東京都,jiyugaoka-自由が丘,/jiyugaoka/jiyugaoka-station/all/,top_level,自由が丘・学芸大学,o,,3810,"top_level_base,in_ME,ahrefs_3810"
茅場町,東京都,nihonbashi-茅場町,/nihonbashi/kayabacho-station/all/,top_level,日本橋・茅場町,o,,1730,"top_level_base,in_ME,ahrefs_1730"
荻窪,東京都,ogikubo-荻窪,/ogikubo/ogikubo-station/all/,top_level,荻窪・阿佐ヶ谷,o,o,6040,"top_level_base,in_ME,in_MG,ahrefs_6040"
葛西,東京都,kasai-葛西,/kasai/kasai-station/all/,top_level,葛西・西葛西,o,o,4000,"top_level_base,in_ME,in_MG,ahrefs_4000"
蒲田,東京都,kamata,/kamata/kamata-station-east/all/,top_level,蒲田,o,o,13890,"top_level_base,in_ME,in_MG,ahrefs_13890"
西八王子,東京都,nishihachioji,/hachioji/nishihachioji-station/all/,station,八王子・日野,o,,0,in_ME
西小山,東京都,nishikoyama,/meguro/nishikoyama-station/all/,station,目黒・武蔵小山,,o,0,in_MG
西新井,東京都,nishiarai,/kameari/nishiarai-station/all/,station,北千住・亀有,,,1000,ahrefs_1000
西新宿五丁目,東京都,nishishinjukugochome,/shinjuku/nishishinjukugochome-station/all/,station,新宿,o,o,750,"in_ME,in_MG,ahrefs_750"
西東京,東京都,nishitokyo-西東京,/nishitokyo/,top_level,西東京・東久留米・清瀬,,o,0,"top_level_base,in_MG"
西武新宿線,東京都,shakujii-西武新宿線,/shakujii/,top_level,西武新宿線・上石神井,o,o,0,"top_level_base,in_ME,in_MG"
西武池袋線,東京都,nerima-西武池袋線,/nerima/,top_level,西武池袋線・練馬・江古田,o,o,0,"top_level_base,in_ME,in_MG"
西荻窪,東京都,nishiogikubo,/ogikubo/nishiogikubo-station/all/,station,荻窪・阿佐ヶ谷,o,o,1040,"in_ME,in_MG,ahrefs_1040"
西葛西,東京都,kasai-西葛西,/kasai/nishikasai-station/all/,top_level,葛西・西葛西,o,o,1540,"top_level_base,in_ME,in_MG,ahrefs_1540"
調布,東京都,chofu-調布,/chofu/chofu-station/all/,top_level,調布・千歳烏山,o,,6880,"top_level_base,in_ME,ahrefs_6880"
豊洲,東京都,toyosu,/ginza/toyosu-station/all/,station,銀座,,,600,ahrefs_600
赤坂,東京都,akasaka,/akasaka/akasaka-station/all/,top_level,赤坂,o,o,5490,"top_level_base,in_ME,in_MG,ahrefs_5490"
赤羽,東京都,akabane-赤羽,/akabane/akabane-station/all/,top_level,赤羽・王子・板橋,o,o,12420,"top_level_base,in_ME,in_MG,ahrefs_12420"
赤羽橋,東京都,akabanebashi,/roppongi/akabanebashi-station/all/,station,六本木・麻布十番,o,o,0,"in_ME,in_MG"
金町,東京都,kanamachi,/kameari/kanamachi-station/all/,station,北千住・亀有,,,800,ahrefs_800
銀座,東京都,ginza,/ginza/ginza-station/all/,top_level,銀座,o,o,11300,"top_level_base,in_ME,in_MG,ahrefs_11300"
錦糸町,東京都,kinshicho-錦糸町,/kinshicho/kinshicho-station/all/,top_level,錦糸町・押上・両国,o,o,17890,"top_level_base,in_ME,in_MG,ahrefs_17890"
門前仲町,東京都,monnaka-門前仲町,/monnaka/monzennakacho-station/all/,top_level,門前仲町・東陽町,,o,4840,"top_level_base,in_MG,ahrefs_4840"
阿佐ヶ谷,東京都,ogikubo-阿佐ヶ谷,/ogikubo/asagaya-station/all/,top_level,荻窪・阿佐ヶ谷,,,1000,"top_level_base,ahrefs_1000"
飯田橋,東京都,iidabashi-飯田橋,/iidabashi/iidabashi-station/all/,top_level,四ツ谷・飯田橋・市ヶ谷,o,o,2350,"top_level_base,in_ME,in_MG,ahrefs_2350"
馬喰町,東京都,bakurocho,/nihonbashi/bakurocho-station/all/,station,日本橋・茅場町,,,600,ahrefs_600
駒込,東京都,otsuka-駒込,/otsuka/komagome-station/all/,top_level,大塚・巣鴨・駒込,,,950,"top_level_base,ahrefs_950"
高円寺,東京都,nakano-高円寺,/nakano/koenji-station/all/,top_level,中野・高円寺,,o,2650,"top_level_base,in_MG,ahrefs_2650"
高田馬場,東京都,okubo-高田馬場,/okubo/takadanobaba-station/all/,top_level,大久保・高田馬場,o,o,4320,"top_level_base,in_ME,in_MG,ahrefs_4320"
鶯谷,東京都,nippori-鶯谷,/nippori/uguisudani-station/all/,top_level,鶯谷・日暮里,o,,2850,"top_level_base,in_ME,ahrefs_2850"
鶴川,東京都,machida-鶴川,/machida/tsurukawa-station/all/,top_level,町田・鶴川,,,0,top_level_base
麻布十番,東京都,roppongi-麻布十番,/roppongi/azabujuban-station/all/,top_level,六本木・麻布十番,o,o,5130,"top_level_base,in_ME,in_MG,ahrefs_5130"
宇都宮,栃木県,tochigi-宇都宮,/tochigi/,top_level,栃木・宇都宮,o,o,21050,"top_level_base,in_ME,in_MG,ahrefs_21050"
栃木,栃木県,tochigi-栃木,/tochigi/,top_level,栃木・宇都宮,,,1510,"top_level_base,ahrefs_1510"
沖縄,沖縄県,okinawa-沖縄,/okinawa/,top_level,沖縄・那覇,,o,9440,"top_level_base,in_MG,ahrefs_9440"
那覇,沖縄県,okinawa-那覇,/okinawa/,top_level,沖縄・那覇,o,,7150,"top_level_base,in_ME,ahrefs_7150"
大津,滋賀県,shiga-大津,/shiga/,top_level,滋賀・大津,o,,600,"top_level_base,in_ME,ahrefs_600"
滋賀,滋賀県,shiga-滋賀,/shiga/,top_level,滋賀・大津,,,5440,"top_level_base,ahrefs_5440"
熊本,熊本県,kumamoto-熊本,/kumamoto/,top_level,熊本・玉名,o,o,23370,"top_level_base,in_ME,in_MG,ahrefs_23370"
玉名,熊本県,kumamoto-玉名,/kumamoto/,top_level,熊本・玉名,,,200,top_level_base
石川,石川県,ishikawa-石川,/ishikawa/,top_level,石川・金沢,,,1520,"top_level_base,ahrefs_1520"
金沢,石川県,ishikawa-金沢,/ishikawa/,top_level,石川・金沢,o,o,7080,"top_level_base,in_ME,in_MG,ahrefs_7080"
あざみ野,神奈川県,azamino,/saginuma/azamino-station/all/,station,鷺沼・たまプラーザ・青葉台,,o,1500,"in_MG,ahrefs_1500"
たまプラーザ,神奈川県,saginuma-たまプラーザ,/saginuma/tamapuraza-station/all/,top_level,鷺沼・たまプラーザ・青葉台,,,1600,"top_level_base,ahrefs_1600"
センター北,神奈川県,centerkita,/saginuma/centerkita-station/all/,station,鷺沼・たまプラーザ・青葉台,,,2200,ahrefs_2200
センター南,神奈川県,centerminami,/saginuma/centerminami-station/all/,station,鷺沼・たまプラーザ・青葉台,,o,2200,"in_MG,ahrefs_2200"
上大岡,神奈川県,kamiooka,/ofuna/kamiooka-station/all/,station,大船・戸塚,,,2800,ahrefs_2800
中央林間,神奈川県,chuorinkan,/yamato/chuorinkan-station/all/,station,大和・南林間,o,,2400,"in_ME,ahrefs_2400"
中山,神奈川県,nakayama,/shinyokohama/nakayama-station/all/,station,新横浜・菊名,,,800,ahrefs_800
二子玉川,神奈川県,futakotamagawa,/mizonokuchi/futakotamagawa-station/all/,station,溝,,,2400,ahrefs_2400
元住吉,神奈川県,motosumiyoshi,/musashikosugi/motosumiyoshi-station/all/,station,武蔵小杉・日吉,,,700,ahrefs_700
南林間,神奈川県,yamato-南林間,/yamato/minamirinkan-station/all/,top_level,大和・南林間,,,450,top_level_base
厚木,神奈川県,atsugi,/atsugi/atsugi-station/all/,station,本厚木・海老名,o,o,3400,"in_ME,in_MG,ahrefs_3400"
向ヶ丘遊園,神奈川県,noborito-向ヶ丘遊園,/noborito/mukogaokayuen-station/all/,top_level,登戸・向ヶ丘遊園,,,1150,"top_level_base,ahrefs_1150"
大和,神奈川県,yamato-大和,/yamato/yamato-station/all/,top_level,大和・南林間,o,o,2030,"top_level_base,in_ME,in_MG,ahrefs_2030"
大船,神奈川県,ofuna-大船,/ofuna/ofuna-station/all/,top_level,大船・戸塚,o,,450,"top_level_base,in_ME"
宮崎台,神奈川県,miyazakidai,/saginuma/miyazakidai-station/all/,station,鷺沼・たまプラーザ・青葉台,o,,0,in_ME
小田原,神奈川県,odawara,/odawara/odawara-station/all/,top_level,小田原,,,5750,"top_level_base,ahrefs_5750"
小田急相模原,神奈川県,sagamiono-小田急相模原,/sagamiono/odakyusagamihara-station/all/,top_level,相模大野・小田急相模原,,o,950,"top_level_base,in_MG,ahrefs_950"
川崎,神奈川県,kawasaki-川崎,/kawasaki/kawasaki-station/all/,top_level,川崎・鶴見,o,o,6860,"top_level_base,in_ME,in_MG,ahrefs_6860"
平塚,神奈川県,chigasaki-平塚,/chigasaki/hiratsuka-station/all/,top_level,茅ヶ崎・平塚,o,,2900,"top_level_base,in_ME,ahrefs_2900"
戸塚,神奈川県,ofuna-戸塚,/ofuna/totsuka-station/all/,top_level,大船・戸塚,o,o,4400,"top_level_base,in_ME,in_MG,ahrefs_4400"
新横浜,神奈川県,shinyokohama-新横浜,/shinyokohama/shinyokohama-station/all/,top_level,新横浜・菊名,o,o,10890,"top_level_base,in_ME,in_MG,ahrefs_10890"
新百合ヶ丘,神奈川県,shinyurigaoka,/noborito/shinyurigaoka-station/all/,station,登戸・向ヶ丘遊園,,,600,ahrefs_600
日吉,神奈川県,musashikosugi-日吉,/musashikosugi/hiyoshi-station/all/,top_level,武蔵小杉・日吉,,,2100,"top_level_base,ahrefs_2100"
本厚木,神奈川県,atsugi-本厚木,/atsugi/honatsugi-station/all/,top_level,本厚木・海老名,o,o,3350,"top_level_base,in_ME,in_MG,ahrefs_3350"
東戸塚,神奈川県,higashitotsuka,/ofuna/higashitotsuka-station/all/,station,大船・戸塚,o,o,0,"in_ME,in_MG"
東神奈川,神奈川県,higashikanagawa,/yokohama/higashikanagawa-station/all/,station,横浜・関内,,,4350,ahrefs_4350
桜木町,神奈川県,sakuragicho,/yokohama/sakuragicho-station/all/,station,横浜・関内,,,1150,ahrefs_1150
横浜,神奈川県,yokohama-横浜,/yokohama/yokohama-station/all/,top_level,横浜・関内,o,o,25330,"top_level_base,in_ME,in_MG,ahrefs_25330"
橋本,神奈川県,sagamihara-橋本,/sagamihara/hashimoto-station/all/,top_level,相模原・橋本,,,4240,"top_level_base,ahrefs_4240"
武蔵小杉,神奈川県,musashikosugi-武蔵小杉,/musashikosugi/musashikosugi-station/all/,top_level,武蔵小杉・日吉,o,o,5240,"top_level_base,in_ME,in_MG,ahrefs_5240"
武蔵新城,神奈川県,musashishinjo,/mizonokuchi/musashishinjo-station/all/,station,溝,,,1000,ahrefs_1000
海老名,神奈川県,atsugi-海老名,/atsugi/ebina-station/all/,top_level,本厚木・海老名,o,,800,"top_level_base,in_ME,ahrefs_800"
淵野辺,神奈川県,fuchinobe,/sagamihara/fuchinobe-station/all/,station,相模原・橋本,,,700,ahrefs_700
湘南台,神奈川県,fujisawa-湘南台,/fujisawa/shonandai-station/all/,top_level,藤沢・湘南台,o,,2100,"top_level_base,in_ME,ahrefs_2100"
溝の口,神奈川県,mizonokuchi,/mizonokuchi/mizonokuchi-station/all/,station,溝,o,o,9290,"in_ME,in_MG,ahrefs_9290"
登戸,神奈川県,noborito-登戸,/noborito/noborito-station/all/,top_level,登戸・向ヶ丘遊園,o,o,4790,"top_level_base,in_ME,in_MG,ahrefs_4790"
相模原,神奈川県,sagamihara-相模原,/sagamihara/sagamihara-station/all/,top_level,相模原・橋本,,o,5650,"top_level_base,in_MG,ahrefs_5650"
相模大塚,神奈川県,sagamiotsuka,/yamato/sagamiotsuka-station/all/,station,大和・南林間,o,,0,in_ME
相模大野,神奈川県,sagamiono-相模大野,/sagamiono/sagamiono-station/all/,top_level,相模大野・小田急相模原,,,5550,"top_level_base,ahrefs_5550"
稲田堤,神奈川県,inadazutsumi,/noborito/inadazutsumi-station/all/,station,登戸・向ヶ丘遊園,,,1000,ahrefs_1000
綱島,神奈川県,tsunashima,/musashikosugi/tsunashima-station/all/,station,武蔵小杉・日吉,,,4000,ahrefs_4000
茅ヶ崎,神奈川県,chigasaki-茅ヶ崎,/chigasaki/chigasaki-station/all/,top_level,茅ヶ崎・平塚,,,1950,"top_level_base,ahrefs_1950"
菊名,神奈川県,shinyokohama-菊名,/shinyokohama/kikuna-station/all/,top_level,新横浜・菊名,o,,750,"top_level_base,in_ME,ahrefs_750"
藤沢,神奈川県,fujisawa-藤沢,/fujisawa/fujisawa-station/all/,top_level,藤沢・湘南台,o,o,5340,"top_level_base,in_ME,in_MG,ahrefs_5340"
関内,神奈川県,yokohama-関内,/yokohama/kannai-station/all/,top_level,横浜・関内,o,o,8010,"top_level_base,in_ME,in_MG,ahrefs_8010"
青葉台,神奈川県,saginuma-青葉台,/saginuma/aobadai-station/all/,top_level,鷺沼・たまプラーザ・青葉台,,,2700,"top_level_base,ahrefs_2700"
鶴見,神奈川県,kawasaki-鶴見,/kawasaki/tsurumi-station/all/,top_level,川崎・鶴見,,,3050,"top_level_base,ahrefs_3050"
鷺沼,神奈川県,saginuma-鷺沼,/saginuma/saginuma-station/all/,top_level,鷺沼・たまプラーザ・青葉台,,,1600,"top_level_base,ahrefs_1600"
片町,福井県,fukui-片町,/fukui/,top_level,福井・片町,o,,0,"top_level_base,in_ME"
福井,福井県,fukui-福井,/fukui/,top_level,福井・片町,,,4300,"top_level_base,ahrefs_4300"
久留米,福岡県,kurume-久留米,/kurume/,top_level,久留米・筑後,o,o,14640,"top_level_base,in_ME,in_MG,ahrefs_14640"
北九州,福岡県,kitakyushu-北九州,/kitakyushu/,top_level,北九州・小倉,o,,2650,"top_level_base,in_ME,ahrefs_2650"
南小倉,福岡県,minamikokura,/kitakyushu/minamikokura-station/all/,station,北九州・小倉,,o,0,in_MG
博多,福岡県,hakata,/hakata/hakata-station/all/,top_level,博多,o,o,26750,"top_level_base,in_ME,in_MG,ahrefs_26750"
天神,福岡県,tenjin,/hakata/tenjin-station/all/,station,博多,o,,2300,"in_ME,ahrefs_2300"
小倉,福岡県,kitakyushu-小倉,/kitakyushu/kokura-station/all/,top_level,北九州・小倉,,o,19200,"top_level_base,in_MG,ahrefs_19200"
筑後,福岡県,kurume-筑後,/kurume/,top_level,久留米・筑後,o,,0,"top_level_base,in_ME"
薬院,福岡県,yakuin,/hakata/yakuin-station/all/,station,博多,o,,400,in_ME
西小倉,福岡県,nishikokura,/kitakyushu/nishikokura-station/all/,station,北九州・小倉,,o,0,in_MG
西鉄平尾,福岡県,hirao,/hakata/hirao-station/all/,station,博多,o,,0,in_ME
黒崎,福岡県,kurosaki,/kitakyushu/kurosaki-station/all/,station,北九州・小倉,,,1800,ahrefs_1800
福島,福島県,fukushima-福島,/fukushima/,top_level,福島・郡山,,o,3390,"top_level_base,in_MG,ahrefs_3390"
郡山,福島県,fukushima-郡山,/fukushima/,top_level,福島・郡山,o,,5930,"top_level_base,in_ME,ahrefs_5930"
秋田,秋田県,akita,/akita/,top_level,秋田,,,4010,"top_level_base,ahrefs_4010"
群馬,群馬県,gunma-群馬,/gunma/,top_level,群馬・高崎,,,7550,"top_level_base,ahrefs_7550"
高崎,群馬県,gunma-高崎,/gunma/,top_level,群馬・高崎,o,o,3750,"top_level_base,in_ME,in_MG,ahrefs_3750"
つくば,茨城県,tsukuba-つくば,/tsukuba/,top_level,茨城西南（つくば・土浦）,o,o,7100,"top_level_base,in_ME,in_MG,ahrefs_7100"
土浦,茨城県,tsukuba-土浦,/tsukuba/,top_level,茨城西南（つくば・土浦）,o,,1700,"top_level_base,in_ME,ahrefs_1700"
水戸,茨城県,ibaraki-水戸,/ibaraki/,top_level,茨城央北（水戸・神栖）,o,o,13300,"top_level_base,in_ME,in_MG,ahrefs_13300"
神栖,茨城県,ibaraki-神栖,/ibaraki/,top_level,茨城央北（水戸・神栖）,,,1500,"top_level_base,ahrefs_1500"
茨城央北,茨城県,ibaraki-茨城央北,/ibaraki/,top_level,茨城央北（水戸・神栖）,,,0,top_level_base
茨城西南,茨城県,tsukuba-茨城西南,/tsukuba/,top_level,茨城西南（つくば・土浦）,,,0,top_level_base
佐世保,長崎県,nagasaki-佐世保,/nagasaki/,top_level,長崎・佐世保,o,,3300,"top_level_base,in_ME,ahrefs_3300"
長崎,長崎県,nagasaki-長崎,/nagasaki/,top_level,長崎・佐世保,o,,8740,"top_level_base,in_ME,ahrefs_8740"
松本,長野県,nagano-松本,/nagano/,top_level,長野・松本,o,o,3650,"top_level_base,in_ME,in_MG,ahrefs_3650"
長野,長野県,nagano-長野,/nagano/,top_level,長野・松本,,o,5310,"top_level_base,in_MG,ahrefs_5310"
弘前,青森県,aomori-弘前,/aomori/,top_level,青森・弘前,o,,800,"top_level_base,in_ME,ahrefs_800"
青森,青森県,aomori-青森,/aomori/,top_level,青森・弘前,,,2560,"top_level_base,ahrefs_2560"
中部,静岡県,shizuoka-中部,/shizuoka/,top_level,静岡・中部,,,0,top_level_base
富士,静岡県,numazu-富士,/numazu/,top_level,沼津・富士,o,o,500,"top_level_base,in_ME,in_MG,ahrefs_500"
掛川,静岡県,hamamatsu-掛川,/hamamatsu/,top_level,浜松・掛川,o,,450,"top_level_base,in_ME"
沼津,静岡県,numazu-沼津,/numazu/,top_level,沼津・富士,o,o,3450,"top_level_base,in_ME,in_MG,ahrefs_3450"
浜松,静岡県,hamamatsu-浜松,/hamamatsu/,top_level,浜松・掛川,o,o,13340,"top_level_base,in_ME,in_MG,ahrefs_13340"
静岡,静岡県,shizuoka-静岡,/shizuoka/,top_level,静岡・中部,o,o,6600,"top_level_base,in_ME,in_MG,ahrefs_6600"
香川,香川県,kagawa-香川,/kagawa/,top_level,香川・高松,o,o,1550,"top_level_base,in_ME,in_MG,ahrefs_1550"
高松,香川県,kagawa-高松,/kagawa/,top_level,香川・高松,o,,8600,"top_level_base,in_ME,ahrefs_8600"
高知,高知県,kochi,/kochi/,top_level,高知,o,,2300,"top_level_base,in_ME,ahrefs_2300"
米子,鳥取県,tottori-米子,/tottori/,top_level,鳥取・米子,,,2000,"top_level_base,ahrefs_2000"
鳥取,鳥取県,tottori-鳥取,/tottori/,top_level,鳥取・米子,,,2300,"top_level_base,ahrefs_2300"
霧島,鹿児島県,kagoshima-霧島,/kagoshima/,top_level,鹿児島・霧島,,,1100,"top_level_base,ahrefs_1100"
鹿児島,鹿児島県,kagoshima-鹿児島,/kagoshima/,top_level,鹿児島・霧島,o,o,25460,"top_level_base,in_ME,in_MG,ahrefs_25460"
