area_name,slug,url,type,parent_slug,parent_name,has_stations
上尾・宮原,ageo,/ageo/,parent,,,yes
赤羽・王子・板橋,akabane,/akabane/,parent,,,yes
赤坂,akasaka,/akasaka/,parent,,,yes
秋葉原,akihabara,/akihabara/,parent,,,yes
秋田,akita,/akita/,parent,,,no
尼崎・西宮,amagasaki,/amagasaki/,parent,,,no
青森・弘前,aomori,/aomori/,parent,,,no
本厚木・海老名,atsugi,/atsugi/,parent,,,yes
千葉,chiba,/chiba/,parent,,,yes
茅ヶ崎・平塚,chigasaki,/chigasaki/,parent,,,yes
知多・大府・半田,chita,/chita/,parent,,,no
調布・千歳烏山,chofu,/chofu/,parent,,,yes
恵比寿・中目黒・代官山,ebisu,/ebisu/,parent,,,yes
愛媛・松山,ehime,/ehime/,parent,,,no
江坂・豊中,esaka,/esaka/,parent,,,yes
府中・聖蹟桜ヶ丘,fuchu,/fuchu/,parent,,,yes
藤沢・湘南台,fujisawa,/fujisawa/,parent,,,yes
福井・片町,fukui,/fukui/,parent,,,no
福島・郡山,fukushima,/fukushima/,parent,,,no
船橋・西船橋,funabashi,/funabashi/,parent,,,yes
岐阜・岐南・羽島,gifu,/gifu/,parent,,,no
銀座,ginza,/ginza/,parent,,,yes
五反田,gotanda,/gotanda/,parent,,,yes
群馬・高崎,gunma,/gunma/,parent,,,no
八王子・日野,hachioji,/hachioji/,parent,,,yes
拝島・福生,haijima,/haijima/,parent,,,yes
博多,hakata,/hakata/,parent,,,yes
浜松・掛川,hamamatsu,/hamamatsu/,parent,,,no
京王線・初台・笹塚,hatsudai,/hatsudai/,parent,,,yes
東大阪・八尾,higashiosaka,/higashiosaka/,parent,,,yes
姫路・明石,himeji,/himeji/,parent,,,no
広島・福山,hiroshima,/hiroshima/,parent,,,no
本町・堺筋本町,honmachi,/honmachi/,parent,,,yes
堀田・新瑞橋,horita,/horita/,parent,,,yes
星ヶ丘・藤が丘,hoshigaoka,/hoshigaoka/,parent,,,yes
茨城央北（水戸・神栖）,ibaraki,/ibaraki/,parent,,,no
市原・木更津・房総,ichihara,/ichihara/,parent,,,no
市川・本八幡,ichikawa,/ichikawa/,parent,,,yes
四ツ谷・飯田橋・市ヶ谷,iidabashi,/iidabashi/,parent,,,yes
池袋,ikebukuro,/ikebukuro/,parent,,,yes
石川・金沢,ishikawa,/ishikawa/,parent,,,no
岩手・盛岡,iwate,/iwate/,parent,,,no
自由が丘・学芸大学,jiyugaoka,/jiyugaoka/,parent,,,yes
十三・西淀川,juso,/juso/,parent,,,yes
香川・高松,kagawa,/kagawa/,parent,,,no
鹿児島・霧島,kagoshima,/kagoshima/,parent,,,no
蒲田,kamata,/kamata/,parent,,,yes
北千住・亀有,kameari,/kameari/,parent,,,yes
亀戸・小岩,kameido,/kameido/,parent,,,yes
金山・熱田,kanayama,/kanayama/,parent,,,yes
神田,kanda,/kanda/,parent,,,yes
笠寺・柴田,kasadera,/kasadera/,parent,,,yes
葛西・西葛西,kasai,/kasai/,parent,,,yes
柏・我孫子,kashiwa,/kashiwa/,parent,,,yes
川越・東松山,kawagoe,/kawagoe/,parent,,,no
川崎・鶴見,kawasaki,/kawasaki/,parent,,,yes
吉祥寺・三鷹,kichijoji,/kichijoji/,parent,,,yes
錦糸町・押上・両国,kinshicho,/kinshicho/,parent,,,yes
北九州・小倉,kitakyushu,/kitakyushu/,parent,,,yes
神戸・三宮,kobe,/kobe/,parent,,,yes
高知,kochi,/kochi/,parent,,,no
国分寺・国立,kokubunji,/kokubunji/,parent,,,yes
小牧・春日井,komaki,/komaki/,parent,,,no
越谷・春日部,koshigaya,/koshigaya/,parent,,,yes
熊谷・行田,kumagaya,/kumagaya/,parent,,,no
熊本・玉名,kumamoto,/kumamoto/,parent,,,no
久米川・秋津,kumegawa,/kumegawa/,parent,,,yes
黒川・大曽根,kurokawa,/kurokawa/,parent,,,yes
久留米・筑後,kurume,/kurume/,parent,,,no
京橋・守口,kyobashi,/kyobashi/,parent,,,yes
京都・祇園,kyoto,/kyoto/,parent,,,yes
町田・鶴川,machida,/machida/,parent,,,yes
松戸・八柱,matsudo,/matsudo/,parent,,,yes
目黒・武蔵小山,meguro,/meguro/,parent,,,yes
四日市・鈴鹿,mie,/mie/,parent,,,no
美濃・多治見・飛騨,mino,/mino/,parent,,,no
宮崎,miyazaki,/miyazaki/,parent,,,no
溝,mizonokuchi,/mizonokuchi/,parent,,,yes
門前仲町・東陽町,monnaka,/monnaka/,parent,,,yes
守山・小幡,moriyama,/moriyama/,parent,,,yes
武蔵小杉・日吉,musashikosugi,/musashikosugi/,parent,,,yes
長野・松本,nagano,/nagano/,parent,,,no
長崎・佐世保,nagasaki,/nagasaki/,parent,,,no
名古屋・名駅・納屋橋,nagoya,/nagoya/,parent,,,yes
中野・高円寺,nakano,/nakano/,parent,,,yes
奈良・生駒,nara,/nara/,parent,,,no
成田・富里,narita,/narita/,parent,,,no
西武池袋線・練馬・江古田,nerima,/nerima/,parent,,,yes
日本橋・茅場町,nihonbashi,/nihonbashi/,parent,,,yes
新潟・長岡,niigata,/niigata/,parent,,,no
鶯谷・日暮里,nippori,/nippori/,parent,,,yes
西川口・蕨,nishikawaguchi,/nishikawaguchi/,parent,,,yes
西中島・新大阪,nishinakajima,/nishinakajima/,parent,,,yes
西東京・東久留米・清瀬,nishitokyo,/nishitokyo/,parent,,,yes
登戸・向ヶ丘遊園,noborito,/noborito/,parent,,,yes
沼津・富士,numazu,/numazu/,parent,,,no
小田原,odawara,/odawara/,parent,,,yes
大船・戸塚,ofuna,/ofuna/,parent,,,yes
大垣・瑞穂,ogaki,/ogaki/,parent,,,no
荻窪・阿佐ヶ谷,ogikubo,/ogikubo/,parent,,,yes
大分,oita,/oita/,parent,,,no
岡山・倉敷,okayama,/okayama/,parent,,,no
沖縄・那覇,okinawa,/okinawa/,parent,,,no
大久保・高田馬場,okubo,/okubo/,parent,,,yes
大宮・さいたま,omiya,/omiya/,parent,,,yes
東武東上線・大山・下赤塚,ooyama,/ooyama/,parent,,,yes
大阪キタ・梅田,osakakita,/osakakita/,parent,,,yes
難波・日本橋,osakaminami,/osakaminami/,parent,,,yes
小田井・比良,otai,/otai/,parent,,,yes
大塚・巣鴨・駒込,otsuka,/otsuka/,parent,,,yes
尾張・一宮,owari,/owari/,parent,,,no
六本木・麻布十番,roppongi,/roppongi/,parent,,,yes
佐賀・小城,saga,/saga/,parent,,,no
相模原・橋本,sagamihara,/sagamihara/,parent,,,yes
相模大野・小田急相模原,sagamiono,/sagamiono/,parent,,,yes
鷺沼・たまプラーザ・青葉台,saginuma,/saginuma/,parent,,,yes
栄,sakae,/sakae/,parent,,,yes
堺・南大阪,sakai,/sakai/,parent,,,yes
三軒茶屋,sangenjaya,/sangenjaya/,parent,,,yes
北海道・札幌（すすき,sapporo,/sapporo/,parent,,,no
宮城・仙台,sendai,/sendai/,parent,,,no
西武新宿線・上石神井,shakujii,/shakujii/,parent,,,yes
渋谷・代々木・原宿,shibuya,/shibuya/,parent,,,yes
滋賀・大津,shiga,/shiga/,parent,,,no
志木・みずほ台,shiki,/shiki/,parent,,,yes
島根・松江,shimane,/shimane/,parent,,,no
小田急線沿線・下北沢,shimokitazawa,/shimokitazawa/,parent,,,yes
品川・田町・浜松町,shinagawa,/shinagawa/,parent,,,yes
新橋,shinbashi,/shinbashi/,parent,,,yes
新宿,shinjuku,/shinjuku/,parent,,,yes
心斎橋,shinsaibashi,/shinsaibashi/,parent,,,yes
新栄町・千種・今池,shinsakae,/shinsakae/,parent,,,yes
新横浜・菊名,shinyokohama,/shinyokohama/,parent,,,yes
静岡・中部,shizuoka,/shizuoka/,parent,,,no
名古屋・昭和区・天白区,showa,/showa/,parent,,,yes
草加・谷塚,souka,/souka/,parent,,,yes
水道橋・御茶ノ水,suidobashi,/suidobashi/,parent,,,yes
立川,tachikawa,/tachikawa/,parent,,,yes
谷町九丁目,tanikyu,/tanikyu/,parent,,,yes
天満・南森町,tenma,/tenma/,parent,,,yes
栃木・宇都宮,tochigi,/tochigi/,parent,,,no
東海通・高畑,tokaidori,/tokaidori/,parent,,,yes
所沢・入間,tokorozawa,/tokorozawa/,parent,,,yes
徳島,tokushima,/tokushima/,parent,,,no
東京・八重洲,tokyo,/tokyo/,parent,,,yes
鳥取・米子,tottori,/tottori/,parent,,,no
富山・高岡,toyama,/toyama/,parent,,,no
東三河・豊橋・豊川,toyohashi,/toyohashi/,parent,,,no
西三河・豊田・岡崎,toyota,/toyota/,parent,,,no
津・松阪・南部,tsu,/tsu/,parent,,,no
津田沼・習志野,tsudanuma,/tsudanuma/,parent,,,yes
茨城西南（つくば・土浦）,tsukuba,/tsukuba/,parent,,,no
大須・鶴舞,tsurumai,/tsurumai/,parent,,,yes
上野・浅草・御徒町,ueno,/ueno/,parent,,,yes
浦和・武蔵浦和,urawa,/urawa/,parent,,,yes
浦安・行徳,urayasu,/urayasu/,parent,,,yes
和歌山,wakayama,/wakayama/,parent,,,no
八千代・四街道・佐倉,yachiyo,/yachiyo/,parent,,,no
山形・米沢,yamagata,/yamagata/,parent,,,no
山口・下関,yamaguchi,/yamaguchi/,parent,,,no
山梨・甲府,yamanashi,/yamanashi/,parent,,,no
大和・南林間,yamato,/yamato/,parent,,,yes
横浜・関内,yokohama,/yokohama/,parent,,,yes
上尾駅,,/ageo/ageo-station/all/,station,ageo,上尾・宮原,
北上尾駅,,/ageo/kitaageo-station/all/,station,ageo,上尾・宮原,
鴻巣駅,,/ageo/konosu-station/all/,station,ageo,上尾・宮原,
宮原駅,,/ageo/miyahara-station/all/,station,ageo,上尾・宮原,
桶川駅,,/ageo/okegawa-station/all/,station,ageo,上尾・宮原,
吹上駅,,/ageo/saitama-fukiage-station/all/,station,ageo,上尾・宮原,
赤羽駅,,/akabane/akabane-station/all/,station,akabane,赤羽・王子・板橋,
蓮根駅,,/akabane/hasune-station/all/,station,akabane,赤羽・王子・板橋,
十条駅・東十条駅,,/akabane/higashijujo-station/all/,station,akabane,赤羽・王子・板橋,
板橋駅,,/akabane/itabashi-station/all/,station,akabane,赤羽・王子・板橋,
板橋本町駅,,/akabane/itabashihoncho-station/all/,station,akabane,赤羽・王子・板橋,
上中里駅,,/akabane/kaminakazato-station/all/,station,akabane,赤羽・王子・板橋,
王子駅,,/akabane/oji-station/all/,station,akabane,赤羽・王子・板橋,
下板橋駅,,/akabane/shimoitabashi-station/all/,station,akabane,赤羽・王子・板橋,
新板橋駅,,/akabane/shinitabashi-station/all/,station,akabane,赤羽・王子・板橋,
高島平駅,,/akabane/takashimadaira-station/all/,station,akabane,赤羽・王子・板橋,
浮間舟渡駅,,/akabane/ukimafunado-station/all/,station,akabane,赤羽・王子・板橋,
赤坂駅・赤坂見附駅,,/akasaka/akasaka-station/all/,station,akasaka,赤坂,
溜池山王駅,,/akasaka/tameikesanno-station/all/,station,akasaka,赤坂,
秋葉原駅・末広町駅,,/akihabara/akihabara-station/all/,station,akihabara,秋葉原,
浅草橋駅,,/akihabara/asakusabashi-station/all/,station,akihabara,秋葉原,
厚木駅,,/atsugi/atsugi-station/all/,station,atsugi,本厚木・海老名,
海老名駅,,/atsugi/ebina-station/all/,station,atsugi,本厚木・海老名,
本厚木駅,,/atsugi/honatsugi-station/all/,station,atsugi,本厚木・海老名,
かしわ台駅,,/atsugi/kashiwadai-station/all/,station,atsugi,本厚木・海老名,
鶴巻温泉駅,,/atsugi/tsurumakionsen-station/all/,station,atsugi,本厚木・海老名,
千葉駅・栄町駅,,/chiba/chiba-station/all/,station,chiba,千葉,
千葉中央駅・葭川公園駅,,/chiba/chibachuo-station/all/,station,chiba,千葉,
東千葉駅,,/chiba/higashichiba-station/all/,station,chiba,千葉,
本千葉駅・県庁前駅,,/chiba/honchiba-station/all/,station,chiba,千葉,
稲毛駅,,/chiba/inage-station/all/,station,chiba,千葉,
幕張駅・幕張本郷駅,,/chiba/makuhari-station/all/,station,chiba,千葉,
西千葉駅,,/chiba/nishichiba-station/all/,station,chiba,千葉,
大森台駅,,/chiba/omoridai-station/all/,station,chiba,千葉,
検見川駅・新検見川駅,,/chiba/shinkemigawa-station/all/,station,chiba,千葉,
蘇我駅,,/chiba/soga-station/all/,station,chiba,千葉,
都賀駅,,/chiba/tsuga-station/all/,station,chiba,千葉,
茅ヶ崎駅,,/chigasaki/chigasaki-station/all/,station,chigasaki,茅ヶ崎・平塚,
平塚駅,,/chigasaki/hiratsuka-station/all/,station,chigasaki,茅ヶ崎・平塚,
千歳烏山駅,,/chofu/chitosekarasuyama-station/all/,station,chofu,調布・千歳烏山,
調布駅,,/chofu/chofu-station/all/,station,chofu,調布・千歳烏山,
仙川駅,,/chofu/senkawa-station/all/,station,chofu,調布・千歳烏山,
つつじヶ丘駅,,/chofu/tsutsujigaoka-station/all/,station,chofu,調布・千歳烏山,
代官山駅,,/ebisu/daikanyama-station/all/,station,ebisu,恵比寿・中目黒・代官山,
恵比寿駅,,/ebisu/ebisu-station/all/,station,ebisu,恵比寿・中目黒・代官山,
広尾駅,,/ebisu/hiroo-station/all/,station,ebisu,恵比寿・中目黒・代官山,
中目黒駅,,/ebisu/nakameguro-station/all/,station,ebisu,恵比寿・中目黒・代官山,
江坂駅,,/esaka/esaka-station/all/,station,esaka,江坂・豊中,
分倍河原駅,,/fuchu/bubaigawara-station/all/,station,fuchu,府中・聖蹟桜ヶ丘,
府中駅,,/fuchu/fuchu-station/all/,station,fuchu,府中・聖蹟桜ヶ丘,
永山駅,,/fuchu/nagayama-station/all/,station,fuchu,府中・聖蹟桜ヶ丘,
聖蹟桜ヶ丘駅,,/fuchu/seisekisakuragaoka-station/all/,station,fuchu,府中・聖蹟桜ヶ丘,
多摩センター駅,,/fuchu/tamacenter-station/all/,station,fuchu,府中・聖蹟桜ヶ丘,
長後駅,,/fujisawa/chogo-station/all/,station,fujisawa,藤沢・湘南台,
藤沢駅,,/fujisawa/fujisawa-station/all/,station,fujisawa,藤沢・湘南台,
湘南台駅,,/fujisawa/shonandai-station/all/,station,fujisawa,藤沢・湘南台,
辻堂駅,,/fujisawa/tsujido-station/all/,station,fujisawa,藤沢・湘南台,
原木中山駅,,/funabashi/barakinakayama-station/all/,station,funabashi,船橋・西船橋,
船橋駅・京成船橋駅,,/funabashi/funabashi-station/all/,station,funabashi,船橋・西船橋,
西船橋駅,,/funabashi/nishifunabashi-station/all/,station,funabashi,船橋・西船橋,
新船橋駅,,/funabashi/shinfunabashi-station/all/,station,funabashi,船橋・西船橋,
銀座駅・東銀座駅,,/ginza/ginza-station/all/,station,ginza,銀座,
新富町駅・築地駅,,/ginza/shintomicho-station/all/,station,ginza,銀座,
豊洲駅,,/ginza/toyosu-station/all/,station,ginza,銀座,
月島駅,,/ginza/tsukishima-station/all/,station,ginza,銀座,
五反田駅東口,,/gotanda/gotanda-station-east/all/,station,gotanda,五反田,
五反田駅西口,,/gotanda/gotanda-station-west/all/,station,gotanda,五反田,
旗の台駅,,/gotanda/hatanodai-station/all/,station,gotanda,五反田,
大崎駅,,/gotanda/osaki-station/all/,station,gotanda,五反田,
八王子駅,,/hachioji/hachioji-station/all/,station,hachioji,八王子・日野,
西八王子駅,,/hachioji/nishihachioji-station/all/,station,hachioji,八王子・日野,
豊田駅,,/hachioji/toyoda-station/all/,station,hachioji,八王子・日野,
昭島駅,,/haijima/akishima-station/all/,station,haijima,拝島・福生,
福生駅,,/haijima/fussa-station/all/,station,haijima,拝島・福生,
拝島駅,,/haijima/haijima-station/all/,station,haijima,拝島・福生,
羽村駅,,/haijima/hamura-station/all/,station,haijima,拝島・福生,
東青梅駅,,/haijima/higashioume-station/all/,station,haijima,拝島・福生,
河辺駅,,/haijima/kabe-station/all/,station,haijima,拝島・福生,
小作駅,,/haijima/ozaku-station/all/,station,haijima,拝島・福生,
赤坂駅,,/hakata/akasaka-station/all/,station,hakata,博多,
博多駅・祇園駅（住吉）,,/hakata/hakata-station/all/,station,hakata,博多,
西鉄平尾駅,,/hakata/hirao-station/all/,station,hakata,博多,
香椎駅,,/hakata/kashii-station/all/,station,hakata,博多,
櫛田神社前駅,,/hakata/kushidajinjamae-station/all/,station,hakata,博多,
中洲川端駅（中洲）,,/hakata/nakasu-station/all/,station,hakata,博多,
大橋駅,,/hakata/ohashi-station/all/,station,hakata,博多,
大濠公園駅,,/hakata/ohorikoen-station/all/,station,hakata,博多,
竹下駅,,/hakata/takeshita-station/all/,station,hakata,博多,
天神駅・天神南駅,,/hakata/tenjin-station/all/,station,hakata,博多,
薬院駅・渡辺通駅,,/hakata/yakuin-station/all/,station,hakata,博多,
吉塚駅,,/hakata/yoshiduka-station/all/,station,hakata,博多,
代田橋駅,,/hatsudai/daitabashi-station/all/,station,hatsudai,京王線・初台・笹塚,
幡ヶ谷駅,,/hatsudai/hatagaya-station/all/,station,hatsudai,京王線・初台・笹塚,
初台駅,,/hatsudai/hatsudai-station/all/,station,hatsudai,京王線・初台・笹塚,
明大前駅,,/hatsudai/meidaimae-station/all/,station,hatsudai,京王線・初台・笹塚,
桜上水駅,,/hatsudai/sakurajosui-station/all/,station,hatsudai,京王線・初台・笹塚,
笹塚駅,,/hatsudai/sasazuka-station/all/,station,hatsudai,京王線・初台・笹塚,
下高井戸駅,,/hatsudai/shimotakaido-station/all/,station,hatsudai,京王線・初台・笹塚,
荒本駅,,/higashiosaka/aramoto-station/all/,station,higashiosaka,東大阪・八尾,
布施駅,,/higashiosaka/fuse-station/all/,station,higashiosaka,東大阪・八尾,
近鉄八尾駅,,/higashiosaka/kintetsuyao-station/all/,station,higashiosaka,東大阪・八尾,
高井田駅・高井田中央駅,,/higashiosaka/takaida-station/all/,station,higashiosaka,東大阪・八尾,
八尾駅,,/higashiosaka/yao-station/all/,station,higashiosaka,東大阪・八尾,
本町駅,,/honmachi/honmachi-station/all/,station,honmachi,本町・堺筋本町,
堺筋本町駅,,/honmachi/sakaisujihonmachi-station/all/,station,honmachi,本町・堺筋本町,
相生山駅,,/horita/aioiyama-station/all/,station,horita,堀田・新瑞橋,
新瑞橋駅,,/horita/aratamabashi-station/all/,station,horita,堀田・新瑞橋,
堀田駅,,/horita/horita-station/all/,station,horita,堀田・新瑞橋,
神沢駅,,/horita/kamisawa-station/all/,station,horita,堀田・新瑞橋,
瑞穂運動場東駅,,/horita/mizuhoundojohigashi-station/all/,station,horita,堀田・新瑞橋,
瑞穂運動場西駅,,/horita/mizuhoundojonishi-station/all/,station,horita,堀田・新瑞橋,
野並駅,,/horita/nonami-station/all/,station,horita,堀田・新瑞橋,
桜山駅,,/horita/sakurayama-station/all/,station,horita,堀田・新瑞橋,
徳重駅,,/horita/tokushige-station/all/,station,horita,堀田・新瑞橋,
鶴里駅,,/horita/tsurusato-station/all/,station,horita,堀田・新瑞橋,
藤が丘駅,,/hoshigaoka/fujigaoka-station/all/,station,hoshigaoka,星ヶ丘・藤が丘,
本郷駅,,/hoshigaoka/hongo-station/all/,station,hoshigaoka,星ヶ丘・藤が丘,
星ヶ丘駅,,/hoshigaoka/hoshigaoka-station/all/,station,hoshigaoka,星ヶ丘・藤が丘,
一社駅,,/hoshigaoka/issha-station/all/,station,hoshigaoka,星ヶ丘・藤が丘,
上社駅,,/hoshigaoka/kamiyashiro-station/all/,station,hoshigaoka,星ヶ丘・藤が丘,
市川駅,,/ichikawa/ichikawa-station/all/,station,ichikawa,市川・本八幡,
本八幡駅・京成八幡駅,,/ichikawa/motoyawata-station/all/,station,ichikawa,市川・本八幡,
曙橋駅,,/iidabashi/akebonobashi-station/all/,station,iidabashi,四ツ谷・飯田橋・市ヶ谷,
市ヶ谷駅,,/iidabashi/ichigaya-station/all/,station,iidabashi,四ツ谷・飯田橋・市ヶ谷,
飯田橋駅,,/iidabashi/iidabashi-station/all/,station,iidabashi,四ツ谷・飯田橋・市ヶ谷,
神楽坂駅・牛込神楽坂駅,,/iidabashi/kagurazaka-station/all/,station,iidabashi,四ツ谷・飯田橋・市ヶ谷,
麹町駅,,/iidabashi/kojimachi-station/all/,station,iidabashi,四ツ谷・飯田橋・市ヶ谷,
九段下駅,,/iidabashi/kudanshita-station/all/,station,iidabashi,四ツ谷・飯田橋・市ヶ谷,
牛込柳町駅,,/iidabashi/ushigomeyanagicho-station/all/,station,iidabashi,四ツ谷・飯田橋・市ヶ谷,
四ツ谷駅,,/iidabashi/yotsuya-station/all/,station,iidabashi,四ツ谷・飯田橋・市ヶ谷,
四谷三丁目駅,,/iidabashi/yotsuyasanchome-station/all/,station,iidabashi,四ツ谷・飯田橋・市ヶ谷,
池袋駅東口・東池袋駅,,/ikebukuro/ikebukuro-station-east/all/,station,ikebukuro,池袋,
池袋駅北口,,/ikebukuro/ikebukuro-station-north/all/,station,ikebukuro,池袋,
池袋駅南口,,/ikebukuro/ikebukuro-station-south/all/,station,ikebukuro,池袋,
池袋駅西口,,/ikebukuro/ikebukuro-station-west/all/,station,ikebukuro,池袋,
要町駅,,/ikebukuro/kanamecho-station/all/,station,ikebukuro,池袋,
小竹向原駅,,/ikebukuro/kotakemukaihara-station/all/,station,ikebukuro,池袋,
目白駅,,/ikebukuro/mejiro-station/all/,station,ikebukuro,池袋,
千川駅,,/ikebukuro/senkawa-station/all/,station,ikebukuro,池袋,
椎名町駅,,/ikebukuro/shiinamachi-station/all/,station,ikebukuro,池袋,
田園調布駅,,/jiyugaoka/denenchofu-station/all/,station,jiyugaoka,自由が丘・学芸大学,
学芸大学駅,,/jiyugaoka/gakugeidaigaku-station/all/,station,jiyugaoka,自由が丘・学芸大学,
自由が丘駅,,/jiyugaoka/jiyugaoka-station/all/,station,jiyugaoka,自由が丘・学芸大学,
奥沢駅,,/jiyugaoka/okusawa-station/all/,station,jiyugaoka,自由が丘・学芸大学,
等々力駅,,/jiyugaoka/todoroki-station/all/,station,jiyugaoka,自由が丘・学芸大学,
都立大学駅,,/jiyugaoka/toritsudaigaku-station/all/,station,jiyugaoka,自由が丘・学芸大学,
祐天寺駅,,/jiyugaoka/yutenji-station/all/,station,jiyugaoka,自由が丘・学芸大学,
十三駅,,/juso/juso-station/all/,station,juso,十三・西淀川,
三国駅,,/juso/mikuni-station/all/,station,juso,十三・西淀川,
青物横丁駅,,/kamata/aomonoyokocho-station/all/,station,kamata,蒲田,
蒲田駅東口・京急蒲田駅,,/kamata/kamata-station-east/all/,station,kamata,蒲田,
蒲田駅西口,,/kamata/kamata-station-west/all/,station,kamata,蒲田,
大井町駅,,/kamata/oimachi-station/all/,station,kamata,蒲田,
大森駅,,/kamata/omori-station/all/,station,kamata,蒲田,
大森海岸駅,,/kamata/omorikaigan-station/all/,station,kamata,蒲田,
青砥駅,,/kameari/aoto-station/all/,station,kameari,北千住・亀有,
綾瀬駅,,/kameari/ayase-station/all/,station,kameari,北千住・亀有,
五反野駅,,/kameari/gotanno-station/all/,station,kameari,北千住・亀有,
堀切菖蒲園駅,,/kameari/horikirishobuen-station/all/,station,kameari,北千住・亀有,
亀有駅,,/kameari/kameari-station/all/,station,kameari,北千住・亀有,
金町駅,,/kameari/kanamachi-station/all/,station,kameari,北千住・亀有,
北綾瀬駅,,/kameari/kitaayase-station/all/,station,kameari,北千住・亀有,
北千住駅,,/kameari/kitasenju-station/all/,station,kameari,北千住・亀有,
南千住駅,,/kameari/minamisenju-station/all/,station,kameari,北千住・亀有,
西新井駅,,/kameari/nishiarai-station/all/,station,kameari,北千住・亀有,
竹ノ塚駅,,/kameari/takenozuka-station/all/,station,kameari,北千住・亀有,
平井駅,,/kameido/hirai-station/all/,station,kameido,亀戸・小岩,
亀戸駅,,/kameido/kameido-station/all/,station,kameido,亀戸・小岩,
小岩駅,,/kameido/koiwa-station/all/,station,kameido,亀戸・小岩,
西大島駅,,/kameido/nishiojima-station/all/,station,kameido,亀戸・小岩,
大島駅,,/kameido/ojima-station/all/,station,kameido,亀戸・小岩,
新小岩駅,,/kameido/shinkoiwa-station/all/,station,kameido,亀戸・小岩,
日比野駅,,/kanayama/hibino-station/all/,station,kanayama,金山・熱田,
東別院駅,,/kanayama/higashibetsuin-station/all/,station,kanayama,金山・熱田,
金山駅,,/kanayama/kanayama-station/all/,station,kanayama,金山・熱田,
尾頭橋駅,,/kanayama/otobashi-station/all/,station,kanayama,金山・熱田,
神保町駅,,/kanda/jinbocho-station/all/,station,kanda,神田,
神田駅北口・西口,,/kanda/kanda-station-north-west/all/,station,kanda,神田,
神田駅南口・東口,,/kanda/kanda-station-south-east/all/,station,kanda,神田,
小川町駅・淡路町駅,,/kanda/ogawacho-station/all/,station,kanda,神田,
有松駅,,/kasadera/arimatsu-station/all/,station,kasadera,笠寺・柴田,
中京競馬場前駅,,/kasadera/chukyokeibajomae-station/all/,station,kasadera,笠寺・柴田,
道徳駅,,/kasadera/dotoku-station/all/,station,kasadera,笠寺・柴田,
笠寺駅・本笠寺駅,,/kasadera/kasadera-station/all/,station,kasadera,笠寺・柴田,
本星崎駅,,/kasadera/motohoshizaki-station/all/,station,kasadera,笠寺・柴田,
鳴海駅,,/kasadera/narumi-station/all/,station,kasadera,笠寺・柴田,
大高駅,,/kasadera/odaka-station/all/,station,kasadera,笠寺・柴田,
大江駅,,/kasadera/oe-station/all/,station,kasadera,笠寺・柴田,
左京山駅,,/kasadera/sakyoyama-station/all/,station,kasadera,笠寺・柴田,
柴田駅,,/kasadera/shibata-station/all/,station,kasadera,笠寺・柴田,
船堀駅,,/kasai/funabori-station/all/,station,kasai,葛西・西葛西,
葛西駅,,/kasai/kasai-station/all/,station,kasai,葛西・西葛西,
瑞江駅,,/kasai/mizue-station/all/,station,kasai,葛西・西葛西,
西葛西駅,,/kasai/nishikasai-station/all/,station,kasai,葛西・西葛西,
篠崎駅,,/kasai/shinozaki-station/all/,station,kasai,葛西・西葛西,
我孫子駅,,/kashiwa/abiko-station/all/,station,kashiwa,柏・我孫子,
柏駅,,/kashiwa/kashiwa-station/all/,station,kashiwa,柏・我孫子,
南柏駅,,/kashiwa/minamikashiwa-station/all/,station,kashiwa,柏・我孫子,
天王台駅,,/kashiwa/tennodai-station/all/,station,kashiwa,柏・我孫子,
鹿島田駅,,/kawasaki/kashimada-station/all/,station,kawasaki,川崎・鶴見,
川崎駅,,/kawasaki/kawasaki-station/all/,station,kawasaki,川崎・鶴見,
鶴見駅・京急鶴見駅,,/kawasaki/tsurumi-station/all/,station,kawasaki,川崎・鶴見,
矢向駅,,/kawasaki/yako-station/all/,station,kawasaki,川崎・鶴見,
東小金井駅,,/kichijoji/higashikoganei-station/all/,station,kichijoji,吉祥寺・三鷹,
吉祥寺駅,,/kichijoji/kichijoji-station/all/,station,kichijoji,吉祥寺・三鷹,
三鷹駅,,/kichijoji/mitaka-station/all/,station,kichijoji,吉祥寺・三鷹,
武蔵小金井駅,,/kichijoji/musashikoganei-station/all/,station,kichijoji,吉祥寺・三鷹,
武蔵境駅,,/kichijoji/musashisakai-station/all/,station,kichijoji,吉祥寺・三鷹,
本所吾妻橋駅,,/kinshicho/honjoazumabashi-station/all/,station,kinshicho,錦糸町・押上・両国,
錦糸町駅,,/kinshicho/kinshicho-station/all/,station,kinshicho,錦糸町・押上・両国,
森下駅,,/kinshicho/morishita-station/all/,station,kinshicho,錦糸町・押上・両国,
押上駅,,/kinshicho/oshiage-station/all/,station,kinshicho,錦糸町・押上・両国,
両国駅,,/kinshicho/ryogoku-station/all/,station,kinshicho,錦糸町・押上・両国,
平和通駅,,/kitakyushu/heiwadori-station/all/,station,kitakyushu,北九州・小倉,
飯塚駅,,/kitakyushu/iizuka-station/all/,station,kitakyushu,北九州・小倉,
片野駅,,/kitakyushu/katano-station/all/,station,kitakyushu,北九州・小倉,
香春口三萩野駅,,/kitakyushu/kawaraguchimihagino-station/all/,station,kitakyushu,北九州・小倉,
小倉駅,,/kitakyushu/kokura-station/all/,station,kitakyushu,北九州・小倉,
黒崎駅,,/kitakyushu/kurosaki-station/all/,station,kitakyushu,北九州・小倉,
南小倉駅,,/kitakyushu/minamikokura-station/all/,station,kitakyushu,北九州・小倉,
西小倉駅,,/kitakyushu/nishikokura-station/all/,station,kitakyushu,北九州・小倉,
旦過駅,,/kitakyushu/tanga-station/all/,station,kitakyushu,北九州・小倉,
神戸駅・三宮駅・元町駅,,/kobe/kobe-station/all/,station,kobe,神戸・三宮,
西元町駅,,/kobe/nishimotomachi-station/all/,station,kobe,神戸・三宮,
新長田駅,,/kobe/shinnagata-station/all/,station,kobe,神戸・三宮,
垂水駅,,/kobe/tarumi-station/all/,station,kobe,神戸・三宮,
国分寺駅,,/kokubunji/kokubunji-station/all/,station,kokubunji,国分寺・国立,
国立駅,,/kokubunji/kunitachi-station/all/,station,kokubunji,国分寺・国立,
西国分寺駅,,/kokubunji/nishikokubunji-station/all/,station,kokubunji,国分寺・国立,
蒲生駅,,/koshigaya/gamou-station/all/,station,koshigaya,越谷・春日部,
春日部駅,,/koshigaya/kasukabe-station/all/,station,koshigaya,越谷・春日部,
北越谷駅,,/koshigaya/kitakoshigaya-station/all/,station,koshigaya,越谷・春日部,
越谷駅,,/koshigaya/koshigaya-station/all/,station,koshigaya,越谷・春日部,
せんげん台駅,,/koshigaya/sengendai-station/all/,station,koshigaya,越谷・春日部,
新越谷駅・南越谷駅,,/koshigaya/shinkoshigaya-station/all/,station,koshigaya,越谷・春日部,
秋津駅・新秋津駅,,/kumegawa/akitsu-station/all/,station,kumegawa,久米川・秋津,
花小金井駅,,/kumegawa/hanakoganei-station/all/,station,kumegawa,久米川・秋津,
東村山駅,,/kumegawa/higashimurayama-station/all/,station,kumegawa,久米川・秋津,
一橋学園駅,,/kumegawa/hitotsubashigakuen-station/all/,station,kumegawa,久米川・秋津,
久米川駅,,/kumegawa/kumegawa-station/all/,station,kumegawa,久米川・秋津,
茶屋ヶ坂駅,,/kurokawa/chayagasaka-station/all/,station,kurokawa,黒川・大曽根,
平安通駅,,/kurokawa/heiandori-station/all/,station,kurokawa,黒川・大曽根,
上飯田駅,,/kurokawa/kamiida-station/all/,station,kurokawa,黒川・大曽根,
黒川駅,,/kurokawa/kurokawa-station/all/,station,kurokawa,黒川・大曽根,
大曽根駅,,/kurokawa/ozone-station/all/,station,kurokawa,黒川・大曽根,
志賀本通駅,,/kurokawa/shigahondori-station/all/,station,kurokawa,黒川・大曽根,
土居駅,,/kyobashi/doi-station/all/,station,kyobashi,京橋・守口,
京橋駅,,/kyobashi/kyobashi-station/all/,station,kyobashi,京橋・守口,
守口駅,,/kyobashi/moriguchi-station/all/,station,kyobashi,京橋・守口,
守口市駅,,/kyobashi/moriguchishi-station/all/,station,kyobashi,京橋・守口,
祇園四条駅,,/kyoto/gionshijo-station/all/,station,kyoto,京都・祇園,
五条駅,,/kyoto/gojo-station/all/,station,kyoto,京都・祇園,
今出川駅,,/kyoto/imadegawa-station/all/,station,kyoto,京都・祇園,
烏丸御池駅,,/kyoto/karasumaoike-station/all/,station,kyoto,京都・祇園,
京都河原町駅,,/kyoto/kawaramachi-station/all/,station,kyoto,京都・祇園,
京都駅,,/kyoto/kyoto-station/all/,station,kyoto,京都・祇園,
丸太町駅,,/kyoto/marutamachi-station/all/,station,kyoto,京都・祇園,
椥辻駅,,/kyoto/nagitsuji-station/all/,station,kyoto,京都・祇園,
二条駅,,/kyoto/nijo-station/all/,station,kyoto,京都・祇園,
西大路駅,,/kyoto/nishioji-station/all/,station,kyoto,京都・祇園,
大宮駅・四条大宮駅,,/kyoto/omiya-station/all/,station,kyoto,京都・祇園,
西院駅,,/kyoto/saiin-station/all/,station,kyoto,京都・祇園,
三条駅・京都市役所前駅,,/kyoto/sanjo-station/all/,station,kyoto,京都・祇園,
七条駅,,/kyoto/shichijo-station/all/,station,kyoto,京都・祇園,
四条駅・烏丸駅,,/kyoto/shijo-station/all/,station,kyoto,京都・祇園,
東福寺駅,,/kyoto/tofukuji-station/all/,station,kyoto,京都・祇園,
町田駅,,/machida/machida-station/all/,station,machida,町田・鶴川,
鶴川駅,,/machida/tsurukawa-station/all/,station,machida,町田・鶴川,
五香駅,,/matsudo/goko-station/all/,station,matsudo,松戸・八柱,
東松戸駅,,/matsudo/higashimatsudo-station/all/,station,matsudo,松戸・八柱,
北小金駅,,/matsudo/kitakogane-station/all/,station,matsudo,松戸・八柱,
北松戸駅,,/matsudo/kitamatsudo-station/all/,station,matsudo,松戸・八柱,
松戸駅,,/matsudo/matsudo-station/all/,station,matsudo,松戸・八柱,
新松戸駅,,/matsudo/shinmatsudo-station/all/,station,matsudo,松戸・八柱,
八柱駅・新八柱駅,,/matsudo/yabashira-station/all/,station,matsudo,松戸・八柱,
不動前駅,,/meguro/fudomae-station/all/,station,meguro,目黒・武蔵小山,
目黒駅,,/meguro/meguro-station/all/,station,meguro,目黒・武蔵小山,
武蔵小山駅,,/meguro/musashikoyama-station/all/,station,meguro,目黒・武蔵小山,
西小山駅,,/meguro/nishikoyama-station/all/,station,meguro,目黒・武蔵小山,
二子新地駅,,/mizonokuchi/futakoshinchi-station/all/,station,mizonokuchi,溝,
二子玉川駅,,/mizonokuchi/futakotamagawa-station/all/,station,mizonokuchi,溝,
溝の口駅,,/mizonokuchi/mizonokuchi-station/all/,station,mizonokuchi,溝,
武蔵新城駅,,/mizonokuchi/musashishinjo-station/all/,station,mizonokuchi,溝,
木場駅,,/monnaka/kiba-station/all/,station,monnaka,門前仲町・東陽町,
門前仲町駅,,/monnaka/monzennakacho-station/all/,station,monnaka,門前仲町・東陽町,
東陽町駅,,/monnaka/toyocho-station/all/,station,monnaka,門前仲町・東陽町,
印場駅,,/moriyama/inba-station/all/,station,moriyama,守山・小幡,
喜多山駅,,/moriyama/kitayama-station/all/,station,moriyama,守山・小幡,
小幡駅,,/moriyama/obata-station/all/,station,moriyama,守山・小幡,
大森・金城学院前駅,,/moriyama/omorikinjogakuinmae-station/all/,station,moriyama,守山・小幡,
新守山駅,,/moriyama/shinmoriyama-station/all/,station,moriyama,守山・小幡,
日吉駅,,/musashikosugi/hiyoshi-station/all/,station,musashikosugi,武蔵小杉・日吉,
元住吉駅,,/musashikosugi/motosumiyoshi-station/all/,station,musashikosugi,武蔵小杉・日吉,
武蔵小杉駅・新丸子駅,,/musashikosugi/musashikosugi-station/all/,station,musashikosugi,武蔵小杉・日吉,
綱島駅,,/musashikosugi/tsunashima-station/all/,station,musashikosugi,武蔵小杉・日吉,
八田駅,,/nagoya/hatta-station/all/,station,nagoya,名古屋・名駅・納屋橋,
本陣駅,,/nagoya/honjin-station/all/,station,nagoya,名古屋・名駅・納屋橋,
岩塚駅,,/nagoya/iwatsuka-station/all/,station,nagoya,名古屋・名駅・納屋橋,
亀島駅,,/nagoya/kamejima-station/all/,station,nagoya,名古屋・名駅・納屋橋,
国際センター駅,,/nagoya/kokusaicenter-station/all/,station,nagoya,名古屋・名駅・納屋橋,
名古屋駅,,/nagoya/nagoya-station/all/,station,nagoya,名古屋・名駅・納屋橋,
中村公園駅,,/nagoya/nakamurakoen-station/all/,station,nagoya,名古屋・名駅・納屋橋,
栄生駅,,/nagoya/sako-station/all/,station,nagoya,名古屋・名駅・納屋橋,
太閤通駅,,/nagoya/taikoudori-station/all/,station,nagoya,名古屋・名駅・納屋橋,
東高円寺駅,,/nakano/higashikoenji-station/all/,station,nakano,中野・高円寺,
東中野駅,,/nakano/higashinakano-station/all/,station,nakano,中野・高円寺,
方南町駅,,/nakano/honancho-station/all/,station,nakano,中野・高円寺,
高円寺駅,,/nakano/koenji-station/all/,station,nakano,中野・高円寺,
中野駅,,/nakano/nakano-station/all/,station,nakano,中野・高円寺,
中野坂上駅,,/nakano/nakanosakaue-station/all/,station,nakano,中野・高円寺,
中野新橋駅,,/nakano/nakanoshinbashi-station/all/,station,nakano,中野・高円寺,
新高円寺駅,,/nakano/shinkoenji-station/all/,station,nakano,中野・高円寺,
江古田駅,,/nerima/ekoda-station/all/,station,nerima,西武池袋線・練馬・江古田,
中村橋駅,,/nerima/nakamurabashi-station/all/,station,nerima,西武池袋線・練馬・江古田,
練馬駅,,/nerima/nerima-station/all/,station,nerima,西武池袋線・練馬・江古田,
大泉学園駅,,/nerima/oizumigakuen-station/all/,station,nerima,西武池袋線・練馬・江古田,
桜台駅・新桜台駅,,/nerima/sakuradai-station/all/,station,nerima,西武池袋線・練馬・江古田,
石神井公園駅,,/nerima/shakujiikoen-station/all/,station,nerima,西武池袋線・練馬・江古田,
馬喰町駅・馬喰横山駅・東日本橋駅,,/nihonbashi/bakurocho-station/all/,station,nihonbashi,日本橋・茅場町,
茅場町駅,,/nihonbashi/kayabacho-station/all/,station,nihonbashi,日本橋・茅場町,
小伝馬町駅・新日本橋駅,,/nihonbashi/kodenmacho-station/all/,station,nihonbashi,日本橋・茅場町,
日本橋駅,,/nihonbashi/nihonbashi-station/all/,station,nihonbashi,日本橋・茅場町,
水天宮前駅・人形町駅,,/nihonbashi/suitengumae-station/all/,station,nihonbashi,日本橋・茅場町,
入谷駅,,/nippori/iriya-station/all/,station,nippori,鶯谷・日暮里,
町屋駅,,/nippori/machiya-station/all/,station,nippori,鶯谷・日暮里,
三ノ輪駅,,/nippori/minowa-station/all/,station,nippori,鶯谷・日暮里,
日暮里駅・西日暮里駅,,/nippori/nippori-station/all/,station,nippori,鶯谷・日暮里,
鶯谷駅,,/nippori/uguisudani-station/all/,station,nippori,鶯谷・日暮里,
鳩ヶ谷駅,,/nishikawaguchi/hatogaya-station/all/,station,nishikawaguchi,西川口・蕨,
川口駅,,/nishikawaguchi/kawaguchi-station/all/,station,nishikawaguchi,西川口・蕨,
西川口駅,,/nishikawaguchi/nishikawaguchi-station/all/,station,nishikawaguchi,西川口・蕨,
蕨駅,,/nishikawaguchi/warabi-station/all/,station,nishikawaguchi,西川口・蕨,
東三国駅,,/nishinakajima/higashimikuni-station/all/,station,nishinakajima,西中島・新大阪,
西中島南方駅・南方駅,,/nishinakajima/nishinakajima-station/all/,station,nishinakajima,西中島・新大阪,
新大阪駅,,/nishinakajima/shinosaka-station/all/,station,nishinakajima,西中島・新大阪,
ひばりヶ丘駅,,/nishitokyo/hibarigaoka-station/all/,station,nishitokyo,西東京・東久留米・清瀬,
東久留米駅,,/nishitokyo/higashikurume-station/all/,station,nishitokyo,西東京・東久留米・清瀬,
保谷駅,,/nishitokyo/houya-station/all/,station,nishitokyo,西東京・東久留米・清瀬,
清瀬駅,,/nishitokyo/kiyose-station/all/,station,nishitokyo,西東京・東久留米・清瀬,
田無駅,,/nishitokyo/tanashi-station/all/,station,nishitokyo,西東京・東久留米・清瀬,
稲田堤駅・京王稲田堤駅,,/noborito/inadazutsumi-station/all/,station,noborito,登戸・向ヶ丘遊園,
向ヶ丘遊園駅,,/noborito/mukogaokayuen-station/all/,station,noborito,登戸・向ヶ丘遊園,
登戸駅,,/noborito/noborito-station/all/,station,noborito,登戸・向ヶ丘遊園,
新百合ヶ丘駅,,/noborito/shinyurigaoka-station/all/,station,noborito,登戸・向ヶ丘遊園,
百合ヶ丘駅,,/noborito/yurigaoka-station/all/,station,noborito,登戸・向ヶ丘遊園,
小田原駅,,/odawara/odawara-station/all/,station,odawara,小田原,
東戸塚駅,,/ofuna/higashitotsuka-station/all/,station,ofuna,大船・戸塚,
上永谷駅,,/ofuna/kaminagaya-station/all/,station,ofuna,大船・戸塚,
上大岡駅,,/ofuna/kamiooka-station/all/,station,ofuna,大船・戸塚,
港南台駅,,/ofuna/konandai-station/all/,station,ofuna,大船・戸塚,
大船駅,,/ofuna/ofuna-station/all/,station,ofuna,大船・戸塚,
追浜駅,,/ofuna/oppama-station/all/,station,ofuna,大船・戸塚,
杉田駅・新杉田駅,,/ofuna/sugita-station/all/,station,ofuna,大船・戸塚,
戸塚駅,,/ofuna/totsuka-station/all/,station,ofuna,大船・戸塚,
逗子駅,,/ofuna/zushi-station/all/,station,ofuna,大船・戸塚,
阿佐ヶ谷駅,,/ogikubo/asagaya-station/all/,station,ogikubo,荻窪・阿佐ヶ谷,
西荻窪駅,,/ogikubo/nishiogikubo-station/all/,station,ogikubo,荻窪・阿佐ヶ谷,
荻窪駅,,/ogikubo/ogikubo-station/all/,station,ogikubo,荻窪・阿佐ヶ谷,
新大久保駅・大久保駅,,/okubo/okubo-station/all/,station,okubo,大久保・高田馬場,
高田馬場駅・西早稲田駅,,/okubo/takadanobaba-station/all/,station,okubo,大久保・高田馬場,
東大宮駅,,/omiya/higashiomiya-station/all/,station,omiya,大宮・さいたま,
日進駅,,/omiya/nisshin-station/all/,station,omiya,大宮・さいたま,
大宮駅,,/omiya/omiya-station/all/,station,omiya,大宮・さいたま,
さいたま新都心駅,,/omiya/saitamashintoshin-station/all/,station,omiya,大宮・さいたま,
土呂駅,,/omiya/toro-station/all/,station,omiya,大宮・さいたま,
上板橋駅,,/ooyama/kamiitabashi-station/all/,station,ooyama,東武東上線・大山・下赤塚,
中板橋駅,,/ooyama/nakaitabashi-station/all/,station,ooyama,東武東上線・大山・下赤塚,
成増駅,,/ooyama/narimasu-station/all/,station,ooyama,東武東上線・大山・下赤塚,
大山駅,,/ooyama/ooyama-station/all/,station,ooyama,東武東上線・大山・下赤塚,
下赤塚駅,,/ooyama/shimoakatsuka-station/all/,station,ooyama,東武東上線・大山・下赤塚,
東武練馬駅,,/ooyama/tobunerima-station/all/,station,ooyama,東武東上線・大山・下赤塚,
ときわ台駅,,/ooyama/tokiwadai-station/all/,station,ooyama,東武東上線・大山・下赤塚,
福島駅,,/osakakita/fukushima-station/all/,station,osakakita,大阪キタ・梅田,
東梅田駅,,/osakakita/higashiumeda-station/all/,station,osakakita,大阪キタ・梅田,
西梅田駅・北新地駅,,/osakakita/nishiumeda-station/all/,station,osakakita,大阪キタ・梅田,
野田駅,,/osakakita/noda-station/all/,station,osakakita,大阪キタ・梅田,
梅田駅,,/osakakita/umeda-station/all/,station,osakakita,大阪キタ・梅田,
大国町駅,,/osakaminami/daikokucho-station/all/,station,osakaminami,難波・日本橋,
恵美須町駅,,/osakaminami/ebisucho-station/all/,station,osakaminami,難波・日本橋,
難波駅（なんば）,,/osakaminami/nanba-station/all/,station,osakaminami,難波・日本橋,
日本橋駅（大阪）,,/osakaminami/nipponbashi-station/all/,station,osakaminami,難波・日本橋,
桜川駅,,/osakaminami/sakuragawa-station/all/,station,osakaminami,難波・日本橋,
新今宮駅,,/osakaminami/shinimamiya-station/all/,station,osakaminami,難波・日本橋,
天下茶屋駅,,/osakaminami/tengachaya-station/all/,station,osakaminami,難波・日本橋,
味鋺駅,,/otai/ajima-station/all/,station,otai,小田井・比良,
味美駅,,/otai/ajiyoshi-station/all/,station,otai,小田井・比良,
比良駅,,/otai/hira-station/all/,station,otai,小田井・比良,
浄心駅,,/otai/joshin-station/all/,station,otai,小田井・比良,
小田井駅・上小田井駅,,/otai/otai-station/all/,station,otai,小田井・比良,
庄内通駅,,/otai/shonaidori-station/all/,station,otai,小田井・比良,
駒込駅,,/otsuka/komagome-station/all/,station,otsuka,大塚・巣鴨・駒込,
大塚駅,,/otsuka/otsuka-station/all/,station,otsuka,大塚・巣鴨・駒込,
新大塚駅,,/otsuka/shinotsuka-station/all/,station,otsuka,大塚・巣鴨・駒込,
巣鴨駅,,/otsuka/sugamo-station/all/,station,otsuka,大塚・巣鴨・駒込,
赤羽橋駅,,/roppongi/akabanebashi-station/all/,station,roppongi,六本木・麻布十番,
麻布十番駅,,/roppongi/azabujuban-station/all/,station,roppongi,六本木・麻布十番,
乃木坂駅,,/roppongi/nogizaka-station/all/,station,roppongi,六本木・麻布十番,
六本木駅,,/roppongi/roppongi-station/all/,station,roppongi,六本木・麻布十番,
淵野辺駅,,/sagamihara/fuchinobe-station/all/,station,sagamihara,相模原・橋本,
橋本駅,,/sagamihara/hashimoto-station/all/,station,sagamihara,相模原・橋本,
相模原駅,,/sagamihara/sagamihara-station/all/,station,sagamihara,相模原・橋本,
矢部駅,,/sagamihara/yabe-station/all/,station,sagamihara,相模原・橋本,
小田急相模原駅,,/sagamiono/odakyusagamihara-station/all/,station,sagamiono,相模大野・小田急相模原,
相模大野駅,,/sagamiono/sagamiono-station/all/,station,sagamiono,相模大野・小田急相模原,
青葉台駅,,/saginuma/aobadai-station/all/,station,saginuma,鷺沼・たまプラーザ・青葉台,
あざみ野駅,,/saginuma/azamino-station/all/,station,saginuma,鷺沼・たまプラーザ・青葉台,
センター北駅,,/saginuma/centerkita-station/all/,station,saginuma,鷺沼・たまプラーザ・青葉台,
センター南駅,,/saginuma/centerminami-station/all/,station,saginuma,鷺沼・たまプラーザ・青葉台,
宮崎台駅,,/saginuma/miyazakidai-station/all/,station,saginuma,鷺沼・たまプラーザ・青葉台,
長津田駅,,/saginuma/nagatsuta-station/all/,station,saginuma,鷺沼・たまプラーザ・青葉台,
鷺沼駅,,/saginuma/saginuma-station/all/,station,saginuma,鷺沼・たまプラーザ・青葉台,
たまプラーザ駅,,/saginuma/tamapuraza-station/all/,station,saginuma,鷺沼・たまプラーザ・青葉台,
丸の内駅・伏見駅,,/sakae/marunouchi-station/all/,station,sakae,栄,
栄駅・久屋大通駅,,/sakae/sakae-station/all/,station,sakae,栄,
矢場町駅,,/sakae/yabacho-station/all/,station,sakae,栄,
御陵前駅,,/sakai/goryomae-station/all/,station,sakai,堺・南大阪,
なかもず駅,,/sakai/nakamozu-station/all/,station,sakai,堺・南大阪,
堺駅,,/sakai/sakai-station/all/,station,sakai,堺・南大阪,
堺東駅,,/sakai/sakaihigashi-station/all/,station,sakai,堺・南大阪,
堺市駅,,/sakai/sakaishi-station/all/,station,sakai,堺・南大阪,
桜新町駅,,/sangenjaya/Sakurashimmachi-station/all/,station,sangenjaya,三軒茶屋,
池尻大橋駅,,/sangenjaya/ikejiri-station/all/,station,sangenjaya,三軒茶屋,
駒沢大学駅,,/sangenjaya/komazawadaigaku-station/all/,station,sangenjaya,三軒茶屋,
三軒茶屋駅北口・パティオ口,,/sangenjaya/sangenjaya-station-north/all/,station,sangenjaya,三軒茶屋,
三軒茶屋駅南口,,/sangenjaya/sangenjaya-station-south/all/,station,sangenjaya,三軒茶屋,
用賀駅,,/sangenjaya/yoga-station/all/,station,sangenjaya,三軒茶屋,
上井草駅,,/shakujii/kamiigusa-station/all/,station,shakujii,西武新宿線・上石神井,
上石神井駅,,/shakujii/kamishakujii-station/all/,station,shakujii,西武新宿線・上石神井,
武蔵関駅,,/shakujii/musashiseki-station/all/,station,shakujii,西武新宿線・上石神井,
鷺ノ宮駅,,/shakujii/saginomiya-station/all/,station,shakujii,西武新宿線・上石神井,
原宿駅・表参道駅・青山駅,,/shibuya/harajuku-station/all/,station,shibuya,渋谷・代々木・原宿,
北参道駅,,/shibuya/kitasando-station/all/,station,shibuya,渋谷・代々木・原宿,
渋谷駅,,/shibuya/shibuya-station/all/,station,shibuya,渋谷・代々木・原宿,
神泉駅,,/shibuya/shinsen-station/all/,station,shibuya,渋谷・代々木・原宿,
代々木駅,,/shibuya/yoyogi-station/all/,station,shibuya,渋谷・代々木・原宿,
朝霞駅,,/shiki/asaka-station/all/,station,shiki,志木・みずほ台,
朝霞台駅・北朝霞駅,,/shiki/asakadai-station/all/,station,shiki,志木・みずほ台,
ふじみ野駅,,/shiki/fujimino-station/all/,station,shiki,志木・みずほ台,
上福岡駅,,/shiki/kamifukuoka-station/all/,station,shiki,志木・みずほ台,
みずほ台駅,,/shiki/mizuhodai-station/all/,station,shiki,志木・みずほ台,
新座駅,,/shiki/niiza-station/all/,station,shiki,志木・みずほ台,
志木駅,,/shiki/shiki-station/all/,station,shiki,志木・みずほ台,
鶴瀬駅,,/shiki/tsuruse-station/all/,station,shiki,志木・みずほ台,
和光市駅,,/shiki/wakoshi-station/all/,station,shiki,志木・みずほ台,
千歳船橋駅,,/shimokitazawa/chitosefunabashi-station/all/,station,shimokitazawa,小田急線沿線・下北沢,
喜多見駅,,/shimokitazawa/kitami-station/all/,station,shimokitazawa,小田急線沿線・下北沢,
経堂駅,,/shimokitazawa/kyodo-station/all/,station,shimokitazawa,小田急線沿線・下北沢,
下北沢駅,,/shimokitazawa/shimokitazawa-station/all/,station,shimokitazawa,小田急線沿線・下北沢,
新代田駅,,/shimokitazawa/shindaita-station/all/,station,shimokitazawa,小田急線沿線・下北沢,
祖師ヶ谷大蔵駅,,/shimokitazawa/soshigayaokura-station/all/,station,shimokitazawa,小田急線沿線・下北沢,
代々木上原駅,,/shimokitazawa/yoyogiuehara-station/all/,station,shimokitazawa,小田急線沿線・下北沢,
浜松町駅・大門駅,,/shinagawa/hamamatsucho-station/all/,station,shinagawa,品川・田町・浜松町,
泉岳寺駅,,/shinagawa/sengakuji-station/all/,station,shinagawa,品川・田町・浜松町,
芝公園駅,,/shinagawa/shibakoen-station/all/,station,shinagawa,品川・田町・浜松町,
品川駅,,/shinagawa/shinagawa-station/all/,station,shinagawa,品川・田町・浜松町,
白金高輪駅,,/shinagawa/shirokanetakanawa-station/all/,station,shinagawa,品川・田町・浜松町,
田町駅・三田駅,,/shinagawa/tamachi-station/all/,station,shinagawa,品川・田町・浜松町,
天王洲アイル駅,,/shinagawa/tennozuisle-station/all/,station,shinagawa,品川・田町・浜松町,
御成門駅,,/shinbashi/onarimon-station/all/,station,shinbashi,新橋,
新橋駅銀座口,,/shinbashi/shinbashi-station-ginza/all/,station,shinbashi,新橋,
新橋駅日比谷口,,/shinbashi/shinbashi-station-hibiya/all/,station,shinbashi,新橋,
新橋駅烏森口,,/shinbashi/shinbashi-station-karasumori/all/,station,shinbashi,新橋,
内幸町駅・虎ノ門駅,,/shinbashi/toranomon-station/all/,station,shinbashi,新橋,
西新宿五丁目駅,,/shinjuku/nishishinjukugochome-station/all/,station,shinjuku,新宿,
新宿駅東口・東新宿駅（歌舞伎町）,,/shinjuku/shinjuku-station-east/all/,station,shinjuku,新宿,
新宿駅南口・東南口,,/shinjuku/shinjuku-station-south/all/,station,shinjuku,新宿,
新宿駅西口・西新宿駅,,/shinjuku/shinjuku-station-west/all/,station,shinjuku,新宿,
新宿御苑前駅,,/shinjuku/shinjukugyoen-station/all/,station,shinjuku,新宿,
長堀橋駅・松屋町駅,,/shinsaibashi/nagahoribashi-station/all/,station,shinsaibashi,心斎橋,
西長堀駅,,/shinsaibashi/nishinagahori-station/all/,station,shinsaibashi,心斎橋,
心斎橋駅・四ツ橋駅・西大橋駅,,/shinsaibashi/shinsaibashi-station/all/,station,shinsaibashi,心斎橋,
千種駅,,/shinsakae/chikusa-station/all/,station,shinsakae,新栄町・千種・今池,
吹上駅,,/shinsakae/fukiage-station/all/,station,shinsakae,新栄町・千種・今池,
池下駅,,/shinsakae/ikeshita-station/all/,station,shinsakae,新栄町・千種・今池,
今池駅,,/shinsakae/imaike-station/all/,station,shinsakae,新栄町・千種・今池,
覚王山駅,,/shinsakae/kakuozan-station/all/,station,shinsakae,新栄町・千種・今池,
新栄町駅,,/shinsakae/shinsakaemachi-station/all/,station,shinsakae,新栄町・千種・今池,
高岳駅,,/shinsakae/takaoka-station/all/,station,shinsakae,新栄町・千種・今池,
菊名駅,,/shinyokohama/kikuna-station/all/,station,shinyokohama,新横浜・菊名,
中山駅,,/shinyokohama/nakayama-station/all/,station,shinyokohama,新横浜・菊名,
大倉山駅,,/shinyokohama/okurayama-station/all/,station,shinyokohama,新横浜・菊名,
新横浜駅,,/shinyokohama/shinyokohama-station/all/,station,shinyokohama,新横浜・菊名,
荒畑駅,,/showa/arahata-station/all/,station,showa,名古屋・昭和区・天白区,
御器所駅,,/showa/gokiso-station/all/,station,showa,名古屋・昭和区・天白区,
原駅,,/showa/hara-station/all/,station,showa,名古屋・昭和区・天白区,
平針駅,,/showa/hirabari-station/all/,station,showa,名古屋・昭和区・天白区,
川名駅,,/showa/kawana-station/all/,station,showa,名古屋・昭和区・天白区,
塩釜口駅,,/showa/shiogamaguchi-station/all/,station,showa,名古屋・昭和区・天白区,
植田駅,,/showa/ueda-station/all/,station,showa,名古屋・昭和区・天白区,
新田駅,,/souka/shinden-station/all/,station,souka,草加・谷塚,
草加駅,,/souka/souka-station/all/,station,souka,草加・谷塚,
谷塚駅,,/souka/yatsuka-station/all/,station,souka,草加・谷塚,
後楽園駅,,/suidobashi/korakuen-station/all/,station,suidobashi,水道橋・御茶ノ水,
水道橋駅,,/suidobashi/suidobashi-station/all/,station,suidobashi,水道橋・御茶ノ水,
立川駅北口,,/tachikawa/tachikawa-station-north/all/,station,tachikawa,立川,
立川駅南口,,/tachikawa/tachikawa-station-south/all/,station,tachikawa,立川,
平野駅,,/tanikyu/hirano-station/all/,station,tanikyu,谷町九丁目,
喜連瓜破駅,,/tanikyu/kireuriwari-station/all/,station,tanikyu,谷町九丁目,
玉造駅,,/tanikyu/tamatsukuri-station/all/,station,tanikyu,谷町九丁目,
谷町九丁目駅・上本町駅,,/tanikyu/tanikyu-station/all/,station,tanikyu,谷町九丁目,
谷町六丁目駅,,/tanikyu/taniroku-station/all/,station,tanikyu,谷町九丁目,
天王寺駅・寺田町駅,,/tanikyu/tennoji-station/all/,station,tanikyu,谷町九丁目,
東部市場前駅,,/tanikyu/tobushijomae-station/all/,station,tanikyu,谷町九丁目,
鶴橋駅,,/tanikyu/tsuruhashi-station/all/,station,tanikyu,谷町九丁目,
南森町駅・大阪天満宮駅,,/tenma/minamimorimachi-station/all/,station,tenma,天満・南森町,
中崎町駅,,/tenma/nakazakicho-station/all/,station,tenma,天満・南森町,
天満駅・扇町駅,,/tenma/tenma-station/all/,station,tenma,天満・南森町,
天満橋駅,,/tenma/tenmabashi-station/all/,station,tenma,天満・南森町,
天神橋筋六丁目駅,,/tenma/tenroku-station/all/,station,tenma,天満・南森町,
荒子川公園駅,,/tokaidori/arakogawakoen-station/all/,station,tokaidori,東海通・高畑,
港北駅,,/tokaidori/kohoku-station/all/,station,tokaidori,東海通・高畑,
南荒子駅,,/tokaidori/minamiarako-station/all/,station,tokaidori,東海通・高畑,
港区役所駅,,/tokaidori/minatokuyakusho-station/all/,station,tokaidori,東海通・高畑,
中島駅,,/tokaidori/nakajima-station/all/,station,tokaidori,東海通・高畑,
高畑駅,,/tokaidori/takabata-station/all/,station,tokaidori,東海通・高畑,
戸田駅,,/tokaidori/toda-station/all/,station,tokaidori,東海通・高畑,
東海通駅,,/tokaidori/tokaidori-station/all/,station,tokaidori,東海通・高畑,
築地口駅,,/tokaidori/tsukijiguchi-station/all/,station,tokaidori,東海通・高畑,
東所沢駅,,/tokorozawa/higashitokorozawa-station/all/,station,tokorozawa,所沢・入間,
小手指駅,,/tokorozawa/kotesashi-station/all/,station,tokorozawa,所沢・入間,
西所沢駅,,/tokorozawa/nishitokorozawa-station/all/,station,tokorozawa,所沢・入間,
狭山ヶ丘駅,,/tokorozawa/sayamagaoka-station/all/,station,tokorozawa,所沢・入間,
新所沢駅,,/tokorozawa/shintokorozawa-station/all/,station,tokorozawa,所沢・入間,
所沢駅,,/tokorozawa/tokorozawa-station/all/,station,tokorozawa,所沢・入間,
八丁堀駅,,/tokyo/hatchobori-station/all/,station,tokyo,東京・八重洲,
京橋駅・宝町駅,,/tokyo/kyobashi-station/all/,station,tokyo,東京・八重洲,
東京駅（八重洲・丸の内）,,/tokyo/tokyo-station/all/,station,tokyo,東京・八重洲,
北習志野駅,,/tsudanuma/kitanarashino-station/all/,station,tsudanuma,津田沼・習志野,
実籾駅,,/tsudanuma/mimomi-station/all/,station,tsudanuma,津田沼・習志野,
高根公団駅,,/tsudanuma/takanekodan-station/all/,station,tsudanuma,津田沼・習志野,
津田沼駅,,/tsudanuma/tsudanuma-station/all/,station,tsudanuma,津田沼・習志野,
上前津駅,,/tsurumai/kamimaezu-station/all/,station,tsurumai,大須・鶴舞,
大須観音駅,,/tsurumai/osukannon-station/all/,station,tsurumai,大須・鶴舞,
鶴舞駅,,/tsurumai/tsurumai-station/all/,station,tsurumai,大須・鶴舞,
浅草駅・田原町駅,,/ueno/asakusa-station/all/,station,ueno,上野・浅草・御徒町,
稲荷町駅,,/ueno/inaricho-station/all/,station,ueno,上野・浅草・御徒町,
御徒町駅・湯島駅,,/ueno/okachimachi-station/all/,station,ueno,上野・浅草・御徒町,
上野駅,,/ueno/ueno-station/all/,station,ueno,上野・浅草・御徒町,
東川口駅,,/urawa/higashikawaguchi-station/all/,station,urawa,浦和・武蔵浦和,
東浦和駅,,/urawa/higashiurawa-station/all/,station,urawa,浦和・武蔵浦和,
北浦和駅,,/urawa/kitaurawa-station/all/,station,urawa,浦和・武蔵浦和,
北与野駅,,/urawa/kitayono-station/all/,station,urawa,浦和・武蔵浦和,
南浦和駅,,/urawa/minamiurawa-station/all/,station,urawa,浦和・武蔵浦和,
武蔵浦和駅,,/urawa/musashiurawa-station/all/,station,urawa,浦和・武蔵浦和,
浦和駅,,/urawa/urawa-station/all/,station,urawa,浦和・武蔵浦和,
与野駅,,/urawa/yono-station/all/,station,urawa,浦和・武蔵浦和,
行徳駅,,/urayasu/gyotoku-station/all/,station,urayasu,浦安・行徳,
南行徳駅,,/urayasu/minamigyotoku-station/all/,station,urayasu,浦安・行徳,
妙典駅,,/urayasu/myoden-station/all/,station,urayasu,浦安・行徳,
浦安駅,,/urayasu/urayasu-station/all/,station,urayasu,浦安・行徳,
中央林間駅,,/yamato/chuorinkan-station/all/,station,yamato,大和・南林間,
二俣川駅,,/yamato/futamatagawa-station/all/,station,yamato,大和・南林間,
南林間駅,,/yamato/minamirinkan-station/all/,station,yamato,大和・南林間,
さがみ野駅,,/yamato/sagamino-station/all/,station,yamato,大和・南林間,
相模大塚駅,,/yamato/sagamiotsuka-station/all/,station,yamato,大和・南林間,
鶴ヶ峰駅,,/yamato/tsurugamine-station/all/,station,yamato,大和・南林間,
鶴間駅,,/yamato/tsuruma-station/all/,station,yamato,大和・南林間,
大和駅,,/yamato/yamato-station/all/,station,yamato,大和・南林間,
阪東橋駅,,/yokohama/bandobashi-station/all/,station,yokohama,横浜・関内,
東神奈川駅,,/yokohama/higashikanagawa-station/all/,station,yokohama,横浜・関内,
日ノ出町駅,,/yokohama/hinodecho-station/all/,station,yokohama,横浜・関内,
伊勢佐木長者町駅,,/yokohama/isezakichojamachi-station/all/,station,yokohama,横浜・関内,
関内駅,,/yokohama/kannai-station/all/,station,yokohama,横浜・関内,
黄金町駅,,/yokohama/koganecho-station/all/,station,yokohama,横浜・関内,
元町・中華街駅,,/yokohama/motomachichukagai-station/all/,station,yokohama,横浜・関内,
桜木町駅,,/yokohama/sakuragicho-station/all/,station,yokohama,横浜・関内,
反町駅,,/yokohama/tanmachi-station/all/,station,yokohama,横浜・関内,
天王町駅,,/yokohama/tennocho-station/all/,station,yokohama,横浜・関内,
横浜駅・神奈川駅,,/yokohama/yokohama-station/all/,station,yokohama,横浜・関内,
