area_name,parent_area,parent_slug,url,type
上尾駅,上尾・宮原,ageo,/ageo/ageo-station/all/,station
北上尾駅,上尾・宮原,ageo,/ageo/kitaageo-station/all/,station
鴻巣駅,上尾・宮原,ageo,/ageo/konosu-station/all/,station
宮原駅,上尾・宮原,ageo,/ageo/miyahara-station/all/,station
桶川駅,上尾・宮原,ageo,/ageo/okegawa-station/all/,station
吹上駅,上尾・宮原,ageo,/ageo/saitama-fukiage-station/all/,station
赤羽駅,赤羽・王子・板橋,akabane,/akabane/akabane-station/all/,station
蓮根駅,赤羽・王子・板橋,akabane,/akabane/hasune-station/all/,station
十条駅・東十条駅,赤羽・王子・板橋,akabane,/akabane/higashijujo-station/all/,station
板橋駅,赤羽・王子・板橋,akabane,/akabane/itabashi-station/all/,station
板橋本町駅,赤羽・王子・板橋,akabane,/akabane/itabashihoncho-station/all/,station
上中里駅,赤羽・王子・板橋,akabane,/akabane/kaminakazato-station/all/,station
王子駅,赤羽・王子・板橋,akabane,/akabane/oji-station/all/,station
下板橋駅,赤羽・王子・板橋,akabane,/akabane/shimoitabashi-station/all/,station
新板橋駅,赤羽・王子・板橋,akabane,/akabane/shinitabashi-station/all/,station
高島平駅,赤羽・王子・板橋,akabane,/akabane/takashimadaira-station/all/,station
浮間舟渡駅,赤羽・王子・板橋,akabane,/akabane/ukimafunado-station/all/,station
赤坂駅・赤坂見附駅,赤坂,akasaka,/akasaka/akasaka-station/all/,station
溜池山王駅,赤坂,akasaka,/akasaka/tameikesanno-station/all/,station
秋葉原駅・末広町駅,秋葉原,akihabara,/akihabara/akihabara-station/all/,station
浅草橋駅,秋葉原,akihabara,/akihabara/asakusabashi-station/all/,station
厚木駅,本厚木・海老名,atsugi,/atsugi/atsugi-station/all/,station
海老名駅,本厚木・海老名,atsugi,/atsugi/ebina-station/all/,station
本厚木駅,本厚木・海老名,atsugi,/atsugi/honatsugi-station/all/,station
かしわ台駅,本厚木・海老名,atsugi,/atsugi/kashiwadai-station/all/,station
鶴巻温泉駅,本厚木・海老名,atsugi,/atsugi/tsurumakionsen-station/all/,station
千葉駅・栄町駅,千葉,chiba,/chiba/chiba-station/all/,station
千葉中央駅・葭川公園駅,千葉,chiba,/chiba/chibachuo-station/all/,station
東千葉駅,千葉,chiba,/chiba/higashichiba-station/all/,station
本千葉駅・県庁前駅,千葉,chiba,/chiba/honchiba-station/all/,station
稲毛駅,千葉,chiba,/chiba/inage-station/all/,station
幕張駅・幕張本郷駅,千葉,chiba,/chiba/makuhari-station/all/,station
西千葉駅,千葉,chiba,/chiba/nishichiba-station/all/,station
大森台駅,千葉,chiba,/chiba/omoridai-station/all/,station
検見川駅・新検見川駅,千葉,chiba,/chiba/shinkemigawa-station/all/,station
蘇我駅,千葉,chiba,/chiba/soga-station/all/,station
都賀駅,千葉,chiba,/chiba/tsuga-station/all/,station
茅ヶ崎駅,茅ヶ崎・平塚,chigasaki,/chigasaki/chigasaki-station/all/,station
平塚駅,茅ヶ崎・平塚,chigasaki,/chigasaki/hiratsuka-station/all/,station
千歳烏山駅,調布・千歳烏山,chofu,/chofu/chitosekarasuyama-station/all/,station
調布駅,調布・千歳烏山,chofu,/chofu/chofu-station/all/,station
仙川駅,調布・千歳烏山,chofu,/chofu/senkawa-station/all/,station
つつじヶ丘駅,調布・千歳烏山,chofu,/chofu/tsutsujigaoka-station/all/,station
代官山駅,恵比寿・中目黒・代官山,ebisu,/ebisu/daikanyama-station/all/,station
恵比寿駅,恵比寿・中目黒・代官山,ebisu,/ebisu/ebisu-station/all/,station
広尾駅,恵比寿・中目黒・代官山,ebisu,/ebisu/hiroo-station/all/,station
中目黒駅,恵比寿・中目黒・代官山,ebisu,/ebisu/nakameguro-station/all/,station
江坂駅,江坂・豊中,esaka,/esaka/esaka-station/all/,station
分倍河原駅,府中・聖蹟桜ヶ丘,fuchu,/fuchu/bubaigawara-station/all/,station
府中駅,府中・聖蹟桜ヶ丘,fuchu,/fuchu/fuchu-station/all/,station
永山駅,府中・聖蹟桜ヶ丘,fuchu,/fuchu/nagayama-station/all/,station
聖蹟桜ヶ丘駅,府中・聖蹟桜ヶ丘,fuchu,/fuchu/seisekisakuragaoka-station/all/,station
多摩センター駅,府中・聖蹟桜ヶ丘,fuchu,/fuchu/tamacenter-station/all/,station
長後駅,藤沢・湘南台,fujisawa,/fujisawa/chogo-station/all/,station
藤沢駅,藤沢・湘南台,fujisawa,/fujisawa/fujisawa-station/all/,station
湘南台駅,藤沢・湘南台,fujisawa,/fujisawa/shonandai-station/all/,station
辻堂駅,藤沢・湘南台,fujisawa,/fujisawa/tsujido-station/all/,station
原木中山駅,船橋・西船橋,funabashi,/funabashi/barakinakayama-station/all/,station
船橋駅・京成船橋駅,船橋・西船橋,funabashi,/funabashi/funabashi-station/all/,station
西船橋駅,船橋・西船橋,funabashi,/funabashi/nishifunabashi-station/all/,station
新船橋駅,船橋・西船橋,funabashi,/funabashi/shinfunabashi-station/all/,station
銀座駅・東銀座駅,銀座,ginza,/ginza/ginza-station/all/,station
新富町駅・築地駅,銀座,ginza,/ginza/shintomicho-station/all/,station
豊洲駅,銀座,ginza,/ginza/toyosu-station/all/,station
月島駅,銀座,ginza,/ginza/tsukishima-station/all/,station
五反田駅東口,五反田,gotanda,/gotanda/gotanda-station-east/all/,station
五反田駅西口,五反田,gotanda,/gotanda/gotanda-station-west/all/,station
旗の台駅,五反田,gotanda,/gotanda/hatanodai-station/all/,station
大崎駅,五反田,gotanda,/gotanda/osaki-station/all/,station
八王子駅,八王子・日野,hachioji,/hachioji/hachioji-station/all/,station
西八王子駅,八王子・日野,hachioji,/hachioji/nishihachioji-station/all/,station
豊田駅,八王子・日野,hachioji,/hachioji/toyoda-station/all/,station
昭島駅,拝島・福生,haijima,/haijima/akishima-station/all/,station
福生駅,拝島・福生,haijima,/haijima/fussa-station/all/,station
拝島駅,拝島・福生,haijima,/haijima/haijima-station/all/,station
羽村駅,拝島・福生,haijima,/haijima/hamura-station/all/,station
東青梅駅,拝島・福生,haijima,/haijima/higashioume-station/all/,station
河辺駅,拝島・福生,haijima,/haijima/kabe-station/all/,station
小作駅,拝島・福生,haijima,/haijima/ozaku-station/all/,station
赤坂駅,博多,hakata,/hakata/akasaka-station/all/,station
博多駅・祇園駅（住吉）,博多,hakata,/hakata/hakata-station/all/,station
西鉄平尾駅,博多,hakata,/hakata/hirao-station/all/,station
香椎駅,博多,hakata,/hakata/kashii-station/all/,station
櫛田神社前駅,博多,hakata,/hakata/kushidajinjamae-station/all/,station
中洲川端駅（中洲）,博多,hakata,/hakata/nakasu-station/all/,station
大橋駅,博多,hakata,/hakata/ohashi-station/all/,station
大濠公園駅,博多,hakata,/hakata/ohorikoen-station/all/,station
竹下駅,博多,hakata,/hakata/takeshita-station/all/,station
天神駅・天神南駅,博多,hakata,/hakata/tenjin-station/all/,station
薬院駅・渡辺通駅,博多,hakata,/hakata/yakuin-station/all/,station
吉塚駅,博多,hakata,/hakata/yoshiduka-station/all/,station
代田橋駅,京王線・初台・笹塚,hatsudai,/hatsudai/daitabashi-station/all/,station
幡ヶ谷駅,京王線・初台・笹塚,hatsudai,/hatsudai/hatagaya-station/all/,station
初台駅,京王線・初台・笹塚,hatsudai,/hatsudai/hatsudai-station/all/,station
明大前駅,京王線・初台・笹塚,hatsudai,/hatsudai/meidaimae-station/all/,station
桜上水駅,京王線・初台・笹塚,hatsudai,/hatsudai/sakurajosui-station/all/,station
笹塚駅,京王線・初台・笹塚,hatsudai,/hatsudai/sasazuka-station/all/,station
下高井戸駅,京王線・初台・笹塚,hatsudai,/hatsudai/shimotakaido-station/all/,station
荒本駅,東大阪・八尾,higashiosaka,/higashiosaka/aramoto-station/all/,station
布施駅,東大阪・八尾,higashiosaka,/higashiosaka/fuse-station/all/,station
近鉄八尾駅,東大阪・八尾,higashiosaka,/higashiosaka/kintetsuyao-station/all/,station
高井田駅・高井田中央駅,東大阪・八尾,higashiosaka,/higashiosaka/takaida-station/all/,station
八尾駅,東大阪・八尾,higashiosaka,/higashiosaka/yao-station/all/,station
本町駅,本町・堺筋本町,honmachi,/honmachi/honmachi-station/all/,station
堺筋本町駅,本町・堺筋本町,honmachi,/honmachi/sakaisujihonmachi-station/all/,station
相生山駅,堀田・新瑞橋,horita,/horita/aioiyama-station/all/,station
新瑞橋駅,堀田・新瑞橋,horita,/horita/aratamabashi-station/all/,station
堀田駅,堀田・新瑞橋,horita,/horita/horita-station/all/,station
神沢駅,堀田・新瑞橋,horita,/horita/kamisawa-station/all/,station
瑞穂運動場東駅,堀田・新瑞橋,horita,/horita/mizuhoundojohigashi-station/all/,station
瑞穂運動場西駅,堀田・新瑞橋,horita,/horita/mizuhoundojonishi-station/all/,station
野並駅,堀田・新瑞橋,horita,/horita/nonami-station/all/,station
桜山駅,堀田・新瑞橋,horita,/horita/sakurayama-station/all/,station
徳重駅,堀田・新瑞橋,horita,/horita/tokushige-station/all/,station
鶴里駅,堀田・新瑞橋,horita,/horita/tsurusato-station/all/,station
藤が丘駅,星ヶ丘・藤が丘,hoshigaoka,/hoshigaoka/fujigaoka-station/all/,station
本郷駅,星ヶ丘・藤が丘,hoshigaoka,/hoshigaoka/hongo-station/all/,station
星ヶ丘駅,星ヶ丘・藤が丘,hoshigaoka,/hoshigaoka/hoshigaoka-station/all/,station
一社駅,星ヶ丘・藤が丘,hoshigaoka,/hoshigaoka/issha-station/all/,station
上社駅,星ヶ丘・藤が丘,hoshigaoka,/hoshigaoka/kamiyashiro-station/all/,station
市川駅,市川・本八幡,ichikawa,/ichikawa/ichikawa-station/all/,station
本八幡駅・京成八幡駅,市川・本八幡,ichikawa,/ichikawa/motoyawata-station/all/,station
曙橋駅,四ツ谷・飯田橋・市ヶ谷,iidabashi,/iidabashi/akebonobashi-station/all/,station
市ヶ谷駅,四ツ谷・飯田橋・市ヶ谷,iidabashi,/iidabashi/ichigaya-station/all/,station
飯田橋駅,四ツ谷・飯田橋・市ヶ谷,iidabashi,/iidabashi/iidabashi-station/all/,station
神楽坂駅・牛込神楽坂駅,四ツ谷・飯田橋・市ヶ谷,iidabashi,/iidabashi/kagurazaka-station/all/,station
麹町駅,四ツ谷・飯田橋・市ヶ谷,iidabashi,/iidabashi/kojimachi-station/all/,station
九段下駅,四ツ谷・飯田橋・市ヶ谷,iidabashi,/iidabashi/kudanshita-station/all/,station
牛込柳町駅,四ツ谷・飯田橋・市ヶ谷,iidabashi,/iidabashi/ushigomeyanagicho-station/all/,station
四ツ谷駅,四ツ谷・飯田橋・市ヶ谷,iidabashi,/iidabashi/yotsuya-station/all/,station
四谷三丁目駅,四ツ谷・飯田橋・市ヶ谷,iidabashi,/iidabashi/yotsuyasanchome-station/all/,station
池袋駅東口・東池袋駅,池袋,ikebukuro,/ikebukuro/ikebukuro-station-east/all/,station
池袋駅北口,池袋,ikebukuro,/ikebukuro/ikebukuro-station-north/all/,station
池袋駅南口,池袋,ikebukuro,/ikebukuro/ikebukuro-station-south/all/,station
池袋駅西口,池袋,ikebukuro,/ikebukuro/ikebukuro-station-west/all/,station
要町駅,池袋,ikebukuro,/ikebukuro/kanamecho-station/all/,station
小竹向原駅,池袋,ikebukuro,/ikebukuro/kotakemukaihara-station/all/,station
目白駅,池袋,ikebukuro,/ikebukuro/mejiro-station/all/,station
千川駅,池袋,ikebukuro,/ikebukuro/senkawa-station/all/,station
椎名町駅,池袋,ikebukuro,/ikebukuro/shiinamachi-station/all/,station
田園調布駅,自由が丘・学芸大学,jiyugaoka,/jiyugaoka/denenchofu-station/all/,station
学芸大学駅,自由が丘・学芸大学,jiyugaoka,/jiyugaoka/gakugeidaigaku-station/all/,station
自由が丘駅,自由が丘・学芸大学,jiyugaoka,/jiyugaoka/jiyugaoka-station/all/,station
奥沢駅,自由が丘・学芸大学,jiyugaoka,/jiyugaoka/okusawa-station/all/,station
等々力駅,自由が丘・学芸大学,jiyugaoka,/jiyugaoka/todoroki-station/all/,station
都立大学駅,自由が丘・学芸大学,jiyugaoka,/jiyugaoka/toritsudaigaku-station/all/,station
祐天寺駅,自由が丘・学芸大学,jiyugaoka,/jiyugaoka/yutenji-station/all/,station
十三駅,十三・西淀川,juso,/juso/juso-station/all/,station
三国駅,十三・西淀川,juso,/juso/mikuni-station/all/,station
青物横丁駅,蒲田,kamata,/kamata/aomonoyokocho-station/all/,station
蒲田駅東口・京急蒲田駅,蒲田,kamata,/kamata/kamata-station-east/all/,station
蒲田駅西口,蒲田,kamata,/kamata/kamata-station-west/all/,station
大井町駅,蒲田,kamata,/kamata/oimachi-station/all/,station
大森駅,蒲田,kamata,/kamata/omori-station/all/,station
大森海岸駅,蒲田,kamata,/kamata/omorikaigan-station/all/,station
青砥駅,北千住・亀有,kameari,/kameari/aoto-station/all/,station
綾瀬駅,北千住・亀有,kameari,/kameari/ayase-station/all/,station
五反野駅,北千住・亀有,kameari,/kameari/gotanno-station/all/,station
堀切菖蒲園駅,北千住・亀有,kameari,/kameari/horikirishobuen-station/all/,station
亀有駅,北千住・亀有,kameari,/kameari/kameari-station/all/,station
金町駅,北千住・亀有,kameari,/kameari/kanamachi-station/all/,station
北綾瀬駅,北千住・亀有,kameari,/kameari/kitaayase-station/all/,station
北千住駅,北千住・亀有,kameari,/kameari/kitasenju-station/all/,station
南千住駅,北千住・亀有,kameari,/kameari/minamisenju-station/all/,station
西新井駅,北千住・亀有,kameari,/kameari/nishiarai-station/all/,station
竹ノ塚駅,北千住・亀有,kameari,/kameari/takenozuka-station/all/,station
平井駅,亀戸・小岩,kameido,/kameido/hirai-station/all/,station
亀戸駅,亀戸・小岩,kameido,/kameido/kameido-station/all/,station
小岩駅,亀戸・小岩,kameido,/kameido/koiwa-station/all/,station
西大島駅,亀戸・小岩,kameido,/kameido/nishiojima-station/all/,station
大島駅,亀戸・小岩,kameido,/kameido/ojima-station/all/,station
新小岩駅,亀戸・小岩,kameido,/kameido/shinkoiwa-station/all/,station
日比野駅,金山・熱田,kanayama,/kanayama/hibino-station/all/,station
東別院駅,金山・熱田,kanayama,/kanayama/higashibetsuin-station/all/,station
金山駅,金山・熱田,kanayama,/kanayama/kanayama-station/all/,station
尾頭橋駅,金山・熱田,kanayama,/kanayama/otobashi-station/all/,station
神保町駅,神田,kanda,/kanda/jinbocho-station/all/,station
神田駅北口・西口,神田,kanda,/kanda/kanda-station-north-west/all/,station
神田駅南口・東口,神田,kanda,/kanda/kanda-station-south-east/all/,station
小川町駅・淡路町駅,神田,kanda,/kanda/ogawacho-station/all/,station
有松駅,笠寺・柴田,kasadera,/kasadera/arimatsu-station/all/,station
中京競馬場前駅,笠寺・柴田,kasadera,/kasadera/chukyokeibajomae-station/all/,station
道徳駅,笠寺・柴田,kasadera,/kasadera/dotoku-station/all/,station
笠寺駅・本笠寺駅,笠寺・柴田,kasadera,/kasadera/kasadera-station/all/,station
本星崎駅,笠寺・柴田,kasadera,/kasadera/motohoshizaki-station/all/,station
鳴海駅,笠寺・柴田,kasadera,/kasadera/narumi-station/all/,station
大高駅,笠寺・柴田,kasadera,/kasadera/odaka-station/all/,station
大江駅,笠寺・柴田,kasadera,/kasadera/oe-station/all/,station
左京山駅,笠寺・柴田,kasadera,/kasadera/sakyoyama-station/all/,station
柴田駅,笠寺・柴田,kasadera,/kasadera/shibata-station/all/,station
船堀駅,葛西・西葛西,kasai,/kasai/funabori-station/all/,station
葛西駅,葛西・西葛西,kasai,/kasai/kasai-station/all/,station
瑞江駅,葛西・西葛西,kasai,/kasai/mizue-station/all/,station
西葛西駅,葛西・西葛西,kasai,/kasai/nishikasai-station/all/,station
篠崎駅,葛西・西葛西,kasai,/kasai/shinozaki-station/all/,station
我孫子駅,柏・我孫子,kashiwa,/kashiwa/abiko-station/all/,station
柏駅,柏・我孫子,kashiwa,/kashiwa/kashiwa-station/all/,station
南柏駅,柏・我孫子,kashiwa,/kashiwa/minamikashiwa-station/all/,station
天王台駅,柏・我孫子,kashiwa,/kashiwa/tennodai-station/all/,station
鹿島田駅,川崎・鶴見,kawasaki,/kawasaki/kashimada-station/all/,station
川崎駅,川崎・鶴見,kawasaki,/kawasaki/kawasaki-station/all/,station
鶴見駅・京急鶴見駅,川崎・鶴見,kawasaki,/kawasaki/tsurumi-station/all/,station
矢向駅,川崎・鶴見,kawasaki,/kawasaki/yako-station/all/,station
東小金井駅,吉祥寺・三鷹,kichijoji,/kichijoji/higashikoganei-station/all/,station
吉祥寺駅,吉祥寺・三鷹,kichijoji,/kichijoji/kichijoji-station/all/,station
三鷹駅,吉祥寺・三鷹,kichijoji,/kichijoji/mitaka-station/all/,station
武蔵小金井駅,吉祥寺・三鷹,kichijoji,/kichijoji/musashikoganei-station/all/,station
武蔵境駅,吉祥寺・三鷹,kichijoji,/kichijoji/musashisakai-station/all/,station
本所吾妻橋駅,錦糸町・押上・両国,kinshicho,/kinshicho/honjoazumabashi-station/all/,station
錦糸町駅,錦糸町・押上・両国,kinshicho,/kinshicho/kinshicho-station/all/,station
森下駅,錦糸町・押上・両国,kinshicho,/kinshicho/morishita-station/all/,station
押上駅,錦糸町・押上・両国,kinshicho,/kinshicho/oshiage-station/all/,station
両国駅,錦糸町・押上・両国,kinshicho,/kinshicho/ryogoku-station/all/,station
平和通駅,北九州・小倉,kitakyushu,/kitakyushu/heiwadori-station/all/,station
飯塚駅,北九州・小倉,kitakyushu,/kitakyushu/iizuka-station/all/,station
片野駅,北九州・小倉,kitakyushu,/kitakyushu/katano-station/all/,station
香春口三萩野駅,北九州・小倉,kitakyushu,/kitakyushu/kawaraguchimihagino-station/all/,station
小倉駅,北九州・小倉,kitakyushu,/kitakyushu/kokura-station/all/,station
黒崎駅,北九州・小倉,kitakyushu,/kitakyushu/kurosaki-station/all/,station
南小倉駅,北九州・小倉,kitakyushu,/kitakyushu/minamikokura-station/all/,station
西小倉駅,北九州・小倉,kitakyushu,/kitakyushu/nishikokura-station/all/,station
旦過駅,北九州・小倉,kitakyushu,/kitakyushu/tanga-station/all/,station
神戸駅・三宮駅・元町駅,神戸・三宮,kobe,/kobe/kobe-station/all/,station
西元町駅,神戸・三宮,kobe,/kobe/nishimotomachi-station/all/,station
新長田駅,神戸・三宮,kobe,/kobe/shinnagata-station/all/,station
垂水駅,神戸・三宮,kobe,/kobe/tarumi-station/all/,station
国分寺駅,国分寺・国立,kokubunji,/kokubunji/kokubunji-station/all/,station
国立駅,国分寺・国立,kokubunji,/kokubunji/kunitachi-station/all/,station
西国分寺駅,国分寺・国立,kokubunji,/kokubunji/nishikokubunji-station/all/,station
蒲生駅,越谷・春日部,koshigaya,/koshigaya/gamou-station/all/,station
春日部駅,越谷・春日部,koshigaya,/koshigaya/kasukabe-station/all/,station
北越谷駅,越谷・春日部,koshigaya,/koshigaya/kitakoshigaya-station/all/,station
越谷駅,越谷・春日部,koshigaya,/koshigaya/koshigaya-station/all/,station
せんげん台駅,越谷・春日部,koshigaya,/koshigaya/sengendai-station/all/,station
新越谷駅・南越谷駅,越谷・春日部,koshigaya,/koshigaya/shinkoshigaya-station/all/,station
秋津駅・新秋津駅,久米川・秋津,kumegawa,/kumegawa/akitsu-station/all/,station
花小金井駅,久米川・秋津,kumegawa,/kumegawa/hanakoganei-station/all/,station
東村山駅,久米川・秋津,kumegawa,/kumegawa/higashimurayama-station/all/,station
一橋学園駅,久米川・秋津,kumegawa,/kumegawa/hitotsubashigakuen-station/all/,station
久米川駅,久米川・秋津,kumegawa,/kumegawa/kumegawa-station/all/,station
茶屋ヶ坂駅,黒川・大曽根,kurokawa,/kurokawa/chayagasaka-station/all/,station
平安通駅,黒川・大曽根,kurokawa,/kurokawa/heiandori-station/all/,station
上飯田駅,黒川・大曽根,kurokawa,/kurokawa/kamiida-station/all/,station
黒川駅,黒川・大曽根,kurokawa,/kurokawa/kurokawa-station/all/,station
大曽根駅,黒川・大曽根,kurokawa,/kurokawa/ozone-station/all/,station
志賀本通駅,黒川・大曽根,kurokawa,/kurokawa/shigahondori-station/all/,station
土居駅,京橋・守口,kyobashi,/kyobashi/doi-station/all/,station
京橋駅,京橋・守口,kyobashi,/kyobashi/kyobashi-station/all/,station
守口駅,京橋・守口,kyobashi,/kyobashi/moriguchi-station/all/,station
守口市駅,京橋・守口,kyobashi,/kyobashi/moriguchishi-station/all/,station
祇園四条駅,京都・祇園,kyoto,/kyoto/gionshijo-station/all/,station
五条駅,京都・祇園,kyoto,/kyoto/gojo-station/all/,station
今出川駅,京都・祇園,kyoto,/kyoto/imadegawa-station/all/,station
烏丸御池駅,京都・祇園,kyoto,/kyoto/karasumaoike-station/all/,station
京都河原町駅,京都・祇園,kyoto,/kyoto/kawaramachi-station/all/,station
京都駅,京都・祇園,kyoto,/kyoto/kyoto-station/all/,station
丸太町駅,京都・祇園,kyoto,/kyoto/marutamachi-station/all/,station
椥辻駅,京都・祇園,kyoto,/kyoto/nagitsuji-station/all/,station
二条駅,京都・祇園,kyoto,/kyoto/nijo-station/all/,station
西大路駅,京都・祇園,kyoto,/kyoto/nishioji-station/all/,station
大宮駅・四条大宮駅,京都・祇園,kyoto,/kyoto/omiya-station/all/,station
西院駅,京都・祇園,kyoto,/kyoto/saiin-station/all/,station
三条駅・京都市役所前駅,京都・祇園,kyoto,/kyoto/sanjo-station/all/,station
七条駅,京都・祇園,kyoto,/kyoto/shichijo-station/all/,station
四条駅・烏丸駅,京都・祇園,kyoto,/kyoto/shijo-station/all/,station
東福寺駅,京都・祇園,kyoto,/kyoto/tofukuji-station/all/,station
町田駅,町田・鶴川,machida,/machida/machida-station/all/,station
鶴川駅,町田・鶴川,machida,/machida/tsurukawa-station/all/,station
五香駅,松戸・八柱,matsudo,/matsudo/goko-station/all/,station
東松戸駅,松戸・八柱,matsudo,/matsudo/higashimatsudo-station/all/,station
北小金駅,松戸・八柱,matsudo,/matsudo/kitakogane-station/all/,station
北松戸駅,松戸・八柱,matsudo,/matsudo/kitamatsudo-station/all/,station
松戸駅,松戸・八柱,matsudo,/matsudo/matsudo-station/all/,station
新松戸駅,松戸・八柱,matsudo,/matsudo/shinmatsudo-station/all/,station
八柱駅・新八柱駅,松戸・八柱,matsudo,/matsudo/yabashira-station/all/,station
不動前駅,目黒・武蔵小山,meguro,/meguro/fudomae-station/all/,station
目黒駅,目黒・武蔵小山,meguro,/meguro/meguro-station/all/,station
武蔵小山駅,目黒・武蔵小山,meguro,/meguro/musashikoyama-station/all/,station
西小山駅,目黒・武蔵小山,meguro,/meguro/nishikoyama-station/all/,station
二子新地駅,溝,mizonokuchi,/mizonokuchi/futakoshinchi-station/all/,station
二子玉川駅,溝,mizonokuchi,/mizonokuchi/futakotamagawa-station/all/,station
溝の口駅,溝,mizonokuchi,/mizonokuchi/mizonokuchi-station/all/,station
武蔵新城駅,溝,mizonokuchi,/mizonokuchi/musashishinjo-station/all/,station
木場駅,門前仲町・東陽町,monnaka,/monnaka/kiba-station/all/,station
門前仲町駅,門前仲町・東陽町,monnaka,/monnaka/monzennakacho-station/all/,station
東陽町駅,門前仲町・東陽町,monnaka,/monnaka/toyocho-station/all/,station
印場駅,守山・小幡,moriyama,/moriyama/inba-station/all/,station
喜多山駅,守山・小幡,moriyama,/moriyama/kitayama-station/all/,station
小幡駅,守山・小幡,moriyama,/moriyama/obata-station/all/,station
大森・金城学院前駅,守山・小幡,moriyama,/moriyama/omorikinjogakuinmae-station/all/,station
新守山駅,守山・小幡,moriyama,/moriyama/shinmoriyama-station/all/,station
日吉駅,武蔵小杉・日吉,musashikosugi,/musashikosugi/hiyoshi-station/all/,station
元住吉駅,武蔵小杉・日吉,musashikosugi,/musashikosugi/motosumiyoshi-station/all/,station
武蔵小杉駅・新丸子駅,武蔵小杉・日吉,musashikosugi,/musashikosugi/musashikosugi-station/all/,station
綱島駅,武蔵小杉・日吉,musashikosugi,/musashikosugi/tsunashima-station/all/,station
八田駅,名古屋・名駅・納屋橋,nagoya,/nagoya/hatta-station/all/,station
本陣駅,名古屋・名駅・納屋橋,nagoya,/nagoya/honjin-station/all/,station
岩塚駅,名古屋・名駅・納屋橋,nagoya,/nagoya/iwatsuka-station/all/,station
亀島駅,名古屋・名駅・納屋橋,nagoya,/nagoya/kamejima-station/all/,station
国際センター駅,名古屋・名駅・納屋橋,nagoya,/nagoya/kokusaicenter-station/all/,station
名古屋駅,名古屋・名駅・納屋橋,nagoya,/nagoya/nagoya-station/all/,station
中村公園駅,名古屋・名駅・納屋橋,nagoya,/nagoya/nakamurakoen-station/all/,station
栄生駅,名古屋・名駅・納屋橋,nagoya,/nagoya/sako-station/all/,station
太閤通駅,名古屋・名駅・納屋橋,nagoya,/nagoya/taikoudori-station/all/,station
東高円寺駅,中野・高円寺,nakano,/nakano/higashikoenji-station/all/,station
東中野駅,中野・高円寺,nakano,/nakano/higashinakano-station/all/,station
方南町駅,中野・高円寺,nakano,/nakano/honancho-station/all/,station
高円寺駅,中野・高円寺,nakano,/nakano/koenji-station/all/,station
中野駅,中野・高円寺,nakano,/nakano/nakano-station/all/,station
中野坂上駅,中野・高円寺,nakano,/nakano/nakanosakaue-station/all/,station
中野新橋駅,中野・高円寺,nakano,/nakano/nakanoshinbashi-station/all/,station
新高円寺駅,中野・高円寺,nakano,/nakano/shinkoenji-station/all/,station
江古田駅,西武池袋線・練馬・江古田,nerima,/nerima/ekoda-station/all/,station
中村橋駅,西武池袋線・練馬・江古田,nerima,/nerima/nakamurabashi-station/all/,station
練馬駅,西武池袋線・練馬・江古田,nerima,/nerima/nerima-station/all/,station
大泉学園駅,西武池袋線・練馬・江古田,nerima,/nerima/oizumigakuen-station/all/,station
桜台駅・新桜台駅,西武池袋線・練馬・江古田,nerima,/nerima/sakuradai-station/all/,station
石神井公園駅,西武池袋線・練馬・江古田,nerima,/nerima/shakujiikoen-station/all/,station
馬喰町駅・馬喰横山駅・東日本橋駅,日本橋・茅場町,nihonbashi,/nihonbashi/bakurocho-station/all/,station
茅場町駅,日本橋・茅場町,nihonbashi,/nihonbashi/kayabacho-station/all/,station
小伝馬町駅・新日本橋駅,日本橋・茅場町,nihonbashi,/nihonbashi/kodenmacho-station/all/,station
日本橋駅,日本橋・茅場町,nihonbashi,/nihonbashi/nihonbashi-station/all/,station
水天宮前駅・人形町駅,日本橋・茅場町,nihonbashi,/nihonbashi/suitengumae-station/all/,station
入谷駅,鶯谷・日暮里,nippori,/nippori/iriya-station/all/,station
町屋駅,鶯谷・日暮里,nippori,/nippori/machiya-station/all/,station
三ノ輪駅,鶯谷・日暮里,nippori,/nippori/minowa-station/all/,station
日暮里駅・西日暮里駅,鶯谷・日暮里,nippori,/nippori/nippori-station/all/,station
鶯谷駅,鶯谷・日暮里,nippori,/nippori/uguisudani-station/all/,station
鳩ヶ谷駅,西川口・蕨,nishikawaguchi,/nishikawaguchi/hatogaya-station/all/,station
川口駅,西川口・蕨,nishikawaguchi,/nishikawaguchi/kawaguchi-station/all/,station
西川口駅,西川口・蕨,nishikawaguchi,/nishikawaguchi/nishikawaguchi-station/all/,station
蕨駅,西川口・蕨,nishikawaguchi,/nishikawaguchi/warabi-station/all/,station
東三国駅,西中島・新大阪,nishinakajima,/nishinakajima/higashimikuni-station/all/,station
西中島南方駅・南方駅,西中島・新大阪,nishinakajima,/nishinakajima/nishinakajima-station/all/,station
新大阪駅,西中島・新大阪,nishinakajima,/nishinakajima/shinosaka-station/all/,station
ひばりヶ丘駅,西東京・東久留米・清瀬,nishitokyo,/nishitokyo/hibarigaoka-station/all/,station
東久留米駅,西東京・東久留米・清瀬,nishitokyo,/nishitokyo/higashikurume-station/all/,station
保谷駅,西東京・東久留米・清瀬,nishitokyo,/nishitokyo/houya-station/all/,station
清瀬駅,西東京・東久留米・清瀬,nishitokyo,/nishitokyo/kiyose-station/all/,station
田無駅,西東京・東久留米・清瀬,nishitokyo,/nishitokyo/tanashi-station/all/,station
稲田堤駅・京王稲田堤駅,登戸・向ヶ丘遊園,noborito,/noborito/inadazutsumi-station/all/,station
向ヶ丘遊園駅,登戸・向ヶ丘遊園,noborito,/noborito/mukogaokayuen-station/all/,station
登戸駅,登戸・向ヶ丘遊園,noborito,/noborito/noborito-station/all/,station
新百合ヶ丘駅,登戸・向ヶ丘遊園,noborito,/noborito/shinyurigaoka-station/all/,station
百合ヶ丘駅,登戸・向ヶ丘遊園,noborito,/noborito/yurigaoka-station/all/,station
小田原駅,小田原,odawara,/odawara/odawara-station/all/,station
東戸塚駅,大船・戸塚,ofuna,/ofuna/higashitotsuka-station/all/,station
上永谷駅,大船・戸塚,ofuna,/ofuna/kaminagaya-station/all/,station
上大岡駅,大船・戸塚,ofuna,/ofuna/kamiooka-station/all/,station
港南台駅,大船・戸塚,ofuna,/ofuna/konandai-station/all/,station
大船駅,大船・戸塚,ofuna,/ofuna/ofuna-station/all/,station
追浜駅,大船・戸塚,ofuna,/ofuna/oppama-station/all/,station
杉田駅・新杉田駅,大船・戸塚,ofuna,/ofuna/sugita-station/all/,station
戸塚駅,大船・戸塚,ofuna,/ofuna/totsuka-station/all/,station
逗子駅,大船・戸塚,ofuna,/ofuna/zushi-station/all/,station
阿佐ヶ谷駅,荻窪・阿佐ヶ谷,ogikubo,/ogikubo/asagaya-station/all/,station
西荻窪駅,荻窪・阿佐ヶ谷,ogikubo,/ogikubo/nishiogikubo-station/all/,station
荻窪駅,荻窪・阿佐ヶ谷,ogikubo,/ogikubo/ogikubo-station/all/,station
新大久保駅・大久保駅,大久保・高田馬場,okubo,/okubo/okubo-station/all/,station
高田馬場駅・西早稲田駅,大久保・高田馬場,okubo,/okubo/takadanobaba-station/all/,station
東大宮駅,大宮・さいたま,omiya,/omiya/higashiomiya-station/all/,station
日進駅,大宮・さいたま,omiya,/omiya/nisshin-station/all/,station
大宮駅,大宮・さいたま,omiya,/omiya/omiya-station/all/,station
さいたま新都心駅,大宮・さいたま,omiya,/omiya/saitamashintoshin-station/all/,station
土呂駅,大宮・さいたま,omiya,/omiya/toro-station/all/,station
上板橋駅,東武東上線・大山・下赤塚,ooyama,/ooyama/kamiitabashi-station/all/,station
中板橋駅,東武東上線・大山・下赤塚,ooyama,/ooyama/nakaitabashi-station/all/,station
成増駅,東武東上線・大山・下赤塚,ooyama,/ooyama/narimasu-station/all/,station
大山駅,東武東上線・大山・下赤塚,ooyama,/ooyama/ooyama-station/all/,station
下赤塚駅,東武東上線・大山・下赤塚,ooyama,/ooyama/shimoakatsuka-station/all/,station
東武練馬駅,東武東上線・大山・下赤塚,ooyama,/ooyama/tobunerima-station/all/,station
ときわ台駅,東武東上線・大山・下赤塚,ooyama,/ooyama/tokiwadai-station/all/,station
福島駅,大阪キタ・梅田,osakakita,/osakakita/fukushima-station/all/,station
東梅田駅,大阪キタ・梅田,osakakita,/osakakita/higashiumeda-station/all/,station
西梅田駅・北新地駅,大阪キタ・梅田,osakakita,/osakakita/nishiumeda-station/all/,station
野田駅,大阪キタ・梅田,osakakita,/osakakita/noda-station/all/,station
梅田駅,大阪キタ・梅田,osakakita,/osakakita/umeda-station/all/,station
大国町駅,難波・日本橋,osakaminami,/osakaminami/daikokucho-station/all/,station
恵美須町駅,難波・日本橋,osakaminami,/osakaminami/ebisucho-station/all/,station
難波駅（なんば）,難波・日本橋,osakaminami,/osakaminami/nanba-station/all/,station
日本橋駅（大阪）,難波・日本橋,osakaminami,/osakaminami/nipponbashi-station/all/,station
桜川駅,難波・日本橋,osakaminami,/osakaminami/sakuragawa-station/all/,station
新今宮駅,難波・日本橋,osakaminami,/osakaminami/shinimamiya-station/all/,station
天下茶屋駅,難波・日本橋,osakaminami,/osakaminami/tengachaya-station/all/,station
味鋺駅,小田井・比良,otai,/otai/ajima-station/all/,station
味美駅,小田井・比良,otai,/otai/ajiyoshi-station/all/,station
比良駅,小田井・比良,otai,/otai/hira-station/all/,station
浄心駅,小田井・比良,otai,/otai/joshin-station/all/,station
小田井駅・上小田井駅,小田井・比良,otai,/otai/otai-station/all/,station
庄内通駅,小田井・比良,otai,/otai/shonaidori-station/all/,station
駒込駅,大塚・巣鴨・駒込,otsuka,/otsuka/komagome-station/all/,station
大塚駅,大塚・巣鴨・駒込,otsuka,/otsuka/otsuka-station/all/,station
新大塚駅,大塚・巣鴨・駒込,otsuka,/otsuka/shinotsuka-station/all/,station
巣鴨駅,大塚・巣鴨・駒込,otsuka,/otsuka/sugamo-station/all/,station
赤羽橋駅,六本木・麻布十番,roppongi,/roppongi/akabanebashi-station/all/,station
麻布十番駅,六本木・麻布十番,roppongi,/roppongi/azabujuban-station/all/,station
乃木坂駅,六本木・麻布十番,roppongi,/roppongi/nogizaka-station/all/,station
六本木駅,六本木・麻布十番,roppongi,/roppongi/roppongi-station/all/,station
淵野辺駅,相模原・橋本,sagamihara,/sagamihara/fuchinobe-station/all/,station
橋本駅,相模原・橋本,sagamihara,/sagamihara/hashimoto-station/all/,station
相模原駅,相模原・橋本,sagamihara,/sagamihara/sagamihara-station/all/,station
矢部駅,相模原・橋本,sagamihara,/sagamihara/yabe-station/all/,station
小田急相模原駅,相模大野・小田急相模原,sagamiono,/sagamiono/odakyusagamihara-station/all/,station
相模大野駅,相模大野・小田急相模原,sagamiono,/sagamiono/sagamiono-station/all/,station
青葉台駅,鷺沼・たまプラーザ・青葉台,saginuma,/saginuma/aobadai-station/all/,station
あざみ野駅,鷺沼・たまプラーザ・青葉台,saginuma,/saginuma/azamino-station/all/,station
センター北駅,鷺沼・たまプラーザ・青葉台,saginuma,/saginuma/centerkita-station/all/,station
センター南駅,鷺沼・たまプラーザ・青葉台,saginuma,/saginuma/centerminami-station/all/,station
宮崎台駅,鷺沼・たまプラーザ・青葉台,saginuma,/saginuma/miyazakidai-station/all/,station
長津田駅,鷺沼・たまプラーザ・青葉台,saginuma,/saginuma/nagatsuta-station/all/,station
鷺沼駅,鷺沼・たまプラーザ・青葉台,saginuma,/saginuma/saginuma-station/all/,station
たまプラーザ駅,鷺沼・たまプラーザ・青葉台,saginuma,/saginuma/tamapuraza-station/all/,station
丸の内駅・伏見駅,栄,sakae,/sakae/marunouchi-station/all/,station
栄駅・久屋大通駅,栄,sakae,/sakae/sakae-station/all/,station
矢場町駅,栄,sakae,/sakae/yabacho-station/all/,station
御陵前駅,堺・南大阪,sakai,/sakai/goryomae-station/all/,station
なかもず駅,堺・南大阪,sakai,/sakai/nakamozu-station/all/,station
堺駅,堺・南大阪,sakai,/sakai/sakai-station/all/,station
堺東駅,堺・南大阪,sakai,/sakai/sakaihigashi-station/all/,station
堺市駅,堺・南大阪,sakai,/sakai/sakaishi-station/all/,station
桜新町駅,三軒茶屋,sangenjaya,/sangenjaya/Sakurashimmachi-station/all/,station
池尻大橋駅,三軒茶屋,sangenjaya,/sangenjaya/ikejiri-station/all/,station
駒沢大学駅,三軒茶屋,sangenjaya,/sangenjaya/komazawadaigaku-station/all/,station
三軒茶屋駅北口・パティオ口,三軒茶屋,sangenjaya,/sangenjaya/sangenjaya-station-north/all/,station
三軒茶屋駅南口,三軒茶屋,sangenjaya,/sangenjaya/sangenjaya-station-south/all/,station
用賀駅,三軒茶屋,sangenjaya,/sangenjaya/yoga-station/all/,station
上井草駅,西武新宿線・上石神井,shakujii,/shakujii/kamiigusa-station/all/,station
上石神井駅,西武新宿線・上石神井,shakujii,/shakujii/kamishakujii-station/all/,station
武蔵関駅,西武新宿線・上石神井,shakujii,/shakujii/musashiseki-station/all/,station
鷺ノ宮駅,西武新宿線・上石神井,shakujii,/shakujii/saginomiya-station/all/,station
原宿駅・表参道駅・青山駅,渋谷・代々木・原宿,shibuya,/shibuya/harajuku-station/all/,station
北参道駅,渋谷・代々木・原宿,shibuya,/shibuya/kitasando-station/all/,station
渋谷駅,渋谷・代々木・原宿,shibuya,/shibuya/shibuya-station/all/,station
神泉駅,渋谷・代々木・原宿,shibuya,/shibuya/shinsen-station/all/,station
代々木駅,渋谷・代々木・原宿,shibuya,/shibuya/yoyogi-station/all/,station
朝霞駅,志木・みずほ台,shiki,/shiki/asaka-station/all/,station
朝霞台駅・北朝霞駅,志木・みずほ台,shiki,/shiki/asakadai-station/all/,station
ふじみ野駅,志木・みずほ台,shiki,/shiki/fujimino-station/all/,station
上福岡駅,志木・みずほ台,shiki,/shiki/kamifukuoka-station/all/,station
みずほ台駅,志木・みずほ台,shiki,/shiki/mizuhodai-station/all/,station
新座駅,志木・みずほ台,shiki,/shiki/niiza-station/all/,station
志木駅,志木・みずほ台,shiki,/shiki/shiki-station/all/,station
鶴瀬駅,志木・みずほ台,shiki,/shiki/tsuruse-station/all/,station
和光市駅,志木・みずほ台,shiki,/shiki/wakoshi-station/all/,station
千歳船橋駅,小田急線沿線・下北沢,shimokitazawa,/shimokitazawa/chitosefunabashi-station/all/,station
喜多見駅,小田急線沿線・下北沢,shimokitazawa,/shimokitazawa/kitami-station/all/,station
経堂駅,小田急線沿線・下北沢,shimokitazawa,/shimokitazawa/kyodo-station/all/,station
下北沢駅,小田急線沿線・下北沢,shimokitazawa,/shimokitazawa/shimokitazawa-station/all/,station
新代田駅,小田急線沿線・下北沢,shimokitazawa,/shimokitazawa/shindaita-station/all/,station
祖師ヶ谷大蔵駅,小田急線沿線・下北沢,shimokitazawa,/shimokitazawa/soshigayaokura-station/all/,station
代々木上原駅,小田急線沿線・下北沢,shimokitazawa,/shimokitazawa/yoyogiuehara-station/all/,station
浜松町駅・大門駅,品川・田町・浜松町,shinagawa,/shinagawa/hamamatsucho-station/all/,station
泉岳寺駅,品川・田町・浜松町,shinagawa,/shinagawa/sengakuji-station/all/,station
芝公園駅,品川・田町・浜松町,shinagawa,/shinagawa/shibakoen-station/all/,station
品川駅,品川・田町・浜松町,shinagawa,/shinagawa/shinagawa-station/all/,station
白金高輪駅,品川・田町・浜松町,shinagawa,/shinagawa/shirokanetakanawa-station/all/,station
田町駅・三田駅,品川・田町・浜松町,shinagawa,/shinagawa/tamachi-station/all/,station
天王洲アイル駅,品川・田町・浜松町,shinagawa,/shinagawa/tennozuisle-station/all/,station
御成門駅,新橋,shinbashi,/shinbashi/onarimon-station/all/,station
新橋駅銀座口,新橋,shinbashi,/shinbashi/shinbashi-station-ginza/all/,station
新橋駅日比谷口,新橋,shinbashi,/shinbashi/shinbashi-station-hibiya/all/,station
新橋駅烏森口,新橋,shinbashi,/shinbashi/shinbashi-station-karasumori/all/,station
内幸町駅・虎ノ門駅,新橋,shinbashi,/shinbashi/toranomon-station/all/,station
西新宿五丁目駅,新宿,shinjuku,/shinjuku/nishishinjukugochome-station/all/,station
新宿駅東口・東新宿駅（歌舞伎町）,新宿,shinjuku,/shinjuku/shinjuku-station-east/all/,station
新宿駅南口・東南口,新宿,shinjuku,/shinjuku/shinjuku-station-south/all/,station
新宿駅西口・西新宿駅,新宿,shinjuku,/shinjuku/shinjuku-station-west/all/,station
新宿御苑前駅,新宿,shinjuku,/shinjuku/shinjukugyoen-station/all/,station
長堀橋駅・松屋町駅,心斎橋,shinsaibashi,/shinsaibashi/nagahoribashi-station/all/,station
西長堀駅,心斎橋,shinsaibashi,/shinsaibashi/nishinagahori-station/all/,station
心斎橋駅・四ツ橋駅・西大橋駅,心斎橋,shinsaibashi,/shinsaibashi/shinsaibashi-station/all/,station
千種駅,新栄町・千種・今池,shinsakae,/shinsakae/chikusa-station/all/,station
吹上駅,新栄町・千種・今池,shinsakae,/shinsakae/fukiage-station/all/,station
池下駅,新栄町・千種・今池,shinsakae,/shinsakae/ikeshita-station/all/,station
今池駅,新栄町・千種・今池,shinsakae,/shinsakae/imaike-station/all/,station
覚王山駅,新栄町・千種・今池,shinsakae,/shinsakae/kakuozan-station/all/,station
新栄町駅,新栄町・千種・今池,shinsakae,/shinsakae/shinsakaemachi-station/all/,station
高岳駅,新栄町・千種・今池,shinsakae,/shinsakae/takaoka-station/all/,station
菊名駅,新横浜・菊名,shinyokohama,/shinyokohama/kikuna-station/all/,station
中山駅,新横浜・菊名,shinyokohama,/shinyokohama/nakayama-station/all/,station
大倉山駅,新横浜・菊名,shinyokohama,/shinyokohama/okurayama-station/all/,station
新横浜駅,新横浜・菊名,shinyokohama,/shinyokohama/shinyokohama-station/all/,station
荒畑駅,名古屋・昭和区・天白区,showa,/showa/arahata-station/all/,station
御器所駅,名古屋・昭和区・天白区,showa,/showa/gokiso-station/all/,station
原駅,名古屋・昭和区・天白区,showa,/showa/hara-station/all/,station
平針駅,名古屋・昭和区・天白区,showa,/showa/hirabari-station/all/,station
川名駅,名古屋・昭和区・天白区,showa,/showa/kawana-station/all/,station
塩釜口駅,名古屋・昭和区・天白区,showa,/showa/shiogamaguchi-station/all/,station
植田駅,名古屋・昭和区・天白区,showa,/showa/ueda-station/all/,station
新田駅,草加・谷塚,souka,/souka/shinden-station/all/,station
草加駅,草加・谷塚,souka,/souka/souka-station/all/,station
谷塚駅,草加・谷塚,souka,/souka/yatsuka-station/all/,station
後楽園駅,水道橋・御茶ノ水,suidobashi,/suidobashi/korakuen-station/all/,station
水道橋駅,水道橋・御茶ノ水,suidobashi,/suidobashi/suidobashi-station/all/,station
立川駅北口,立川,tachikawa,/tachikawa/tachikawa-station-north/all/,station
立川駅南口,立川,tachikawa,/tachikawa/tachikawa-station-south/all/,station
平野駅,谷町九丁目,tanikyu,/tanikyu/hirano-station/all/,station
喜連瓜破駅,谷町九丁目,tanikyu,/tanikyu/kireuriwari-station/all/,station
玉造駅,谷町九丁目,tanikyu,/tanikyu/tamatsukuri-station/all/,station
谷町九丁目駅・上本町駅,谷町九丁目,tanikyu,/tanikyu/tanikyu-station/all/,station
谷町六丁目駅,谷町九丁目,tanikyu,/tanikyu/taniroku-station/all/,station
天王寺駅・寺田町駅,谷町九丁目,tanikyu,/tanikyu/tennoji-station/all/,station
東部市場前駅,谷町九丁目,tanikyu,/tanikyu/tobushijomae-station/all/,station
鶴橋駅,谷町九丁目,tanikyu,/tanikyu/tsuruhashi-station/all/,station
南森町駅・大阪天満宮駅,天満・南森町,tenma,/tenma/minamimorimachi-station/all/,station
中崎町駅,天満・南森町,tenma,/tenma/nakazakicho-station/all/,station
天満駅・扇町駅,天満・南森町,tenma,/tenma/tenma-station/all/,station
天満橋駅,天満・南森町,tenma,/tenma/tenmabashi-station/all/,station
天神橋筋六丁目駅,天満・南森町,tenma,/tenma/tenroku-station/all/,station
荒子川公園駅,東海通・高畑,tokaidori,/tokaidori/arakogawakoen-station/all/,station
港北駅,東海通・高畑,tokaidori,/tokaidori/kohoku-station/all/,station
南荒子駅,東海通・高畑,tokaidori,/tokaidori/minamiarako-station/all/,station
港区役所駅,東海通・高畑,tokaidori,/tokaidori/minatokuyakusho-station/all/,station
中島駅,東海通・高畑,tokaidori,/tokaidori/nakajima-station/all/,station
高畑駅,東海通・高畑,tokaidori,/tokaidori/takabata-station/all/,station
戸田駅,東海通・高畑,tokaidori,/tokaidori/toda-station/all/,station
東海通駅,東海通・高畑,tokaidori,/tokaidori/tokaidori-station/all/,station
築地口駅,東海通・高畑,tokaidori,/tokaidori/tsukijiguchi-station/all/,station
東所沢駅,所沢・入間,tokorozawa,/tokorozawa/higashitokorozawa-station/all/,station
小手指駅,所沢・入間,tokorozawa,/tokorozawa/kotesashi-station/all/,station
西所沢駅,所沢・入間,tokorozawa,/tokorozawa/nishitokorozawa-station/all/,station
狭山ヶ丘駅,所沢・入間,tokorozawa,/tokorozawa/sayamagaoka-station/all/,station
新所沢駅,所沢・入間,tokorozawa,/tokorozawa/shintokorozawa-station/all/,station
所沢駅,所沢・入間,tokorozawa,/tokorozawa/tokorozawa-station/all/,station
八丁堀駅,東京・八重洲,tokyo,/tokyo/hatchobori-station/all/,station
京橋駅・宝町駅,東京・八重洲,tokyo,/tokyo/kyobashi-station/all/,station
東京駅（八重洲・丸の内）,東京・八重洲,tokyo,/tokyo/tokyo-station/all/,station
北習志野駅,津田沼・習志野,tsudanuma,/tsudanuma/kitanarashino-station/all/,station
実籾駅,津田沼・習志野,tsudanuma,/tsudanuma/mimomi-station/all/,station
高根公団駅,津田沼・習志野,tsudanuma,/tsudanuma/takanekodan-station/all/,station
津田沼駅,津田沼・習志野,tsudanuma,/tsudanuma/tsudanuma-station/all/,station
上前津駅,大須・鶴舞,tsurumai,/tsurumai/kamimaezu-station/all/,station
大須観音駅,大須・鶴舞,tsurumai,/tsurumai/osukannon-station/all/,station
鶴舞駅,大須・鶴舞,tsurumai,/tsurumai/tsurumai-station/all/,station
浅草駅・田原町駅,上野・浅草・御徒町,ueno,/ueno/asakusa-station/all/,station
稲荷町駅,上野・浅草・御徒町,ueno,/ueno/inaricho-station/all/,station
御徒町駅・湯島駅,上野・浅草・御徒町,ueno,/ueno/okachimachi-station/all/,station
上野駅,上野・浅草・御徒町,ueno,/ueno/ueno-station/all/,station
東川口駅,浦和・武蔵浦和,urawa,/urawa/higashikawaguchi-station/all/,station
東浦和駅,浦和・武蔵浦和,urawa,/urawa/higashiurawa-station/all/,station
北浦和駅,浦和・武蔵浦和,urawa,/urawa/kitaurawa-station/all/,station
北与野駅,浦和・武蔵浦和,urawa,/urawa/kitayono-station/all/,station
南浦和駅,浦和・武蔵浦和,urawa,/urawa/minamiurawa-station/all/,station
武蔵浦和駅,浦和・武蔵浦和,urawa,/urawa/musashiurawa-station/all/,station
浦和駅,浦和・武蔵浦和,urawa,/urawa/urawa-station/all/,station
与野駅,浦和・武蔵浦和,urawa,/urawa/yono-station/all/,station
行徳駅,浦安・行徳,urayasu,/urayasu/gyotoku-station/all/,station
南行徳駅,浦安・行徳,urayasu,/urayasu/minamigyotoku-station/all/,station
妙典駅,浦安・行徳,urayasu,/urayasu/myoden-station/all/,station
浦安駅,浦安・行徳,urayasu,/urayasu/urayasu-station/all/,station
中央林間駅,大和・南林間,yamato,/yamato/chuorinkan-station/all/,station
二俣川駅,大和・南林間,yamato,/yamato/futamatagawa-station/all/,station
南林間駅,大和・南林間,yamato,/yamato/minamirinkan-station/all/,station
さがみ野駅,大和・南林間,yamato,/yamato/sagamino-station/all/,station
相模大塚駅,大和・南林間,yamato,/yamato/sagamiotsuka-station/all/,station
鶴ヶ峰駅,大和・南林間,yamato,/yamato/tsurugamine-station/all/,station
鶴間駅,大和・南林間,yamato,/yamato/tsuruma-station/all/,station
大和駅,大和・南林間,yamato,/yamato/yamato-station/all/,station
阪東橋駅,横浜・関内,yokohama,/yokohama/bandobashi-station/all/,station
東神奈川駅,横浜・関内,yokohama,/yokohama/higashikanagawa-station/all/,station
日ノ出町駅,横浜・関内,yokohama,/yokohama/hinodecho-station/all/,station
伊勢佐木長者町駅,横浜・関内,yokohama,/yokohama/isezakichojamachi-station/all/,station
関内駅,横浜・関内,yokohama,/yokohama/kannai-station/all/,station
黄金町駅,横浜・関内,yokohama,/yokohama/koganecho-station/all/,station
元町・中華街駅,横浜・関内,yokohama,/yokohama/motomachichukagai-station/all/,station
桜木町駅,横浜・関内,yokohama,/yokohama/sakuragicho-station/all/,station
反町駅,横浜・関内,yokohama,/yokohama/tanmachi-station/all/,station
天王町駅,横浜・関内,yokohama,/yokohama/tennocho-station/all/,station
横浜駅・神奈川駅,横浜・関内,yokohama,/yokohama/yokohama-station/all/,station
秋田,,akita,/akita/,area_direct
尼崎・西宮,,amagasaki,/amagasaki/,area_direct
青森・弘前,,aomori,/aomori/,area_direct
知多・大府・半田,,chita,/chita/,area_direct
愛媛・松山,,ehime,/ehime/,area_direct
福井・片町,,fukui,/fukui/,area_direct
福島・郡山,,fukushima,/fukushima/,area_direct
岐阜・岐南・羽島,,gifu,/gifu/,area_direct
群馬・高崎,,gunma,/gunma/,area_direct
浜松・掛川,,hamamatsu,/hamamatsu/,area_direct
姫路・明石,,himeji,/himeji/,area_direct
広島・福山,,hiroshima,/hiroshima/,area_direct
茨城央北（水戸・神栖）,,ibaraki,/ibaraki/,area_direct
市原・木更津・房総,,ichihara,/ichihara/,area_direct
石川・金沢,,ishikawa,/ishikawa/,area_direct
岩手・盛岡,,iwate,/iwate/,area_direct
香川・高松,,kagawa,/kagawa/,area_direct
鹿児島・霧島,,kagoshima,/kagoshima/,area_direct
川越・東松山,,kawagoe,/kawagoe/,area_direct
高知,,kochi,/kochi/,area_direct
小牧・春日井,,komaki,/komaki/,area_direct
熊谷・行田,,kumagaya,/kumagaya/,area_direct
熊本・玉名,,kumamoto,/kumamoto/,area_direct
久留米・筑後,,kurume,/kurume/,area_direct
四日市・鈴鹿,,mie,/mie/,area_direct
美濃・多治見・飛騨,,mino,/mino/,area_direct
宮崎,,miyazaki,/miyazaki/,area_direct
長野・松本,,nagano,/nagano/,area_direct
長崎・佐世保,,nagasaki,/nagasaki/,area_direct
奈良・生駒,,nara,/nara/,area_direct
成田・富里,,narita,/narita/,area_direct
新潟・長岡,,niigata,/niigata/,area_direct
沼津・富士,,numazu,/numazu/,area_direct
大垣・瑞穂,,ogaki,/ogaki/,area_direct
大分,,oita,/oita/,area_direct
岡山・倉敷,,okayama,/okayama/,area_direct
沖縄・那覇,,okinawa,/okinawa/,area_direct
尾張・一宮,,owari,/owari/,area_direct
佐賀・小城,,saga,/saga/,area_direct
北海道・札幌（すすき,,sapporo,/sapporo/,area_direct
宮城・仙台,,sendai,/sendai/,area_direct
滋賀・大津,,shiga,/shiga/,area_direct
島根・松江,,shimane,/shimane/,area_direct
静岡・中部,,shizuoka,/shizuoka/,area_direct
栃木・宇都宮,,tochigi,/tochigi/,area_direct
徳島,,tokushima,/tokushima/,area_direct
鳥取・米子,,tottori,/tottori/,area_direct
富山・高岡,,toyama,/toyama/,area_direct
東三河・豊橋・豊川,,toyohashi,/toyohashi/,area_direct
西三河・豊田・岡崎,,toyota,/toyota/,area_direct
津・松阪・南部,,tsu,/tsu/,area_direct
茨城西南（つくば・土浦）,,tsukuba,/tsukuba/,area_direct
和歌山,,wakayama,/wakayama/,area_direct
八千代・四街道・佐倉,,yachiyo,/yachiyo/,area_direct
山形・米沢,,yamagata,/yamagata/,area_direct
山口・下関,,yamaguchi,/yamaguchi/,area_direct
山梨・甲府,,yamanashi,/yamanashi/,area_direct
