prefecture_id,prefecture,level,parent_slug,parent_name,child_name,url,has_children,seo_keyword
1,北海道,parent,sapporo,北海道・札幌（すすき,,/sapporo/,yes,北海道 メンズエステ
1,北海道,city,sapporo,北海道・札幌（すすき,旭川市,/sapporo/asahikawa-city/all/,,旭川 メンズエステ
1,北海道,city,sapporo,北海道・札幌（すすき,千歳市,/sapporo/chitose-city/all/,,千歳 メンズエステ
1,北海道,city,sapporo,北海道・札幌（すすき,函館市,/sapporo/hakodate-city/all/,,函館 メンズエステ
1,北海道,city,sapporo,北海道・札幌（すすき,北見市,/sapporo/kitami-city/all/,,北見 メンズエステ
1,北海道,city,sapporo,北海道・札幌（すすき,釧路市,/sapporo/kushiro-city/all/,,釧路 メンズエステ
1,北海道,city,sapporo,北海道・札幌（すすき,室蘭市,/sapporo/muroran-city/all/,,室蘭 メンズエステ
1,北海道,city,sapporo,北海道・札幌（すすき,帯広市,/sapporo/obihiro-city/all/,,帯広 メンズエステ
1,北海道,city,sapporo,北海道・札幌（すすき,札幌市（すすきの）,/sapporo/sapporo-city/all/,,札幌 メンズエステ
1,北海道,city,sapporo,北海道・札幌（すすき,苫小牧市,/sapporo/tomakomai-city/all/,,苫小牧 メンズエステ
2,青森県,parent,aomori,青森・弘前,,/aomori/,yes,青森 メンズエステ
2,青森県,city,aomori,青森・弘前,青森市,/aomori/aomori-city/all/,,青森 メンズエステ
2,青森県,city,aomori,青森・弘前,五所川原市,/aomori/goshogawara-city/all/,,五所川原 メンズエステ
2,青森県,city,aomori,青森・弘前,八戸市,/aomori/hachinohe-city/all/,,八戸 メンズエステ
2,青森県,city,aomori,青森・弘前,弘前市,/aomori/hirosaki-city/all/,,弘前 メンズエステ
2,青森県,city,aomori,青森・弘前,十和田市,/aomori/towada-city/all/,,十和田 メンズエステ
3,岩手県,parent,iwate,岩手・盛岡,,/iwate/,yes,岩手 メンズエステ
3,岩手県,city,iwate,岩手・盛岡,一関市,/iwate/ichinoseki-city/all/,,一関 メンズエステ
3,岩手県,city,iwate,岩手・盛岡,北上市,/iwate/kitakami-city/all/,,北上 メンズエステ
3,岩手県,city,iwate,岩手・盛岡,盛岡市,/iwate/morioka-city/all/,,盛岡 メンズエステ
4,宮城県,parent,sendai,宮城・仙台,,/sendai/,yes,宮城 メンズエステ
4,宮城県,city,sendai,宮城・仙台,石巻市,/sendai/ishinomaki-city/all/,,石巻 メンズエステ
4,宮城県,city,sendai,宮城・仙台,名取市,/sendai/natori-city/all/,,名取 メンズエステ
4,宮城県,city,sendai,宮城・仙台,大崎市,/sendai/osaki-city/all/,,大崎 メンズエステ
4,宮城県,city,sendai,宮城・仙台,仙台市,/sendai/sendai-city/all/,,仙台 メンズエステ
4,宮城県,city,sendai,宮城・仙台,登米市,/sendai/tome-city/all/,,登米 メンズエステ
5,秋田県,parent,akita,秋田,,/akita/,yes,秋田 メンズエステ
5,秋田県,city,akita,秋田,秋田市,/akita/akita-city/all/,,秋田 メンズエステ
6,山形県,parent,yamagata,山形・米沢,,/yamagata/,yes,山形 メンズエステ
6,山形県,city,yamagata,山形・米沢,山形市,/yamagata/yamagata-city/all/,,山形 メンズエステ
7,福島県,parent,fukushima,福島・郡山,,/fukushima/,yes,福島 メンズエステ
7,福島県,city,fukushima,福島・郡山,会津若松市,/fukushima/aizuwakamatsu-city/all/,,会津若松 メンズエステ
7,福島県,city,fukushima,福島・郡山,福島市,/fukushima/fukushima-city/all/,,福島 メンズエステ
7,福島県,city,fukushima,福島・郡山,いわき市,/fukushima/iwaki-city/all/,,いわき メンズエステ
7,福島県,city,fukushima,福島・郡山,郡山市,/fukushima/koriyama-city/all/,,郡山 メンズエステ
7,福島県,city,fukushima,福島・郡山,白河市,/fukushima/shirakawa-city/all/,,白河 メンズエステ
8,茨城県,parent,ibaraki,茨城央北（水戸・神栖）,,/ibaraki/,yes,茨城央北 メンズエステ
8,茨城県,parent,tsukuba,茨城西南（つくば・土浦）,,/tsukuba/,yes,茨城西南 メンズエステ
8,茨城県,city,ibaraki,茨城央北（水戸・神栖）,日立市,/ibaraki/hitachi-city/all/,,日立 メンズエステ
8,茨城県,city,ibaraki,茨城央北（水戸・神栖）,ひたちなか市,/ibaraki/hitachinaka-city/all/,,ひたちなか メンズエステ
8,茨城県,city,ibaraki,茨城央北（水戸・神栖）,神栖市,/ibaraki/kamisu-city/all/,,神栖 メンズエステ
8,茨城県,city,ibaraki,茨城央北（水戸・神栖）,鹿嶋市,/ibaraki/kashima-city/all/,,鹿嶋 メンズエステ
8,茨城県,city,ibaraki,茨城央北（水戸・神栖）,水戸市,/ibaraki/mito-city/all/,,水戸 メンズエステ
8,茨城県,city,ibaraki,茨城央北（水戸・神栖）,高萩市,/ibaraki/takahagi-city/all/,,高萩 メンズエステ
8,茨城県,city,tsukuba,茨城西南（つくば・土浦）,坂東市,/tsukuba/bando-city/all/,,坂東 メンズエステ
8,茨城県,city,tsukuba,茨城西南（つくば・土浦）,筑西市,/tsukuba/chikusei-city/all/,,筑西 メンズエステ
8,茨城県,city,tsukuba,茨城西南（つくば・土浦）,石岡市,/tsukuba/ishioka-city/all/,,石岡 メンズエステ
8,茨城県,city,tsukuba,茨城西南（つくば・土浦）,常総市,/tsukuba/joso-city/all/,,常総 メンズエステ
8,茨城県,city,tsukuba,茨城西南（つくば・土浦）,古河市,/tsukuba/koga-city/all/,,古河 メンズエステ
8,茨城県,city,tsukuba,茨城西南（つくば・土浦）,守谷市,/tsukuba/moriya-city/all/,,守谷 メンズエステ
8,茨城県,city,tsukuba,茨城西南（つくば・土浦）,龍ケ崎市,/tsukuba/ryugasaki-city/all/,,龍ケ崎 メンズエステ
8,茨城県,city,tsukuba,茨城西南（つくば・土浦）,取手市,/tsukuba/toride-city/all/,,取手 メンズエステ
8,茨城県,city,tsukuba,茨城西南（つくば・土浦）,土浦市,/tsukuba/tsuchiura-city/all/,,土浦 メンズエステ
8,茨城県,city,tsukuba,茨城西南（つくば・土浦）,つくば市,/tsukuba/tsukuba-city/all/,,つくば メンズエステ
8,茨城県,city,tsukuba,茨城西南（つくば・土浦）,牛久市,/tsukuba/ushiku-city/all/,,牛久 メンズエステ
9,栃木県,parent,tochigi,栃木・宇都宮,,/tochigi/,yes,栃木 メンズエステ
9,栃木県,city,tochigi,栃木・宇都宮,足利市,/tochigi/ashikaga-city/all/,,足利 メンズエステ
9,栃木県,city,tochigi,栃木・宇都宮,那須塩原市,/tochigi/nasushiobara-city/all/,,那須塩原 メンズエステ
9,栃木県,city,tochigi,栃木・宇都宮,大田原市,/tochigi/otawara-city/all/,,大田原 メンズエステ
9,栃木県,city,tochigi,栃木・宇都宮,小山市,/tochigi/oyama-city/all/,,小山 メンズエステ
9,栃木県,city,tochigi,栃木・宇都宮,佐野市,/tochigi/sano-city/all/,,佐野 メンズエステ
9,栃木県,city,tochigi,栃木・宇都宮,栃木市,/tochigi/tochigi-city/all/,,栃木 メンズエステ
9,栃木県,city,tochigi,栃木・宇都宮,宇都宮市,/tochigi/utsunomiya-city/all/,,宇都宮 メンズエステ
10,群馬県,parent,gunma,群馬・高崎,,/gunma/,yes,群馬 メンズエステ
10,群馬県,city,gunma,群馬・高崎,伊勢崎市,/gunma/isezaki-city/all/,,伊勢崎 メンズエステ
10,群馬県,city,gunma,群馬・高崎,桐生市,/gunma/kiryu-city/all/,,桐生 メンズエステ
10,群馬県,city,gunma,群馬・高崎,前橋市,/gunma/maebashi-city/all/,,前橋 メンズエステ
10,群馬県,city,gunma,群馬・高崎,太田市,/gunma/ota-city/all/,,太田 メンズエステ
10,群馬県,city,gunma,群馬・高崎,高崎市,/gunma/takasaki-city/all/,,高崎 メンズエステ
10,群馬県,city,gunma,群馬・高崎,館林市,/gunma/tatebayashi-city/all/,,館林 メンズエステ
11,埼玉県,parent,ageo,上尾・宮原,,/ageo/,yes,上尾 メンズエステ
11,埼玉県,parent,kawagoe,川越・東松山,,/kawagoe/,yes,川越 メンズエステ
11,埼玉県,parent,koshigaya,越谷・春日部,,/koshigaya/,yes,越谷 メンズエステ
11,埼玉県,parent,kumagaya,熊谷・行田,,/kumagaya/,yes,熊谷 メンズエステ
11,埼玉県,parent,nishikawaguchi,西川口・蕨,,/nishikawaguchi/,yes,西川口 メンズエステ
11,埼玉県,parent,omiya,大宮・さいたま,,/omiya/,yes,大宮 メンズエステ
11,埼玉県,parent,shiki,志木・みずほ台,,/shiki/,yes,志木 メンズエステ
11,埼玉県,parent,souka,草加・谷塚,,/souka/,yes,草加 メンズエステ
11,埼玉県,parent,tokorozawa,所沢・入間,,/tokorozawa/,yes,所沢 メンズエステ
11,埼玉県,parent,urawa,浦和・武蔵浦和,,/urawa/,yes,浦和 メンズエステ
11,埼玉県,station,ageo,上尾・宮原,上尾駅,/ageo/ageo-station/all/,,上尾 メンズエステ
11,埼玉県,station,ageo,上尾・宮原,北上尾駅,/ageo/kitaageo-station/all/,,北上尾 メンズエステ
11,埼玉県,station,ageo,上尾・宮原,鴻巣駅,/ageo/konosu-station/all/,,鴻巣 メンズエステ
11,埼玉県,station,ageo,上尾・宮原,宮原駅,/ageo/miyahara-station/all/,,宮原 メンズエステ
11,埼玉県,station,ageo,上尾・宮原,桶川駅,/ageo/okegawa-station/all/,,桶川 メンズエステ
11,埼玉県,station,ageo,上尾・宮原,吹上駅,/ageo/saitama-fukiage-station/all/,,吹上 メンズエステ
11,埼玉県,station,koshigaya,越谷・春日部,蒲生駅,/koshigaya/gamou-station/all/,,蒲生 メンズエステ
11,埼玉県,station,koshigaya,越谷・春日部,春日部駅,/koshigaya/kasukabe-station/all/,,春日部 メンズエステ
11,埼玉県,station,koshigaya,越谷・春日部,北越谷駅,/koshigaya/kitakoshigaya-station/all/,,北越谷 メンズエステ
11,埼玉県,station,koshigaya,越谷・春日部,越谷駅,/koshigaya/koshigaya-station/all/,,越谷 メンズエステ
11,埼玉県,station,koshigaya,越谷・春日部,せんげん台駅,/koshigaya/sengendai-station/all/,,せんげん台 メンズエステ
11,埼玉県,station,koshigaya,越谷・春日部,新越谷駅・南越谷駅,/koshigaya/shinkoshigaya-station/all/,,新越谷 メンズエステ
11,埼玉県,station,nishikawaguchi,西川口・蕨,鳩ヶ谷駅,/nishikawaguchi/hatogaya-station/all/,,鳩ヶ谷 メンズエステ
11,埼玉県,station,nishikawaguchi,西川口・蕨,川口駅,/nishikawaguchi/kawaguchi-station/all/,,川口 メンズエステ
11,埼玉県,station,nishikawaguchi,西川口・蕨,西川口駅,/nishikawaguchi/nishikawaguchi-station/all/,,西川口 メンズエステ
11,埼玉県,station,nishikawaguchi,西川口・蕨,蕨駅,/nishikawaguchi/warabi-station/all/,,蕨 メンズエステ
11,埼玉県,station,omiya,大宮・さいたま,東大宮駅,/omiya/higashiomiya-station/all/,,東大宮 メンズエステ
11,埼玉県,station,omiya,大宮・さいたま,日進駅,/omiya/nisshin-station/all/,,日進 メンズエステ
11,埼玉県,station,omiya,大宮・さいたま,大宮駅,/omiya/omiya-station/all/,,大宮 メンズエステ
11,埼玉県,station,omiya,大宮・さいたま,さいたま新都心駅,/omiya/saitamashintoshin-station/all/,,さいたま新都心 メンズエステ
11,埼玉県,station,omiya,大宮・さいたま,土呂駅,/omiya/toro-station/all/,,土呂 メンズエステ
11,埼玉県,station,shiki,志木・みずほ台,朝霞駅,/shiki/asaka-station/all/,,朝霞 メンズエステ
11,埼玉県,station,shiki,志木・みずほ台,朝霞台駅・北朝霞駅,/shiki/asakadai-station/all/,,朝霞台 メンズエステ
11,埼玉県,station,shiki,志木・みずほ台,ふじみ野駅,/shiki/fujimino-station/all/,,ふじみ野 メンズエステ
11,埼玉県,station,shiki,志木・みずほ台,上福岡駅,/shiki/kamifukuoka-station/all/,,上福岡 メンズエステ
11,埼玉県,station,shiki,志木・みずほ台,みずほ台駅,/shiki/mizuhodai-station/all/,,みずほ台 メンズエステ
11,埼玉県,station,shiki,志木・みずほ台,新座駅,/shiki/niiza-station/all/,,新座 メンズエステ
11,埼玉県,station,shiki,志木・みずほ台,志木駅,/shiki/shiki-station/all/,,志木 メンズエステ
11,埼玉県,station,shiki,志木・みずほ台,鶴瀬駅,/shiki/tsuruse-station/all/,,鶴瀬 メンズエステ
11,埼玉県,station,shiki,志木・みずほ台,和光市駅,/shiki/wakoshi-station/all/,,和光市 メンズエステ
11,埼玉県,station,souka,草加・谷塚,新田駅,/souka/shinden-station/all/,,新田 メンズエステ
11,埼玉県,station,souka,草加・谷塚,草加駅,/souka/souka-station/all/,,草加 メンズエステ
11,埼玉県,station,souka,草加・谷塚,谷塚駅,/souka/yatsuka-station/all/,,谷塚 メンズエステ
11,埼玉県,station,tokorozawa,所沢・入間,東所沢駅,/tokorozawa/higashitokorozawa-station/all/,,東所沢 メンズエステ
11,埼玉県,station,tokorozawa,所沢・入間,小手指駅,/tokorozawa/kotesashi-station/all/,,小手指 メンズエステ
11,埼玉県,station,tokorozawa,所沢・入間,西所沢駅,/tokorozawa/nishitokorozawa-station/all/,,西所沢 メンズエステ
11,埼玉県,station,tokorozawa,所沢・入間,狭山ヶ丘駅,/tokorozawa/sayamagaoka-station/all/,,狭山ヶ丘 メンズエステ
11,埼玉県,station,tokorozawa,所沢・入間,新所沢駅,/tokorozawa/shintokorozawa-station/all/,,新所沢 メンズエステ
11,埼玉県,station,tokorozawa,所沢・入間,所沢駅,/tokorozawa/tokorozawa-station/all/,,所沢 メンズエステ
11,埼玉県,station,urawa,浦和・武蔵浦和,東川口駅,/urawa/higashikawaguchi-station/all/,,東川口 メンズエステ
11,埼玉県,station,urawa,浦和・武蔵浦和,東浦和駅,/urawa/higashiurawa-station/all/,,東浦和 メンズエステ
11,埼玉県,station,urawa,浦和・武蔵浦和,北浦和駅,/urawa/kitaurawa-station/all/,,北浦和 メンズエステ
11,埼玉県,station,urawa,浦和・武蔵浦和,北与野駅,/urawa/kitayono-station/all/,,北与野 メンズエステ
11,埼玉県,station,urawa,浦和・武蔵浦和,南浦和駅,/urawa/minamiurawa-station/all/,,南浦和 メンズエステ
11,埼玉県,station,urawa,浦和・武蔵浦和,武蔵浦和駅,/urawa/musashiurawa-station/all/,,武蔵浦和 メンズエステ
11,埼玉県,station,urawa,浦和・武蔵浦和,浦和駅,/urawa/urawa-station/all/,,浦和 メンズエステ
11,埼玉県,station,urawa,浦和・武蔵浦和,与野駅,/urawa/yono-station/all/,,与野 メンズエステ
11,埼玉県,city,kawagoe,川越・東松山,東松山市,/kawagoe/higashimatsuyama-city/all/,,東松山 メンズエステ
11,埼玉県,city,kawagoe,川越・東松山,川越市,/kawagoe/kawagoe-city/all/,,川越 メンズエステ
11,埼玉県,city,kawagoe,川越・東松山,坂戸市,/kawagoe/sakado-city/all/,,坂戸 メンズエステ
11,埼玉県,city,kawagoe,川越・東松山,鶴ヶ島市,/kawagoe/tsurugashima-city/all/,,鶴ヶ島 メンズエステ
11,埼玉県,city,koshigaya,越谷・春日部,蓮田市,/koshigaya/hasuda-city/all/,,蓮田 メンズエステ
11,埼玉県,city,koshigaya,越谷・春日部,加須市,/koshigaya/kazo-city/all/,,加須 メンズエステ
11,埼玉県,city,koshigaya,越谷・春日部,久喜市,/koshigaya/kuki-city/all/,,久喜 メンズエステ
11,埼玉県,city,koshigaya,越谷・春日部,幸手市,/koshigaya/satte-city/all/,,幸手 メンズエステ
11,埼玉県,city,koshigaya,越谷・春日部,吉川市,/koshigaya/yoshikawa-city/all/,,吉川 メンズエステ
11,埼玉県,city,kumagaya,熊谷・行田,深谷市,/kumagaya/fukaya-city/all/,,深谷 メンズエステ
11,埼玉県,city,kumagaya,熊谷・行田,本庄市,/kumagaya/honjo-city/all/,,本庄 メンズエステ
11,埼玉県,city,kumagaya,熊谷・行田,熊谷市,/kumagaya/kumagaya-city/all/,,熊谷 メンズエステ
11,埼玉県,city,nishikawaguchi,西川口・蕨,戸田市,/nishikawaguchi/toda-city/all/,,戸田 メンズエステ
11,埼玉県,city,souka,草加・谷塚,三郷市,/souka/misato-city/all/,,三郷 メンズエステ
11,埼玉県,city,souka,草加・谷塚,八潮市,/souka/yashio-city/all/,,八潮 メンズエステ
11,埼玉県,city,tokorozawa,所沢・入間,飯能市,/tokorozawa/hanno-city/all/,,飯能 メンズエステ
11,埼玉県,city,tokorozawa,所沢・入間,入間市,/tokorozawa/iruma-city/all/,,入間 メンズエステ
11,埼玉県,city,tokorozawa,所沢・入間,狭山市,/tokorozawa/sayama-city/all/,,狭山 メンズエステ
12,千葉県,parent,chiba,千葉,,/chiba/,yes,千葉 メンズエステ
12,千葉県,parent,funabashi,船橋・西船橋,,/funabashi/,yes,船橋 メンズエステ
12,千葉県,parent,ichihara,市原・木更津・房総,,/ichihara/,yes,市原 メンズエステ
12,千葉県,parent,ichikawa,市川・本八幡,,/ichikawa/,yes,市川 メンズエステ
12,千葉県,parent,kashiwa,柏・我孫子,,/kashiwa/,yes,柏 メンズエステ
12,千葉県,parent,matsudo,松戸・八柱,,/matsudo/,yes,松戸 メンズエステ
12,千葉県,parent,narita,成田・富里,,/narita/,yes,成田 メンズエステ
12,千葉県,parent,tsudanuma,津田沼・習志野,,/tsudanuma/,yes,津田沼 メンズエステ
12,千葉県,parent,urayasu,浦安・行徳,,/urayasu/,yes,浦安 メンズエステ
12,千葉県,parent,yachiyo,八千代・四街道・佐倉,,/yachiyo/,yes,八千代 メンズエステ
12,千葉県,station,chiba,千葉,千葉駅・栄町駅,/chiba/chiba-station/all/,,千葉 メンズエステ
12,千葉県,station,chiba,千葉,千葉中央駅・葭川公園駅,/chiba/chibachuo-station/all/,,千葉中央 メンズエステ
12,千葉県,station,chiba,千葉,東千葉駅,/chiba/higashichiba-station/all/,,東千葉 メンズエステ
12,千葉県,station,chiba,千葉,本千葉駅・県庁前駅,/chiba/honchiba-station/all/,,本千葉 メンズエステ
12,千葉県,station,chiba,千葉,稲毛駅,/chiba/inage-station/all/,,稲毛 メンズエステ
12,千葉県,station,chiba,千葉,幕張駅・幕張本郷駅,/chiba/makuhari-station/all/,,幕張 メンズエステ
12,千葉県,station,chiba,千葉,西千葉駅,/chiba/nishichiba-station/all/,,西千葉 メンズエステ
12,千葉県,station,chiba,千葉,大森台駅,/chiba/omoridai-station/all/,,大森台 メンズエステ
12,千葉県,station,chiba,千葉,検見川駅・新検見川駅,/chiba/shinkemigawa-station/all/,,検見川 メンズエステ
12,千葉県,station,chiba,千葉,蘇我駅,/chiba/soga-station/all/,,蘇我 メンズエステ
12,千葉県,station,chiba,千葉,都賀駅,/chiba/tsuga-station/all/,,都賀 メンズエステ
12,千葉県,station,funabashi,船橋・西船橋,原木中山駅,/funabashi/barakinakayama-station/all/,,原木中山 メンズエステ
12,千葉県,station,funabashi,船橋・西船橋,船橋駅・京成船橋駅,/funabashi/funabashi-station/all/,,船橋 メンズエステ
12,千葉県,station,funabashi,船橋・西船橋,西船橋駅,/funabashi/nishifunabashi-station/all/,,西船橋 メンズエステ
12,千葉県,station,funabashi,船橋・西船橋,新船橋駅,/funabashi/shinfunabashi-station/all/,,新船橋 メンズエステ
12,千葉県,station,ichikawa,市川・本八幡,市川駅,/ichikawa/ichikawa-station/all/,,市川 メンズエステ
12,千葉県,station,ichikawa,市川・本八幡,本八幡駅・京成八幡駅,/ichikawa/motoyawata-station/all/,,本八幡 メンズエステ
12,千葉県,station,kashiwa,柏・我孫子,我孫子駅,/kashiwa/abiko-station/all/,,我孫子 メンズエステ
12,千葉県,station,kashiwa,柏・我孫子,柏駅,/kashiwa/kashiwa-station/all/,,柏 メンズエステ
12,千葉県,station,kashiwa,柏・我孫子,南柏駅,/kashiwa/minamikashiwa-station/all/,,南柏 メンズエステ
12,千葉県,station,kashiwa,柏・我孫子,天王台駅,/kashiwa/tennodai-station/all/,,天王台 メンズエステ
12,千葉県,station,matsudo,松戸・八柱,五香駅,/matsudo/goko-station/all/,,五香 メンズエステ
12,千葉県,station,matsudo,松戸・八柱,東松戸駅,/matsudo/higashimatsudo-station/all/,,東松戸 メンズエステ
12,千葉県,station,matsudo,松戸・八柱,北小金駅,/matsudo/kitakogane-station/all/,,北小金 メンズエステ
12,千葉県,station,matsudo,松戸・八柱,北松戸駅,/matsudo/kitamatsudo-station/all/,,北松戸 メンズエステ
12,千葉県,station,matsudo,松戸・八柱,松戸駅,/matsudo/matsudo-station/all/,,松戸 メンズエステ
12,千葉県,station,matsudo,松戸・八柱,新松戸駅,/matsudo/shinmatsudo-station/all/,,新松戸 メンズエステ
12,千葉県,station,matsudo,松戸・八柱,八柱駅・新八柱駅,/matsudo/yabashira-station/all/,,八柱 メンズエステ
12,千葉県,station,tsudanuma,津田沼・習志野,北習志野駅,/tsudanuma/kitanarashino-station/all/,,北習志野 メンズエステ
12,千葉県,station,tsudanuma,津田沼・習志野,実籾駅,/tsudanuma/mimomi-station/all/,,実籾 メンズエステ
12,千葉県,station,tsudanuma,津田沼・習志野,高根公団駅,/tsudanuma/takanekodan-station/all/,,高根公団 メンズエステ
12,千葉県,station,tsudanuma,津田沼・習志野,津田沼駅,/tsudanuma/tsudanuma-station/all/,,津田沼 メンズエステ
12,千葉県,station,urayasu,浦安・行徳,行徳駅,/urayasu/gyotoku-station/all/,,行徳 メンズエステ
12,千葉県,station,urayasu,浦安・行徳,南行徳駅,/urayasu/minamigyotoku-station/all/,,南行徳 メンズエステ
12,千葉県,station,urayasu,浦安・行徳,妙典駅,/urayasu/myoden-station/all/,,妙典 メンズエステ
12,千葉県,station,urayasu,浦安・行徳,浦安駅,/urayasu/urayasu-station/all/,,浦安 メンズエステ
12,千葉県,city,ichihara,市原・木更津・房総,市原市,/ichihara/ichihara-city/all/,,市原 メンズエステ
12,千葉県,city,ichihara,市原・木更津・房総,君津市,/ichihara/kimitsu-city/all/,,君津 メンズエステ
12,千葉県,city,ichihara,市原・木更津・房総,木更津市,/ichihara/kisarazu-city/all/,,木更津 メンズエステ
12,千葉県,city,ichihara,市原・木更津・房総,茂原市,/ichihara/mobara-city/all/,,茂原 メンズエステ
12,千葉県,city,ichihara,市原・木更津・房総,袖ヶ浦市,/ichihara/sodegaura-city/all/,,袖ヶ浦 メンズエステ
12,千葉県,city,kashiwa,柏・我孫子,印西市,/kashiwa/inzai-city/all/,,印西 メンズエステ
12,千葉県,city,matsudo,松戸・八柱,鎌ケ谷市,/matsudo/kamagaya-city/all/,,鎌ケ谷 メンズエステ
12,千葉県,city,matsudo,松戸・八柱,流山市,/matsudo/nagareyama-city/all/,,流山 メンズエステ
12,千葉県,city,matsudo,松戸・八柱,野田市,/matsudo/noda-city/all/,,野田 メンズエステ
12,千葉県,city,narita,成田・富里,旭市,/narita/asahi-city/all/,,旭 メンズエステ
12,千葉県,city,narita,成田・富里,香取市,/narita/katori-city/all/,,香取 メンズエステ
12,千葉県,city,narita,成田・富里,成田市,/narita/narita-city/all/,,成田 メンズエステ
12,千葉県,city,narita,成田・富里,東金市,/narita/togane-city/all/,,東金 メンズエステ
12,千葉県,city,narita,成田・富里,富里市,/narita/tomisato-city/all/,,富里 メンズエステ
12,千葉県,city,yachiyo,八千代・四街道・佐倉,佐倉市,/yachiyo/sakura-city/all/,,佐倉 メンズエステ
12,千葉県,city,yachiyo,八千代・四街道・佐倉,八千代市,/yachiyo/yachiyo-city/all/,,八千代 メンズエステ
12,千葉県,city,yachiyo,八千代・四街道・佐倉,四街道市,/yachiyo/yotsukaido-city/all/,,四街道 メンズエステ
13,東京都,parent,akabane,赤羽・王子・板橋,,/akabane/,yes,赤羽 メンズエステ
13,東京都,parent,akasaka,赤坂,,/akasaka/,yes,赤坂 メンズエステ
13,東京都,parent,akihabara,秋葉原,,/akihabara/,yes,秋葉原 メンズエステ
13,東京都,parent,chofu,調布・千歳烏山,,/chofu/,yes,調布 メンズエステ
13,東京都,parent,ebisu,恵比寿・中目黒・代官山,,/ebisu/,yes,恵比寿 メンズエステ
13,東京都,parent,fuchu,府中・聖蹟桜ヶ丘,,/fuchu/,yes,府中 メンズエステ
13,東京都,parent,ginza,銀座,,/ginza/,yes,銀座 メンズエステ
13,東京都,parent,gotanda,五反田,,/gotanda/,yes,五反田 メンズエステ
13,東京都,parent,hachioji,八王子・日野,,/hachioji/,yes,八王子 メンズエステ
13,東京都,parent,haijima,拝島・福生,,/haijima/,yes,拝島 メンズエステ
13,東京都,parent,hatsudai,京王線・初台・笹塚,,/hatsudai/,yes,京王線 メンズエステ
13,東京都,parent,iidabashi,四ツ谷・飯田橋・市ヶ谷,,/iidabashi/,yes,四ツ谷 メンズエステ
13,東京都,parent,ikebukuro,池袋,,/ikebukuro/,yes,池袋 メンズエステ
13,東京都,parent,jiyugaoka,自由が丘・学芸大学,,/jiyugaoka/,yes,自由が丘 メンズエステ
13,東京都,parent,kamata,蒲田,,/kamata/,yes,蒲田 メンズエステ
13,東京都,parent,kameari,北千住・亀有,,/kameari/,yes,北千住 メンズエステ
13,東京都,parent,kameido,亀戸・小岩,,/kameido/,yes,亀戸 メンズエステ
13,東京都,parent,kanda,神田,,/kanda/,yes,神田 メンズエステ
13,東京都,parent,kasai,葛西・西葛西,,/kasai/,yes,葛西 メンズエステ
13,東京都,parent,kichijoji,吉祥寺・三鷹,,/kichijoji/,yes,吉祥寺 メンズエステ
13,東京都,parent,kinshicho,錦糸町・押上・両国,,/kinshicho/,yes,錦糸町 メンズエステ
13,東京都,parent,kokubunji,国分寺・国立,,/kokubunji/,yes,国分寺 メンズエステ
13,東京都,parent,kumegawa,久米川・秋津,,/kumegawa/,yes,久米川 メンズエステ
13,東京都,parent,machida,町田・鶴川,,/machida/,yes,町田 メンズエステ
13,東京都,parent,meguro,目黒・武蔵小山,,/meguro/,yes,目黒 メンズエステ
13,東京都,parent,monnaka,門前仲町・東陽町,,/monnaka/,yes,門前仲町 メンズエステ
13,東京都,parent,nakano,中野・高円寺,,/nakano/,yes,中野 メンズエステ
13,東京都,parent,nerima,西武池袋線・練馬・江古田,,/nerima/,yes,西武池袋線 メンズエステ
13,東京都,parent,nihonbashi,日本橋・茅場町,,/nihonbashi/,yes,日本橋 メンズエステ
13,東京都,parent,nippori,鶯谷・日暮里,,/nippori/,yes,鶯谷 メンズエステ
13,東京都,parent,nishitokyo,西東京・東久留米・清瀬,,/nishitokyo/,yes,西東京 メンズエステ
13,東京都,parent,ogikubo,荻窪・阿佐ヶ谷,,/ogikubo/,yes,荻窪 メンズエステ
13,東京都,parent,okubo,大久保・高田馬場,,/okubo/,yes,大久保 メンズエステ
13,東京都,parent,ooyama,東武東上線・大山・下赤塚,,/ooyama/,yes,東武東上線 メンズエステ
13,東京都,parent,otsuka,大塚・巣鴨・駒込,,/otsuka/,yes,大塚 メンズエステ
13,東京都,parent,roppongi,六本木・麻布十番,,/roppongi/,yes,六本木 メンズエステ
13,東京都,parent,sangenjaya,三軒茶屋,,/sangenjaya/,yes,三軒茶屋 メンズエステ
13,東京都,parent,shakujii,西武新宿線・上石神井,,/shakujii/,yes,西武新宿線 メンズエステ
13,東京都,parent,shibuya,渋谷・代々木・原宿,,/shibuya/,yes,渋谷 メンズエステ
13,東京都,parent,shimokitazawa,小田急線沿線・下北沢,,/shimokitazawa/,yes,小田急線沿線 メンズエステ
13,東京都,parent,shinagawa,品川・田町・浜松町,,/shinagawa/,yes,品川 メンズエステ
13,東京都,parent,shinbashi,新橋,,/shinbashi/,yes,新橋 メンズエステ
13,東京都,parent,shinjuku,新宿,,/shinjuku/,yes,新宿 メンズエステ
13,東京都,parent,suidobashi,水道橋・御茶ノ水,,/suidobashi/,yes,水道橋 メンズエステ
13,東京都,parent,tachikawa,立川,,/tachikawa/,no,立川 メンズエステ
13,東京都,parent,tokyo,東京・八重洲,,/tokyo/,yes,八重洲 メンズエステ
13,東京都,parent,ueno,上野・浅草・御徒町,,/ueno/,yes,上野 メンズエステ
13,東京都,station,akabane,赤羽・王子・板橋,赤羽駅,/akabane/akabane-station/all/,,赤羽 メンズエステ
13,東京都,station,akabane,赤羽・王子・板橋,蓮根駅,/akabane/hasune-station/all/,,蓮根 メンズエステ
13,東京都,station,akabane,赤羽・王子・板橋,十条駅・東十条駅,/akabane/higashijujo-station/all/,,十条 メンズエステ
13,東京都,station,akabane,赤羽・王子・板橋,板橋駅,/akabane/itabashi-station/all/,,板橋 メンズエステ
13,東京都,station,akabane,赤羽・王子・板橋,板橋本町駅,/akabane/itabashihoncho-station/all/,,板橋本町 メンズエステ
13,東京都,station,akabane,赤羽・王子・板橋,上中里駅,/akabane/kaminakazato-station/all/,,上中里 メンズエステ
13,東京都,station,akabane,赤羽・王子・板橋,王子駅,/akabane/oji-station/all/,,王子 メンズエステ
13,東京都,station,akabane,赤羽・王子・板橋,下板橋駅,/akabane/shimoitabashi-station/all/,,下板橋 メンズエステ
13,東京都,station,akabane,赤羽・王子・板橋,新板橋駅,/akabane/shinitabashi-station/all/,,新板橋 メンズエステ
13,東京都,station,akabane,赤羽・王子・板橋,高島平駅,/akabane/takashimadaira-station/all/,,高島平 メンズエステ
13,東京都,station,akabane,赤羽・王子・板橋,浮間舟渡駅,/akabane/ukimafunado-station/all/,,浮間舟渡 メンズエステ
13,東京都,station,akasaka,赤坂,赤坂駅・赤坂見附駅,/akasaka/akasaka-station/all/,,赤坂 メンズエステ
13,東京都,station,akasaka,赤坂,溜池山王駅,/akasaka/tameikesanno-station/all/,,溜池山王 メンズエステ
13,東京都,station,akihabara,秋葉原,秋葉原駅・末広町駅,/akihabara/akihabara-station/all/,,秋葉原 メンズエステ
13,東京都,station,akihabara,秋葉原,浅草橋駅,/akihabara/asakusabashi-station/all/,,浅草橋 メンズエステ
13,東京都,station,chofu,調布・千歳烏山,千歳烏山駅,/chofu/chitosekarasuyama-station/all/,,千歳烏山 メンズエステ
13,東京都,station,chofu,調布・千歳烏山,調布駅,/chofu/chofu-station/all/,,調布 メンズエステ
13,東京都,station,chofu,調布・千歳烏山,仙川駅,/chofu/senkawa-station/all/,,仙川 メンズエステ
13,東京都,station,chofu,調布・千歳烏山,つつじヶ丘駅,/chofu/tsutsujigaoka-station/all/,,つつじヶ丘 メンズエステ
13,東京都,station,ebisu,恵比寿・中目黒・代官山,代官山駅,/ebisu/daikanyama-station/all/,,代官山 メンズエステ
13,東京都,station,ebisu,恵比寿・中目黒・代官山,恵比寿駅,/ebisu/ebisu-station/all/,,恵比寿 メンズエステ
13,東京都,station,ebisu,恵比寿・中目黒・代官山,広尾駅,/ebisu/hiroo-station/all/,,広尾 メンズエステ
13,東京都,station,ebisu,恵比寿・中目黒・代官山,中目黒駅,/ebisu/nakameguro-station/all/,,中目黒 メンズエステ
13,東京都,station,fuchu,府中・聖蹟桜ヶ丘,分倍河原駅,/fuchu/bubaigawara-station/all/,,分倍河原 メンズエステ
13,東京都,station,fuchu,府中・聖蹟桜ヶ丘,府中駅,/fuchu/fuchu-station/all/,,府中 メンズエステ
13,東京都,station,fuchu,府中・聖蹟桜ヶ丘,永山駅,/fuchu/nagayama-station/all/,,永山 メンズエステ
13,東京都,station,fuchu,府中・聖蹟桜ヶ丘,聖蹟桜ヶ丘駅,/fuchu/seisekisakuragaoka-station/all/,,聖蹟桜ヶ丘 メンズエステ
13,東京都,station,fuchu,府中・聖蹟桜ヶ丘,多摩センター駅,/fuchu/tamacenter-station/all/,,多摩センター メンズエステ
13,東京都,station,ginza,銀座,銀座駅・東銀座駅,/ginza/ginza-station/all/,,銀座 メンズエステ
13,東京都,station,ginza,銀座,新富町駅・築地駅,/ginza/shintomicho-station/all/,,新富町 メンズエステ
13,東京都,station,ginza,銀座,豊洲駅,/ginza/toyosu-station/all/,,豊洲 メンズエステ
13,東京都,station,ginza,銀座,月島駅,/ginza/tsukishima-station/all/,,月島 メンズエステ
13,東京都,station,gotanda,五反田,旗の台駅,/gotanda/hatanodai-station/all/,,旗の台 メンズエステ
13,東京都,station,gotanda,五反田,大崎駅,/gotanda/osaki-station/all/,,大崎 メンズエステ
13,東京都,station,hachioji,八王子・日野,八王子駅,/hachioji/hachioji-station/all/,,八王子 メンズエステ
13,東京都,station,hachioji,八王子・日野,西八王子駅,/hachioji/nishihachioji-station/all/,,西八王子 メンズエステ
13,東京都,station,hachioji,八王子・日野,豊田駅,/hachioji/toyoda-station/all/,,豊田 メンズエステ
13,東京都,station,haijima,拝島・福生,昭島駅,/haijima/akishima-station/all/,,昭島 メンズエステ
13,東京都,station,haijima,拝島・福生,福生駅,/haijima/fussa-station/all/,,福生 メンズエステ
13,東京都,station,haijima,拝島・福生,拝島駅,/haijima/haijima-station/all/,,拝島 メンズエステ
13,東京都,station,haijima,拝島・福生,羽村駅,/haijima/hamura-station/all/,,羽村 メンズエステ
13,東京都,station,haijima,拝島・福生,東青梅駅,/haijima/higashioume-station/all/,,東青梅 メンズエステ
13,東京都,station,haijima,拝島・福生,河辺駅,/haijima/kabe-station/all/,,河辺 メンズエステ
13,東京都,station,haijima,拝島・福生,小作駅,/haijima/ozaku-station/all/,,小作 メンズエステ
13,東京都,station,hatsudai,京王線・初台・笹塚,代田橋駅,/hatsudai/daitabashi-station/all/,,代田橋 メンズエステ
13,東京都,station,hatsudai,京王線・初台・笹塚,幡ヶ谷駅,/hatsudai/hatagaya-station/all/,,幡ヶ谷 メンズエステ
13,東京都,station,hatsudai,京王線・初台・笹塚,初台駅,/hatsudai/hatsudai-station/all/,,初台 メンズエステ
13,東京都,station,hatsudai,京王線・初台・笹塚,明大前駅,/hatsudai/meidaimae-station/all/,,明大前 メンズエステ
13,東京都,station,hatsudai,京王線・初台・笹塚,桜上水駅,/hatsudai/sakurajosui-station/all/,,桜上水 メンズエステ
13,東京都,station,hatsudai,京王線・初台・笹塚,笹塚駅,/hatsudai/sasazuka-station/all/,,笹塚 メンズエステ
13,東京都,station,hatsudai,京王線・初台・笹塚,下高井戸駅,/hatsudai/shimotakaido-station/all/,,下高井戸 メンズエステ
13,東京都,station,iidabashi,四ツ谷・飯田橋・市ヶ谷,曙橋駅,/iidabashi/akebonobashi-station/all/,,曙橋 メンズエステ
13,東京都,station,iidabashi,四ツ谷・飯田橋・市ヶ谷,市ヶ谷駅,/iidabashi/ichigaya-station/all/,,市ヶ谷 メンズエステ
13,東京都,station,iidabashi,四ツ谷・飯田橋・市ヶ谷,飯田橋駅,/iidabashi/iidabashi-station/all/,,飯田橋 メンズエステ
13,東京都,station,iidabashi,四ツ谷・飯田橋・市ヶ谷,神楽坂駅・牛込神楽坂駅,/iidabashi/kagurazaka-station/all/,,神楽坂 メンズエステ
13,東京都,station,iidabashi,四ツ谷・飯田橋・市ヶ谷,麹町駅,/iidabashi/kojimachi-station/all/,,麹町 メンズエステ
13,東京都,station,iidabashi,四ツ谷・飯田橋・市ヶ谷,九段下駅,/iidabashi/kudanshita-station/all/,,九段下 メンズエステ
13,東京都,station,iidabashi,四ツ谷・飯田橋・市ヶ谷,牛込柳町駅,/iidabashi/ushigomeyanagicho-station/all/,,牛込柳町 メンズエステ
13,東京都,station,iidabashi,四ツ谷・飯田橋・市ヶ谷,四ツ谷駅,/iidabashi/yotsuya-station/all/,,四ツ谷 メンズエステ
13,東京都,station,iidabashi,四ツ谷・飯田橋・市ヶ谷,四谷三丁目駅,/iidabashi/yotsuyasanchome-station/all/,,四谷三丁目 メンズエステ
13,東京都,station,ikebukuro,池袋,要町駅,/ikebukuro/kanamecho-station/all/,,要町 メンズエステ
13,東京都,station,ikebukuro,池袋,小竹向原駅,/ikebukuro/kotakemukaihara-station/all/,,小竹向原 メンズエステ
13,東京都,station,ikebukuro,池袋,目白駅,/ikebukuro/mejiro-station/all/,,目白 メンズエステ
13,東京都,station,ikebukuro,池袋,千川駅,/ikebukuro/senkawa-station/all/,,千川 メンズエステ
13,東京都,station,ikebukuro,池袋,椎名町駅,/ikebukuro/shiinamachi-station/all/,,椎名町 メンズエステ
13,東京都,station,jiyugaoka,自由が丘・学芸大学,田園調布駅,/jiyugaoka/denenchofu-station/all/,,田園調布 メンズエステ
13,東京都,station,jiyugaoka,自由が丘・学芸大学,学芸大学駅,/jiyugaoka/gakugeidaigaku-station/all/,,学芸大学 メンズエステ
13,東京都,station,jiyugaoka,自由が丘・学芸大学,自由が丘駅,/jiyugaoka/jiyugaoka-station/all/,,自由が丘 メンズエステ
13,東京都,station,jiyugaoka,自由が丘・学芸大学,奥沢駅,/jiyugaoka/okusawa-station/all/,,奥沢 メンズエステ
13,東京都,station,jiyugaoka,自由が丘・学芸大学,等々力駅,/jiyugaoka/todoroki-station/all/,,等々力 メンズエステ
13,東京都,station,jiyugaoka,自由が丘・学芸大学,都立大学駅,/jiyugaoka/toritsudaigaku-station/all/,,都立大学 メンズエステ
13,東京都,station,jiyugaoka,自由が丘・学芸大学,祐天寺駅,/jiyugaoka/yutenji-station/all/,,祐天寺 メンズエステ
13,東京都,station,kamata,蒲田,青物横丁駅,/kamata/aomonoyokocho-station/all/,,青物横丁 メンズエステ
13,東京都,station,kamata,蒲田,大井町駅,/kamata/oimachi-station/all/,,大井町 メンズエステ
13,東京都,station,kamata,蒲田,大森駅,/kamata/omori-station/all/,,大森 メンズエステ
13,東京都,station,kamata,蒲田,大森海岸駅,/kamata/omorikaigan-station/all/,,大森海岸 メンズエステ
13,東京都,station,kameari,北千住・亀有,青砥駅,/kameari/aoto-station/all/,,青砥 メンズエステ
13,東京都,station,kameari,北千住・亀有,綾瀬駅,/kameari/ayase-station/all/,,綾瀬 メンズエステ
13,東京都,station,kameari,北千住・亀有,五反野駅,/kameari/gotanno-station/all/,,五反野 メンズエステ
13,東京都,station,kameari,北千住・亀有,堀切菖蒲園駅,/kameari/horikirishobuen-station/all/,,堀切菖蒲園 メンズエステ
13,東京都,station,kameari,北千住・亀有,亀有駅,/kameari/kameari-station/all/,,亀有 メンズエステ
13,東京都,station,kameari,北千住・亀有,金町駅,/kameari/kanamachi-station/all/,,金町 メンズエステ
13,東京都,station,kameari,北千住・亀有,北綾瀬駅,/kameari/kitaayase-station/all/,,北綾瀬 メンズエステ
13,東京都,station,kameari,北千住・亀有,北千住駅,/kameari/kitasenju-station/all/,,北千住 メンズエステ
13,東京都,station,kameari,北千住・亀有,南千住駅,/kameari/minamisenju-station/all/,,南千住 メンズエステ
13,東京都,station,kameari,北千住・亀有,西新井駅,/kameari/nishiarai-station/all/,,西新井 メンズエステ
13,東京都,station,kameari,北千住・亀有,竹ノ塚駅,/kameari/takenozuka-station/all/,,竹ノ塚 メンズエステ
13,東京都,station,kameido,亀戸・小岩,平井駅,/kameido/hirai-station/all/,,平井 メンズエステ
13,東京都,station,kameido,亀戸・小岩,亀戸駅,/kameido/kameido-station/all/,,亀戸 メンズエステ
13,東京都,station,kameido,亀戸・小岩,小岩駅,/kameido/koiwa-station/all/,,小岩 メンズエステ
13,東京都,station,kameido,亀戸・小岩,西大島駅,/kameido/nishiojima-station/all/,,西大島 メンズエステ
13,東京都,station,kameido,亀戸・小岩,大島駅,/kameido/ojima-station/all/,,大島 メンズエステ
13,東京都,station,kameido,亀戸・小岩,新小岩駅,/kameido/shinkoiwa-station/all/,,新小岩 メンズエステ
13,東京都,station,kanda,神田,神保町駅,/kanda/jinbocho-station/all/,,神保町 メンズエステ
13,東京都,station,kanda,神田,小川町駅・淡路町駅,/kanda/ogawacho-station/all/,,小川町 メンズエステ
13,東京都,station,kasai,葛西・西葛西,船堀駅,/kasai/funabori-station/all/,,船堀 メンズエステ
13,東京都,station,kasai,葛西・西葛西,葛西駅,/kasai/kasai-station/all/,,葛西 メンズエステ
13,東京都,station,kasai,葛西・西葛西,瑞江駅,/kasai/mizue-station/all/,,瑞江 メンズエステ
13,東京都,station,kasai,葛西・西葛西,西葛西駅,/kasai/nishikasai-station/all/,,西葛西 メンズエステ
13,東京都,station,kasai,葛西・西葛西,篠崎駅,/kasai/shinozaki-station/all/,,篠崎 メンズエステ
13,東京都,station,kichijoji,吉祥寺・三鷹,東小金井駅,/kichijoji/higashikoganei-station/all/,,東小金井 メンズエステ
13,東京都,station,kichijoji,吉祥寺・三鷹,吉祥寺駅,/kichijoji/kichijoji-station/all/,,吉祥寺 メンズエステ
13,東京都,station,kichijoji,吉祥寺・三鷹,三鷹駅,/kichijoji/mitaka-station/all/,,三鷹 メンズエステ
13,東京都,station,kichijoji,吉祥寺・三鷹,武蔵小金井駅,/kichijoji/musashikoganei-station/all/,,武蔵小金井 メンズエステ
13,東京都,station,kichijoji,吉祥寺・三鷹,武蔵境駅,/kichijoji/musashisakai-station/all/,,武蔵境 メンズエステ
13,東京都,station,kinshicho,錦糸町・押上・両国,本所吾妻橋駅,/kinshicho/honjoazumabashi-station/all/,,本所吾妻橋 メンズエステ
13,東京都,station,kinshicho,錦糸町・押上・両国,錦糸町駅,/kinshicho/kinshicho-station/all/,,錦糸町 メンズエステ
13,東京都,station,kinshicho,錦糸町・押上・両国,森下駅,/kinshicho/morishita-station/all/,,森下 メンズエステ
13,東京都,station,kinshicho,錦糸町・押上・両国,押上駅,/kinshicho/oshiage-station/all/,,押上 メンズエステ
13,東京都,station,kinshicho,錦糸町・押上・両国,両国駅,/kinshicho/ryogoku-station/all/,,両国 メンズエステ
13,東京都,station,kokubunji,国分寺・国立,国分寺駅,/kokubunji/kokubunji-station/all/,,国分寺 メンズエステ
13,東京都,station,kokubunji,国分寺・国立,国立駅,/kokubunji/kunitachi-station/all/,,国立 メンズエステ
13,東京都,station,kokubunji,国分寺・国立,西国分寺駅,/kokubunji/nishikokubunji-station/all/,,西国分寺 メンズエステ
13,東京都,station,kumegawa,久米川・秋津,秋津駅・新秋津駅,/kumegawa/akitsu-station/all/,,秋津 メンズエステ
13,東京都,station,kumegawa,久米川・秋津,花小金井駅,/kumegawa/hanakoganei-station/all/,,花小金井 メンズエステ
13,東京都,station,kumegawa,久米川・秋津,東村山駅,/kumegawa/higashimurayama-station/all/,,東村山 メンズエステ
13,東京都,station,kumegawa,久米川・秋津,一橋学園駅,/kumegawa/hitotsubashigakuen-station/all/,,一橋学園 メンズエステ
13,東京都,station,kumegawa,久米川・秋津,久米川駅,/kumegawa/kumegawa-station/all/,,久米川 メンズエステ
13,東京都,station,machida,町田・鶴川,町田駅,/machida/machida-station/all/,,町田 メンズエステ
13,東京都,station,machida,町田・鶴川,鶴川駅,/machida/tsurukawa-station/all/,,鶴川 メンズエステ
13,東京都,station,meguro,目黒・武蔵小山,不動前駅,/meguro/fudomae-station/all/,,不動前 メンズエステ
13,東京都,station,meguro,目黒・武蔵小山,目黒駅,/meguro/meguro-station/all/,,目黒 メンズエステ
13,東京都,station,meguro,目黒・武蔵小山,武蔵小山駅,/meguro/musashikoyama-station/all/,,武蔵小山 メンズエステ
13,東京都,station,meguro,目黒・武蔵小山,西小山駅,/meguro/nishikoyama-station/all/,,西小山 メンズエステ
13,東京都,station,monnaka,門前仲町・東陽町,木場駅,/monnaka/kiba-station/all/,,木場 メンズエステ
13,東京都,station,monnaka,門前仲町・東陽町,門前仲町駅,/monnaka/monzennakacho-station/all/,,門前仲町 メンズエステ
13,東京都,station,monnaka,門前仲町・東陽町,東陽町駅,/monnaka/toyocho-station/all/,,東陽町 メンズエステ
13,東京都,station,nakano,中野・高円寺,東高円寺駅,/nakano/higashikoenji-station/all/,,東高円寺 メンズエステ
13,東京都,station,nakano,中野・高円寺,東中野駅,/nakano/higashinakano-station/all/,,東中野 メンズエステ
13,東京都,station,nakano,中野・高円寺,方南町駅,/nakano/honancho-station/all/,,方南町 メンズエステ
13,東京都,station,nakano,中野・高円寺,高円寺駅,/nakano/koenji-station/all/,,高円寺 メンズエステ
13,東京都,station,nakano,中野・高円寺,中野駅,/nakano/nakano-station/all/,,中野 メンズエステ
13,東京都,station,nakano,中野・高円寺,中野坂上駅,/nakano/nakanosakaue-station/all/,,中野坂上 メンズエステ
13,東京都,station,nakano,中野・高円寺,中野新橋駅,/nakano/nakanoshinbashi-station/all/,,中野新橋 メンズエステ
13,東京都,station,nakano,中野・高円寺,新高円寺駅,/nakano/shinkoenji-station/all/,,新高円寺 メンズエステ
13,東京都,station,nerima,西武池袋線・練馬・江古田,江古田駅,/nerima/ekoda-station/all/,,江古田 メンズエステ
13,東京都,station,nerima,西武池袋線・練馬・江古田,中村橋駅,/nerima/nakamurabashi-station/all/,,中村橋 メンズエステ
13,東京都,station,nerima,西武池袋線・練馬・江古田,練馬駅,/nerima/nerima-station/all/,,練馬 メンズエステ
13,東京都,station,nerima,西武池袋線・練馬・江古田,大泉学園駅,/nerima/oizumigakuen-station/all/,,大泉学園 メンズエステ
13,東京都,station,nerima,西武池袋線・練馬・江古田,桜台駅・新桜台駅,/nerima/sakuradai-station/all/,,桜台 メンズエステ
13,東京都,station,nerima,西武池袋線・練馬・江古田,石神井公園駅,/nerima/shakujiikoen-station/all/,,石神井公園 メンズエステ
13,東京都,station,nihonbashi,日本橋・茅場町,馬喰町駅・馬喰横山駅・東日本橋駅,/nihonbashi/bakurocho-station/all/,,馬喰町 メンズエステ
13,東京都,station,nihonbashi,日本橋・茅場町,茅場町駅,/nihonbashi/kayabacho-station/all/,,茅場町 メンズエステ
13,東京都,station,nihonbashi,日本橋・茅場町,小伝馬町駅・新日本橋駅,/nihonbashi/kodenmacho-station/all/,,小伝馬町 メンズエステ
13,東京都,station,nihonbashi,日本橋・茅場町,日本橋駅,/nihonbashi/nihonbashi-station/all/,,日本橋 メンズエステ
13,東京都,station,nihonbashi,日本橋・茅場町,水天宮前駅・人形町駅,/nihonbashi/suitengumae-station/all/,,水天宮前 メンズエステ
13,東京都,station,nippori,鶯谷・日暮里,入谷駅,/nippori/iriya-station/all/,,入谷 メンズエステ
13,東京都,station,nippori,鶯谷・日暮里,町屋駅,/nippori/machiya-station/all/,,町屋 メンズエステ
13,東京都,station,nippori,鶯谷・日暮里,三ノ輪駅,/nippori/minowa-station/all/,,三ノ輪 メンズエステ
13,東京都,station,nippori,鶯谷・日暮里,日暮里駅・西日暮里駅,/nippori/nippori-station/all/,,日暮里 メンズエステ
13,東京都,station,nippori,鶯谷・日暮里,鶯谷駅,/nippori/uguisudani-station/all/,,鶯谷 メンズエステ
13,東京都,station,nishitokyo,西東京・東久留米・清瀬,ひばりヶ丘駅,/nishitokyo/hibarigaoka-station/all/,,ひばりヶ丘 メンズエステ
13,東京都,station,nishitokyo,西東京・東久留米・清瀬,東久留米駅,/nishitokyo/higashikurume-station/all/,,東久留米 メンズエステ
13,東京都,station,nishitokyo,西東京・東久留米・清瀬,保谷駅,/nishitokyo/houya-station/all/,,保谷 メンズエステ
13,東京都,station,nishitokyo,西東京・東久留米・清瀬,清瀬駅,/nishitokyo/kiyose-station/all/,,清瀬 メンズエステ
13,東京都,station,nishitokyo,西東京・東久留米・清瀬,田無駅,/nishitokyo/tanashi-station/all/,,田無 メンズエステ
13,東京都,station,ogikubo,荻窪・阿佐ヶ谷,阿佐ヶ谷駅,/ogikubo/asagaya-station/all/,,阿佐ヶ谷 メンズエステ
13,東京都,station,ogikubo,荻窪・阿佐ヶ谷,西荻窪駅,/ogikubo/nishiogikubo-station/all/,,西荻窪 メンズエステ
13,東京都,station,ogikubo,荻窪・阿佐ヶ谷,荻窪駅,/ogikubo/ogikubo-station/all/,,荻窪 メンズエステ
13,東京都,station,okubo,大久保・高田馬場,新大久保駅・大久保駅,/okubo/okubo-station/all/,,新大久保 メンズエステ
13,東京都,station,okubo,大久保・高田馬場,高田馬場駅・西早稲田駅,/okubo/takadanobaba-station/all/,,高田馬場 メンズエステ
13,東京都,station,ooyama,東武東上線・大山・下赤塚,上板橋駅,/ooyama/kamiitabashi-station/all/,,上板橋 メンズエステ
13,東京都,station,ooyama,東武東上線・大山・下赤塚,中板橋駅,/ooyama/nakaitabashi-station/all/,,中板橋 メンズエステ
13,東京都,station,ooyama,東武東上線・大山・下赤塚,成増駅,/ooyama/narimasu-station/all/,,成増 メンズエステ
13,東京都,station,ooyama,東武東上線・大山・下赤塚,大山駅,/ooyama/ooyama-station/all/,,大山 メンズエステ
13,東京都,station,ooyama,東武東上線・大山・下赤塚,下赤塚駅,/ooyama/shimoakatsuka-station/all/,,下赤塚 メンズエステ
13,東京都,station,ooyama,東武東上線・大山・下赤塚,東武練馬駅,/ooyama/tobunerima-station/all/,,東武練馬 メンズエステ
13,東京都,station,ooyama,東武東上線・大山・下赤塚,ときわ台駅,/ooyama/tokiwadai-station/all/,,ときわ台 メンズエステ
13,東京都,station,otsuka,大塚・巣鴨・駒込,駒込駅,/otsuka/komagome-station/all/,,駒込 メンズエステ
13,東京都,station,otsuka,大塚・巣鴨・駒込,大塚駅,/otsuka/otsuka-station/all/,,大塚 メンズエステ
13,東京都,station,otsuka,大塚・巣鴨・駒込,新大塚駅,/otsuka/shinotsuka-station/all/,,新大塚 メンズエステ
13,東京都,station,otsuka,大塚・巣鴨・駒込,巣鴨駅,/otsuka/sugamo-station/all/,,巣鴨 メンズエステ
13,東京都,station,roppongi,六本木・麻布十番,赤羽橋駅,/roppongi/akabanebashi-station/all/,,赤羽橋 メンズエステ
13,東京都,station,roppongi,六本木・麻布十番,麻布十番駅,/roppongi/azabujuban-station/all/,,麻布十番 メンズエステ
13,東京都,station,roppongi,六本木・麻布十番,乃木坂駅,/roppongi/nogizaka-station/all/,,乃木坂 メンズエステ
13,東京都,station,roppongi,六本木・麻布十番,六本木駅,/roppongi/roppongi-station/all/,,六本木 メンズエステ
13,東京都,station,sangenjaya,三軒茶屋,桜新町駅,/sangenjaya/Sakurashimmachi-station/all/,,桜新町 メンズエステ
13,東京都,station,sangenjaya,三軒茶屋,池尻大橋駅,/sangenjaya/ikejiri-station/all/,,池尻大橋 メンズエステ
13,東京都,station,sangenjaya,三軒茶屋,駒沢大学駅,/sangenjaya/komazawadaigaku-station/all/,,駒沢大学 メンズエステ
13,東京都,station,sangenjaya,三軒茶屋,用賀駅,/sangenjaya/yoga-station/all/,,用賀 メンズエステ
13,東京都,station,shakujii,西武新宿線・上石神井,上井草駅,/shakujii/kamiigusa-station/all/,,上井草 メンズエステ
13,東京都,station,shakujii,西武新宿線・上石神井,上石神井駅,/shakujii/kamishakujii-station/all/,,上石神井 メンズエステ
13,東京都,station,shakujii,西武新宿線・上石神井,武蔵関駅,/shakujii/musashiseki-station/all/,,武蔵関 メンズエステ
13,東京都,station,shakujii,西武新宿線・上石神井,鷺ノ宮駅,/shakujii/saginomiya-station/all/,,鷺ノ宮 メンズエステ
13,東京都,station,shibuya,渋谷・代々木・原宿,原宿駅・表参道駅・青山駅,/shibuya/harajuku-station/all/,,原宿 メンズエステ
13,東京都,station,shibuya,渋谷・代々木・原宿,北参道駅,/shibuya/kitasando-station/all/,,北参道 メンズエステ
13,東京都,station,shibuya,渋谷・代々木・原宿,渋谷駅,/shibuya/shibuya-station/all/,,渋谷 メンズエステ
13,東京都,station,shibuya,渋谷・代々木・原宿,神泉駅,/shibuya/shinsen-station/all/,,神泉 メンズエステ
13,東京都,station,shibuya,渋谷・代々木・原宿,代々木駅,/shibuya/yoyogi-station/all/,,代々木 メンズエステ
13,東京都,station,shimokitazawa,小田急線沿線・下北沢,千歳船橋駅,/shimokitazawa/chitosefunabashi-station/all/,,千歳船橋 メンズエステ
13,東京都,station,shimokitazawa,小田急線沿線・下北沢,喜多見駅,/shimokitazawa/kitami-station/all/,,喜多見 メンズエステ
13,東京都,station,shimokitazawa,小田急線沿線・下北沢,経堂駅,/shimokitazawa/kyodo-station/all/,,経堂 メンズエステ
13,東京都,station,shimokitazawa,小田急線沿線・下北沢,下北沢駅,/shimokitazawa/shimokitazawa-station/all/,,下北沢 メンズエステ
13,東京都,station,shimokitazawa,小田急線沿線・下北沢,新代田駅,/shimokitazawa/shindaita-station/all/,,新代田 メンズエステ
13,東京都,station,shimokitazawa,小田急線沿線・下北沢,祖師ヶ谷大蔵駅,/shimokitazawa/soshigayaokura-station/all/,,祖師ヶ谷大蔵 メンズエステ
13,東京都,station,shimokitazawa,小田急線沿線・下北沢,代々木上原駅,/shimokitazawa/yoyogiuehara-station/all/,,代々木上原 メンズエステ
13,東京都,station,shinagawa,品川・田町・浜松町,浜松町駅・大門駅,/shinagawa/hamamatsucho-station/all/,,浜松町 メンズエステ
13,東京都,station,shinagawa,品川・田町・浜松町,泉岳寺駅,/shinagawa/sengakuji-station/all/,,泉岳寺 メンズエステ
13,東京都,station,shinagawa,品川・田町・浜松町,芝公園駅,/shinagawa/shibakoen-station/all/,,芝公園 メンズエステ
13,東京都,station,shinagawa,品川・田町・浜松町,品川駅,/shinagawa/shinagawa-station/all/,,品川 メンズエステ
13,東京都,station,shinagawa,品川・田町・浜松町,白金高輪駅,/shinagawa/shirokanetakanawa-station/all/,,白金高輪 メンズエステ
13,東京都,station,shinagawa,品川・田町・浜松町,田町駅・三田駅,/shinagawa/tamachi-station/all/,,田町 メンズエステ
13,東京都,station,shinagawa,品川・田町・浜松町,天王洲アイル駅,/shinagawa/tennozuisle-station/all/,,天王洲アイル メンズエステ
13,東京都,station,shinbashi,新橋,御成門駅,/shinbashi/onarimon-station/all/,,御成門 メンズエステ
13,東京都,station,shinbashi,新橋,内幸町駅・虎ノ門駅,/shinbashi/toranomon-station/all/,,内幸町 メンズエステ
13,東京都,station,shinjuku,新宿,西新宿五丁目駅,/shinjuku/nishishinjukugochome-station/all/,,西新宿五丁目 メンズエステ
13,東京都,station,shinjuku,新宿,新宿御苑前駅,/shinjuku/shinjukugyoen-station/all/,,新宿御苑前 メンズエステ
13,東京都,station,suidobashi,水道橋・御茶ノ水,後楽園駅,/suidobashi/korakuen-station/all/,,後楽園 メンズエステ
13,東京都,station,suidobashi,水道橋・御茶ノ水,水道橋駅,/suidobashi/suidobashi-station/all/,,水道橋 メンズエステ
13,東京都,station,tokyo,東京・八重洲,八丁堀駅,/tokyo/hatchobori-station/all/,,八丁堀 メンズエステ
13,東京都,station,tokyo,東京・八重洲,京橋駅・宝町駅,/tokyo/kyobashi-station/all/,,京橋 メンズエステ
13,東京都,station,tokyo,東京・八重洲,東京駅（八重洲・丸の内）,/tokyo/tokyo-station/all/,,東京 メンズエステ
13,東京都,station,ueno,上野・浅草・御徒町,浅草駅・田原町駅,/ueno/asakusa-station/all/,,浅草 メンズエステ
13,東京都,station,ueno,上野・浅草・御徒町,稲荷町駅,/ueno/inaricho-station/all/,,稲荷町 メンズエステ
13,東京都,station,ueno,上野・浅草・御徒町,御徒町駅・湯島駅,/ueno/okachimachi-station/all/,,御徒町 メンズエステ
13,東京都,station,ueno,上野・浅草・御徒町,上野駅,/ueno/ueno-station/all/,,上野 メンズエステ
13,東京都,city,hachioji,八王子・日野,日野市,/hachioji/hino-city/all/,,日野 メンズエステ
14,神奈川県,parent,atsugi,本厚木・海老名,,/atsugi/,yes,本厚木 メンズエステ
14,神奈川県,parent,chigasaki,茅ヶ崎・平塚,,/chigasaki/,yes,茅ヶ崎 メンズエステ
14,神奈川県,parent,fujisawa,藤沢・湘南台,,/fujisawa/,yes,藤沢 メンズエステ
14,神奈川県,parent,kawasaki,川崎・鶴見,,/kawasaki/,yes,川崎 メンズエステ
14,神奈川県,parent,mizonokuchi,溝,,/mizonokuchi/,yes,溝 メンズエステ
14,神奈川県,parent,musashikosugi,武蔵小杉・日吉,,/musashikosugi/,yes,武蔵小杉 メンズエステ
14,神奈川県,parent,noborito,登戸・向ヶ丘遊園,,/noborito/,yes,登戸 メンズエステ
14,神奈川県,parent,odawara,小田原,,/odawara/,yes,小田原 メンズエステ
14,神奈川県,parent,ofuna,大船・戸塚,,/ofuna/,yes,大船 メンズエステ
14,神奈川県,parent,sagamihara,相模原・橋本,,/sagamihara/,yes,相模原 メンズエステ
14,神奈川県,parent,sagamiono,相模大野・小田急相模原,,/sagamiono/,yes,相模大野 メンズエステ
14,神奈川県,parent,saginuma,鷺沼・たまプラーザ・青葉台,,/saginuma/,yes,鷺沼 メンズエステ
14,神奈川県,parent,shinyokohama,新横浜・菊名,,/shinyokohama/,yes,新横浜 メンズエステ
14,神奈川県,parent,yamato,大和・南林間,,/yamato/,yes,大和 メンズエステ
14,神奈川県,parent,yokohama,横浜・関内,,/yokohama/,yes,横浜 メンズエステ
14,神奈川県,station,atsugi,本厚木・海老名,厚木駅,/atsugi/atsugi-station/all/,,厚木 メンズエステ
14,神奈川県,station,atsugi,本厚木・海老名,海老名駅,/atsugi/ebina-station/all/,,海老名 メンズエステ
14,神奈川県,station,atsugi,本厚木・海老名,本厚木駅,/atsugi/honatsugi-station/all/,,本厚木 メンズエステ
14,神奈川県,station,atsugi,本厚木・海老名,かしわ台駅,/atsugi/kashiwadai-station/all/,,かしわ台 メンズエステ
14,神奈川県,station,atsugi,本厚木・海老名,鶴巻温泉駅,/atsugi/tsurumakionsen-station/all/,,鶴巻温泉 メンズエステ
14,神奈川県,station,chigasaki,茅ヶ崎・平塚,茅ヶ崎駅,/chigasaki/chigasaki-station/all/,,茅ヶ崎 メンズエステ
14,神奈川県,station,chigasaki,茅ヶ崎・平塚,平塚駅,/chigasaki/hiratsuka-station/all/,,平塚 メンズエステ
14,神奈川県,station,fujisawa,藤沢・湘南台,長後駅,/fujisawa/chogo-station/all/,,長後 メンズエステ
14,神奈川県,station,fujisawa,藤沢・湘南台,藤沢駅,/fujisawa/fujisawa-station/all/,,藤沢 メンズエステ
14,神奈川県,station,fujisawa,藤沢・湘南台,湘南台駅,/fujisawa/shonandai-station/all/,,湘南台 メンズエステ
14,神奈川県,station,fujisawa,藤沢・湘南台,辻堂駅,/fujisawa/tsujido-station/all/,,辻堂 メンズエステ
14,神奈川県,station,kawasaki,川崎・鶴見,鹿島田駅,/kawasaki/kashimada-station/all/,,鹿島田 メンズエステ
14,神奈川県,station,kawasaki,川崎・鶴見,川崎駅,/kawasaki/kawasaki-station/all/,,川崎 メンズエステ
14,神奈川県,station,kawasaki,川崎・鶴見,鶴見駅・京急鶴見駅,/kawasaki/tsurumi-station/all/,,鶴見 メンズエステ
14,神奈川県,station,kawasaki,川崎・鶴見,矢向駅,/kawasaki/yako-station/all/,,矢向 メンズエステ
14,神奈川県,station,mizonokuchi,溝,二子新地駅,/mizonokuchi/futakoshinchi-station/all/,,二子新地 メンズエステ
14,神奈川県,station,mizonokuchi,溝,二子玉川駅,/mizonokuchi/futakotamagawa-station/all/,,二子玉川 メンズエステ
14,神奈川県,station,mizonokuchi,溝,溝の口駅,/mizonokuchi/mizonokuchi-station/all/,,溝の口 メンズエステ
14,神奈川県,station,mizonokuchi,溝,武蔵新城駅,/mizonokuchi/musashishinjo-station/all/,,武蔵新城 メンズエステ
14,神奈川県,station,musashikosugi,武蔵小杉・日吉,日吉駅,/musashikosugi/hiyoshi-station/all/,,日吉 メンズエステ
14,神奈川県,station,musashikosugi,武蔵小杉・日吉,元住吉駅,/musashikosugi/motosumiyoshi-station/all/,,元住吉 メンズエステ
14,神奈川県,station,musashikosugi,武蔵小杉・日吉,武蔵小杉駅・新丸子駅,/musashikosugi/musashikosugi-station/all/,,武蔵小杉 メンズエステ
14,神奈川県,station,musashikosugi,武蔵小杉・日吉,綱島駅,/musashikosugi/tsunashima-station/all/,,綱島 メンズエステ
14,神奈川県,station,noborito,登戸・向ヶ丘遊園,稲田堤駅・京王稲田堤駅,/noborito/inadazutsumi-station/all/,,稲田堤 メンズエステ
14,神奈川県,station,noborito,登戸・向ヶ丘遊園,向ヶ丘遊園駅,/noborito/mukogaokayuen-station/all/,,向ヶ丘遊園 メンズエステ
14,神奈川県,station,noborito,登戸・向ヶ丘遊園,登戸駅,/noborito/noborito-station/all/,,登戸 メンズエステ
14,神奈川県,station,noborito,登戸・向ヶ丘遊園,新百合ヶ丘駅,/noborito/shinyurigaoka-station/all/,,新百合ヶ丘 メンズエステ
14,神奈川県,station,noborito,登戸・向ヶ丘遊園,百合ヶ丘駅,/noborito/yurigaoka-station/all/,,百合ヶ丘 メンズエステ
14,神奈川県,station,odawara,小田原,小田原駅,/odawara/odawara-station/all/,,小田原 メンズエステ
14,神奈川県,station,ofuna,大船・戸塚,東戸塚駅,/ofuna/higashitotsuka-station/all/,,東戸塚 メンズエステ
14,神奈川県,station,ofuna,大船・戸塚,上永谷駅,/ofuna/kaminagaya-station/all/,,上永谷 メンズエステ
14,神奈川県,station,ofuna,大船・戸塚,上大岡駅,/ofuna/kamiooka-station/all/,,上大岡 メンズエステ
14,神奈川県,station,ofuna,大船・戸塚,港南台駅,/ofuna/konandai-station/all/,,港南台 メンズエステ
14,神奈川県,station,ofuna,大船・戸塚,大船駅,/ofuna/ofuna-station/all/,,大船 メンズエステ
14,神奈川県,station,ofuna,大船・戸塚,追浜駅,/ofuna/oppama-station/all/,,追浜 メンズエステ
14,神奈川県,station,ofuna,大船・戸塚,杉田駅・新杉田駅,/ofuna/sugita-station/all/,,杉田 メンズエステ
14,神奈川県,station,ofuna,大船・戸塚,戸塚駅,/ofuna/totsuka-station/all/,,戸塚 メンズエステ
14,神奈川県,station,ofuna,大船・戸塚,逗子駅,/ofuna/zushi-station/all/,,逗子 メンズエステ
14,神奈川県,station,sagamihara,相模原・橋本,淵野辺駅,/sagamihara/fuchinobe-station/all/,,淵野辺 メンズエステ
14,神奈川県,station,sagamihara,相模原・橋本,橋本駅,/sagamihara/hashimoto-station/all/,,橋本 メンズエステ
14,神奈川県,station,sagamihara,相模原・橋本,相模原駅,/sagamihara/sagamihara-station/all/,,相模原 メンズエステ
14,神奈川県,station,sagamihara,相模原・橋本,矢部駅,/sagamihara/yabe-station/all/,,矢部 メンズエステ
14,神奈川県,station,sagamiono,相模大野・小田急相模原,小田急相模原駅,/sagamiono/odakyusagamihara-station/all/,,小田急相模原 メンズエステ
14,神奈川県,station,sagamiono,相模大野・小田急相模原,相模大野駅,/sagamiono/sagamiono-station/all/,,相模大野 メンズエステ
14,神奈川県,station,saginuma,鷺沼・たまプラーザ・青葉台,青葉台駅,/saginuma/aobadai-station/all/,,青葉台 メンズエステ
14,神奈川県,station,saginuma,鷺沼・たまプラーザ・青葉台,あざみ野駅,/saginuma/azamino-station/all/,,あざみ野 メンズエステ
14,神奈川県,station,saginuma,鷺沼・たまプラーザ・青葉台,センター北駅,/saginuma/centerkita-station/all/,,センター北 メンズエステ
14,神奈川県,station,saginuma,鷺沼・たまプラーザ・青葉台,センター南駅,/saginuma/centerminami-station/all/,,センター南 メンズエステ
14,神奈川県,station,saginuma,鷺沼・たまプラーザ・青葉台,宮崎台駅,/saginuma/miyazakidai-station/all/,,宮崎台 メンズエステ
14,神奈川県,station,saginuma,鷺沼・たまプラーザ・青葉台,長津田駅,/saginuma/nagatsuta-station/all/,,長津田 メンズエステ
14,神奈川県,station,saginuma,鷺沼・たまプラーザ・青葉台,鷺沼駅,/saginuma/saginuma-station/all/,,鷺沼 メンズエステ
14,神奈川県,station,saginuma,鷺沼・たまプラーザ・青葉台,たまプラーザ駅,/saginuma/tamapuraza-station/all/,,たまプラーザ メンズエステ
14,神奈川県,station,shinyokohama,新横浜・菊名,菊名駅,/shinyokohama/kikuna-station/all/,,菊名 メンズエステ
14,神奈川県,station,shinyokohama,新横浜・菊名,中山駅,/shinyokohama/nakayama-station/all/,,中山 メンズエステ
14,神奈川県,station,shinyokohama,新横浜・菊名,大倉山駅,/shinyokohama/okurayama-station/all/,,大倉山 メンズエステ
14,神奈川県,station,shinyokohama,新横浜・菊名,新横浜駅,/shinyokohama/shinyokohama-station/all/,,新横浜 メンズエステ
14,神奈川県,station,yamato,大和・南林間,中央林間駅,/yamato/chuorinkan-station/all/,,中央林間 メンズエステ
14,神奈川県,station,yamato,大和・南林間,二俣川駅,/yamato/futamatagawa-station/all/,,二俣川 メンズエステ
14,神奈川県,station,yamato,大和・南林間,南林間駅,/yamato/minamirinkan-station/all/,,南林間 メンズエステ
14,神奈川県,station,yamato,大和・南林間,さがみ野駅,/yamato/sagamino-station/all/,,さがみ野 メンズエステ
14,神奈川県,station,yamato,大和・南林間,相模大塚駅,/yamato/sagamiotsuka-station/all/,,相模大塚 メンズエステ
14,神奈川県,station,yamato,大和・南林間,鶴ヶ峰駅,/yamato/tsurugamine-station/all/,,鶴ヶ峰 メンズエステ
14,神奈川県,station,yamato,大和・南林間,鶴間駅,/yamato/tsuruma-station/all/,,鶴間 メンズエステ
14,神奈川県,station,yamato,大和・南林間,大和駅,/yamato/yamato-station/all/,,大和 メンズエステ
14,神奈川県,station,yokohama,横浜・関内,阪東橋駅,/yokohama/bandobashi-station/all/,,阪東橋 メンズエステ
14,神奈川県,station,yokohama,横浜・関内,東神奈川駅,/yokohama/higashikanagawa-station/all/,,東神奈川 メンズエステ
14,神奈川県,station,yokohama,横浜・関内,日ノ出町駅,/yokohama/hinodecho-station/all/,,日ノ出町 メンズエステ
14,神奈川県,station,yokohama,横浜・関内,伊勢佐木長者町駅,/yokohama/isezakichojamachi-station/all/,,伊勢佐木長者町 メンズエステ
14,神奈川県,station,yokohama,横浜・関内,関内駅,/yokohama/kannai-station/all/,,関内 メンズエステ
14,神奈川県,station,yokohama,横浜・関内,黄金町駅,/yokohama/koganecho-station/all/,,黄金町 メンズエステ
14,神奈川県,station,yokohama,横浜・関内,元町・中華街駅,/yokohama/motomachichukagai-station/all/,,元町 メンズエステ
14,神奈川県,station,yokohama,横浜・関内,桜木町駅,/yokohama/sakuragicho-station/all/,,桜木町 メンズエステ
14,神奈川県,station,yokohama,横浜・関内,反町駅,/yokohama/tanmachi-station/all/,,反町 メンズエステ
14,神奈川県,station,yokohama,横浜・関内,天王町駅,/yokohama/tennocho-station/all/,,天王町 メンズエステ
14,神奈川県,station,yokohama,横浜・関内,横浜駅・神奈川駅,/yokohama/yokohama-station/all/,,横浜 メンズエステ
14,神奈川県,city,odawara,小田原,秦野市,/odawara/hadano-city/all/,,秦野 メンズエステ
14,神奈川県,city,ofuna,大船・戸塚,横須賀市,/ofuna/yokosuka-city/all/,,横須賀 メンズエステ
15,新潟県,parent,niigata,新潟・長岡,,/niigata/,yes,新潟 メンズエステ
15,新潟県,city,niigata,新潟・長岡,上越市,/niigata/jouetsu-city/all/,,上越 メンズエステ
15,新潟県,city,niigata,新潟・長岡,長岡市,/niigata/nagaoka-city/all/,,長岡 メンズエステ
15,新潟県,city,niigata,新潟・長岡,新潟市,/niigata/niigata-city/all/,,新潟 メンズエステ
16,富山県,parent,toyama,富山・高岡,,/toyama/,yes,富山 メンズエステ
16,富山県,city,toyama,富山・高岡,滑川市,/toyama/namerikawa-city/all/,,滑川 メンズエステ
16,富山県,city,toyama,富山・高岡,高岡市,/toyama/takaoka-city/all/,,高岡 メンズエステ
16,富山県,city,toyama,富山・高岡,富山市,/toyama/toyama-city/all/,,富山 メンズエステ
16,富山県,city,toyama,富山・高岡,魚津市,/toyama/uozu-city/all/,,魚津 メンズエステ
17,石川県,parent,ishikawa,石川・金沢,,/ishikawa/,yes,石川 メンズエステ
17,石川県,city,ishikawa,石川・金沢,金沢市,/ishikawa/kanazawa-city/all/,,金沢 メンズエステ
17,石川県,city,ishikawa,石川・金沢,小松市,/ishikawa/komatsu-city/all/,,小松 メンズエステ
17,石川県,city,ishikawa,石川・金沢,野々市市,/ishikawa/nonoichi-city/all/,,野々市 メンズエステ
18,福井県,parent,fukui,福井・片町,,/fukui/,yes,福井 メンズエステ
18,福井県,city,fukui,福井・片町,越前市,/fukui/echizen-city/all/,,越前 メンズエステ
18,福井県,city,fukui,福井・片町,福井市,/fukui/fukui-city/all/,,福井 メンズエステ
18,福井県,city,fukui,福井・片町,鯖江市,/fukui/sabae-city/all/,,鯖江 メンズエステ
18,福井県,city,fukui,福井・片町,坂井市,/fukui/sakai-city/all/,,坂井 メンズエステ
19,山梨県,parent,yamanashi,山梨・甲府,,/yamanashi/,yes,山梨 メンズエステ
19,山梨県,city,yamanashi,山梨・甲府,中央市,/yamanashi/chuo-city/all/,,中央 メンズエステ
19,山梨県,city,yamanashi,山梨・甲府,笛吹市,/yamanashi/fuefuki-city/all/,,笛吹 メンズエステ
19,山梨県,city,yamanashi,山梨・甲府,甲斐市,/yamanashi/kai-city/all/,,甲斐 メンズエステ
19,山梨県,city,yamanashi,山梨・甲府,甲府市,/yamanashi/kofu-city/all/,,甲府 メンズエステ
20,長野県,parent,nagano,長野・松本,,/nagano/,yes,長野 メンズエステ
20,長野県,city,nagano,長野・松本,伊那市,/nagano/ina-city/all/,,伊那 メンズエステ
20,長野県,city,nagano,長野・松本,松本市,/nagano/matsumoto-city/all/,,松本 メンズエステ
20,長野県,city,nagano,長野・松本,長野市,/nagano/nagano-city/all/,,長野 メンズエステ
20,長野県,city,nagano,長野・松本,塩尻市,/nagano/shiojiri-city/all/,,塩尻 メンズエステ
20,長野県,city,nagano,長野・松本,東御市,/nagano/tomi-city/all/,,東御 メンズエステ
20,長野県,city,nagano,長野・松本,上田市,/nagano/ueda-city/all/,,上田 メンズエステ
21,岐阜県,parent,gifu,岐阜・岐南・羽島,,/gifu/,yes,岐南 メンズエステ
21,岐阜県,parent,mino,美濃・多治見・飛騨,,/mino/,yes,美濃 メンズエステ
21,岐阜県,parent,ogaki,大垣・瑞穂,,/ogaki/,yes,大垣 メンズエステ
21,岐阜県,city,gifu,岐阜・岐南・羽島,岐阜市,/gifu/gifu-city/all/,,岐阜 メンズエステ
21,岐阜県,city,gifu,岐阜・岐南・羽島,羽島市,/gifu/hashima-city/all/,,羽島 メンズエステ
21,岐阜県,city,gifu,岐阜・岐南・羽島,各務原市,/gifu/kakamigahara-city/all/,,各務原 メンズエステ
21,岐阜県,city,mino,美濃・多治見・飛騨,恵那市,/mino/ena-city/all/,,恵那 メンズエステ
21,岐阜県,city,mino,美濃・多治見・飛騨,可児市,/mino/kani-city/all/,,可児 メンズエステ
21,岐阜県,city,mino,美濃・多治見・飛騨,美濃加茂市,/mino/minokamo-city/all/,,美濃加茂 メンズエステ
21,岐阜県,city,mino,美濃・多治見・飛騨,瑞浪市,/mino/mizunami-city/all/,,瑞浪 メンズエステ
21,岐阜県,city,mino,美濃・多治見・飛騨,中津川市,/mino/nakatsugawa-city/all/,,中津川 メンズエステ
21,岐阜県,city,mino,美濃・多治見・飛騨,関市,/mino/seki-city/all/,,関 メンズエステ
21,岐阜県,city,mino,美濃・多治見・飛騨,多治見市,/mino/tajimi-city/all/,,多治見 メンズエステ
21,岐阜県,city,mino,美濃・多治見・飛騨,土岐市,/mino/toki-city/all/,,土岐 メンズエステ
21,岐阜県,city,ogaki,大垣・瑞穂,瑞穂市,/ogaki/mizuho-city/all/,,瑞穂 メンズエステ
21,岐阜県,city,ogaki,大垣・瑞穂,大垣市,/ogaki/ogaki-city/all/,,大垣 メンズエステ
22,静岡県,parent,hamamatsu,浜松・掛川,,/hamamatsu/,yes,浜松 メンズエステ
22,静岡県,parent,numazu,沼津・富士,,/numazu/,yes,沼津 メンズエステ
22,静岡県,parent,shizuoka,静岡・中部,,/shizuoka/,yes,中部 メンズエステ
22,静岡県,city,hamamatsu,浜松・掛川,袋井市,/hamamatsu/fukuroi-city/all/,,袋井 メンズエステ
22,静岡県,city,hamamatsu,浜松・掛川,浜松市,/hamamatsu/hamamatsu-city/all/,,浜松 メンズエステ
22,静岡県,city,hamamatsu,浜松・掛川,磐田市,/hamamatsu/iwata-city/all/,,磐田 メンズエステ
22,静岡県,city,hamamatsu,浜松・掛川,掛川市,/hamamatsu/kakegawa-city/all/,,掛川 メンズエステ
22,静岡県,city,hamamatsu,浜松・掛川,菊川市,/hamamatsu/kikugawa-city/all/,,菊川 メンズエステ
22,静岡県,city,hamamatsu,浜松・掛川,湖西市,/hamamatsu/kosai-city/all/,,湖西 メンズエステ
22,静岡県,city,numazu,沼津・富士,熱海市,/numazu/atami-city/all/,,熱海 メンズエステ
22,静岡県,city,numazu,沼津・富士,富士市,/numazu/fuji-city/all/,,富士 メンズエステ
22,静岡県,city,numazu,沼津・富士,伊豆の国市,/numazu/izunokuni-city/all/,,伊豆の国 メンズエステ
22,静岡県,city,numazu,沼津・富士,三島市,/numazu/mishima-city/all/,,三島 メンズエステ
22,静岡県,city,numazu,沼津・富士,沼津市,/numazu/numazu-city/all/,,沼津 メンズエステ
22,静岡県,city,shizuoka,静岡・中部,藤枝市,/shizuoka/fujieda-city/all/,,藤枝 メンズエステ
22,静岡県,city,shizuoka,静岡・中部,島田市,/shizuoka/shimada-city/all/,,島田 メンズエステ
22,静岡県,city,shizuoka,静岡・中部,静岡市,/shizuoka/shizuoka-city/all/,,静岡 メンズエステ
22,静岡県,city,shizuoka,静岡・中部,焼津市,/shizuoka/yaizu-city/all/,,焼津 メンズエステ
23,愛知県,parent,chita,知多・大府・半田,,/chita/,yes,知多 メンズエステ
23,愛知県,parent,horita,堀田・新瑞橋,,/horita/,yes,堀田 メンズエステ
23,愛知県,parent,hoshigaoka,星ヶ丘・藤が丘,,/hoshigaoka/,yes,星ヶ丘 メンズエステ
23,愛知県,parent,kanayama,金山・熱田,,/kanayama/,yes,金山 メンズエステ
23,愛知県,parent,kasadera,笠寺・柴田,,/kasadera/,yes,笠寺 メンズエステ
23,愛知県,parent,komaki,小牧・春日井,,/komaki/,yes,小牧 メンズエステ
23,愛知県,parent,kurokawa,黒川・大曽根,,/kurokawa/,yes,黒川 メンズエステ
23,愛知県,parent,moriyama,守山・小幡,,/moriyama/,yes,守山 メンズエステ
23,愛知県,parent,nagoya,名古屋・名駅・納屋橋,,/nagoya/,yes,名古屋 メンズエステ
23,愛知県,parent,otai,小田井・比良,,/otai/,yes,小田井 メンズエステ
23,愛知県,parent,owari,尾張・一宮,,/owari/,yes,尾張 メンズエステ
23,愛知県,parent,sakae,栄,,/sakae/,yes,栄 メンズエステ
23,愛知県,parent,shinsakae,新栄町・千種・今池,,/shinsakae/,yes,新栄町 メンズエステ
23,愛知県,parent,showa,名古屋・昭和区・天白区,,/showa/,yes,名古屋 メンズエステ
23,愛知県,parent,tokaidori,東海通・高畑,,/tokaidori/,yes,東海通 メンズエステ
23,愛知県,parent,toyohashi,東三河・豊橋・豊川,,/toyohashi/,yes,東三河 メンズエステ
23,愛知県,parent,toyota,西三河・豊田・岡崎,,/toyota/,yes,西三河 メンズエステ
23,愛知県,parent,tsurumai,大須・鶴舞,,/tsurumai/,yes,大須 メンズエステ
23,愛知県,station,horita,堀田・新瑞橋,相生山駅,/horita/aioiyama-station/all/,,相生山 メンズエステ
23,愛知県,station,horita,堀田・新瑞橋,新瑞橋駅,/horita/aratamabashi-station/all/,,新瑞橋 メンズエステ
23,愛知県,station,horita,堀田・新瑞橋,堀田駅,/horita/horita-station/all/,,堀田 メンズエステ
23,愛知県,station,horita,堀田・新瑞橋,神沢駅,/horita/kamisawa-station/all/,,神沢 メンズエステ
23,愛知県,station,horita,堀田・新瑞橋,瑞穂運動場東駅,/horita/mizuhoundojohigashi-station/all/,,瑞穂運動場東 メンズエステ
23,愛知県,station,horita,堀田・新瑞橋,瑞穂運動場西駅,/horita/mizuhoundojonishi-station/all/,,瑞穂運動場西 メンズエステ
23,愛知県,station,horita,堀田・新瑞橋,野並駅,/horita/nonami-station/all/,,野並 メンズエステ
23,愛知県,station,horita,堀田・新瑞橋,桜山駅,/horita/sakurayama-station/all/,,桜山 メンズエステ
23,愛知県,station,horita,堀田・新瑞橋,徳重駅,/horita/tokushige-station/all/,,徳重 メンズエステ
23,愛知県,station,horita,堀田・新瑞橋,鶴里駅,/horita/tsurusato-station/all/,,鶴里 メンズエステ
23,愛知県,station,hoshigaoka,星ヶ丘・藤が丘,藤が丘駅,/hoshigaoka/fujigaoka-station/all/,,藤が丘 メンズエステ
23,愛知県,station,hoshigaoka,星ヶ丘・藤が丘,本郷駅,/hoshigaoka/hongo-station/all/,,本郷 メンズエステ
23,愛知県,station,hoshigaoka,星ヶ丘・藤が丘,星ヶ丘駅,/hoshigaoka/hoshigaoka-station/all/,,星ヶ丘 メンズエステ
23,愛知県,station,hoshigaoka,星ヶ丘・藤が丘,一社駅,/hoshigaoka/issha-station/all/,,一社 メンズエステ
23,愛知県,station,hoshigaoka,星ヶ丘・藤が丘,上社駅,/hoshigaoka/kamiyashiro-station/all/,,上社 メンズエステ
23,愛知県,station,kanayama,金山・熱田,日比野駅,/kanayama/hibino-station/all/,,日比野 メンズエステ
23,愛知県,station,kanayama,金山・熱田,東別院駅,/kanayama/higashibetsuin-station/all/,,東別院 メンズエステ
23,愛知県,station,kanayama,金山・熱田,金山駅,/kanayama/kanayama-station/all/,,金山 メンズエステ
23,愛知県,station,kanayama,金山・熱田,尾頭橋駅,/kanayama/otobashi-station/all/,,尾頭橋 メンズエステ
23,愛知県,station,kasadera,笠寺・柴田,有松駅,/kasadera/arimatsu-station/all/,,有松 メンズエステ
23,愛知県,station,kasadera,笠寺・柴田,中京競馬場前駅,/kasadera/chukyokeibajomae-station/all/,,中京競馬場前 メンズエステ
23,愛知県,station,kasadera,笠寺・柴田,道徳駅,/kasadera/dotoku-station/all/,,道徳 メンズエステ
23,愛知県,station,kasadera,笠寺・柴田,笠寺駅・本笠寺駅,/kasadera/kasadera-station/all/,,笠寺 メンズエステ
23,愛知県,station,kasadera,笠寺・柴田,本星崎駅,/kasadera/motohoshizaki-station/all/,,本星崎 メンズエステ
23,愛知県,station,kasadera,笠寺・柴田,鳴海駅,/kasadera/narumi-station/all/,,鳴海 メンズエステ
23,愛知県,station,kasadera,笠寺・柴田,大高駅,/kasadera/odaka-station/all/,,大高 メンズエステ
23,愛知県,station,kasadera,笠寺・柴田,大江駅,/kasadera/oe-station/all/,,大江 メンズエステ
23,愛知県,station,kasadera,笠寺・柴田,左京山駅,/kasadera/sakyoyama-station/all/,,左京山 メンズエステ
23,愛知県,station,kasadera,笠寺・柴田,柴田駅,/kasadera/shibata-station/all/,,柴田 メンズエステ
23,愛知県,station,kurokawa,黒川・大曽根,茶屋ヶ坂駅,/kurokawa/chayagasaka-station/all/,,茶屋ヶ坂 メンズエステ
23,愛知県,station,kurokawa,黒川・大曽根,平安通駅,/kurokawa/heiandori-station/all/,,平安通 メンズエステ
23,愛知県,station,kurokawa,黒川・大曽根,上飯田駅,/kurokawa/kamiida-station/all/,,上飯田 メンズエステ
23,愛知県,station,kurokawa,黒川・大曽根,黒川駅,/kurokawa/kurokawa-station/all/,,黒川 メンズエステ
23,愛知県,station,kurokawa,黒川・大曽根,大曽根駅,/kurokawa/ozone-station/all/,,大曽根 メンズエステ
23,愛知県,station,kurokawa,黒川・大曽根,志賀本通駅,/kurokawa/shigahondori-station/all/,,志賀本通 メンズエステ
23,愛知県,station,moriyama,守山・小幡,印場駅,/moriyama/inba-station/all/,,印場 メンズエステ
23,愛知県,station,moriyama,守山・小幡,喜多山駅,/moriyama/kitayama-station/all/,,喜多山 メンズエステ
23,愛知県,station,moriyama,守山・小幡,小幡駅,/moriyama/obata-station/all/,,小幡 メンズエステ
23,愛知県,station,moriyama,守山・小幡,大森・金城学院前駅,/moriyama/omorikinjogakuinmae-station/all/,,大森 メンズエステ
23,愛知県,station,moriyama,守山・小幡,新守山駅,/moriyama/shinmoriyama-station/all/,,新守山 メンズエステ
23,愛知県,station,nagoya,名古屋・名駅・納屋橋,八田駅,/nagoya/hatta-station/all/,,八田 メンズエステ
23,愛知県,station,nagoya,名古屋・名駅・納屋橋,本陣駅,/nagoya/honjin-station/all/,,本陣 メンズエステ
23,愛知県,station,nagoya,名古屋・名駅・納屋橋,岩塚駅,/nagoya/iwatsuka-station/all/,,岩塚 メンズエステ
23,愛知県,station,nagoya,名古屋・名駅・納屋橋,亀島駅,/nagoya/kamejima-station/all/,,亀島 メンズエステ
23,愛知県,station,nagoya,名古屋・名駅・納屋橋,国際センター駅,/nagoya/kokusaicenter-station/all/,,国際センター メンズエステ
23,愛知県,station,nagoya,名古屋・名駅・納屋橋,名古屋駅,/nagoya/nagoya-station/all/,,名古屋 メンズエステ
23,愛知県,station,nagoya,名古屋・名駅・納屋橋,中村公園駅,/nagoya/nakamurakoen-station/all/,,中村公園 メンズエステ
23,愛知県,station,nagoya,名古屋・名駅・納屋橋,栄生駅,/nagoya/sako-station/all/,,栄生 メンズエステ
23,愛知県,station,nagoya,名古屋・名駅・納屋橋,太閤通駅,/nagoya/taikoudori-station/all/,,太閤通 メンズエステ
23,愛知県,station,otai,小田井・比良,味鋺駅,/otai/ajima-station/all/,,味鋺 メンズエステ
23,愛知県,station,otai,小田井・比良,味美駅,/otai/ajiyoshi-station/all/,,味美 メンズエステ
23,愛知県,station,otai,小田井・比良,比良駅,/otai/hira-station/all/,,比良 メンズエステ
23,愛知県,station,otai,小田井・比良,浄心駅,/otai/joshin-station/all/,,浄心 メンズエステ
23,愛知県,station,otai,小田井・比良,小田井駅・上小田井駅,/otai/otai-station/all/,,小田井 メンズエステ
23,愛知県,station,otai,小田井・比良,庄内通駅,/otai/shonaidori-station/all/,,庄内通 メンズエステ
23,愛知県,station,sakae,栄,丸の内駅・伏見駅,/sakae/marunouchi-station/all/,,丸の内 メンズエステ
23,愛知県,station,sakae,栄,栄駅・久屋大通駅,/sakae/sakae-station/all/,,栄 メンズエステ
23,愛知県,station,sakae,栄,矢場町駅,/sakae/yabacho-station/all/,,矢場町 メンズエステ
23,愛知県,station,shinsakae,新栄町・千種・今池,千種駅,/shinsakae/chikusa-station/all/,,千種 メンズエステ
23,愛知県,station,shinsakae,新栄町・千種・今池,吹上駅,/shinsakae/fukiage-station/all/,,吹上 メンズエステ
23,愛知県,station,shinsakae,新栄町・千種・今池,池下駅,/shinsakae/ikeshita-station/all/,,池下 メンズエステ
23,愛知県,station,shinsakae,新栄町・千種・今池,今池駅,/shinsakae/imaike-station/all/,,今池 メンズエステ
23,愛知県,station,shinsakae,新栄町・千種・今池,覚王山駅,/shinsakae/kakuozan-station/all/,,覚王山 メンズエステ
23,愛知県,station,shinsakae,新栄町・千種・今池,新栄町駅,/shinsakae/shinsakaemachi-station/all/,,新栄町 メンズエステ
23,愛知県,station,shinsakae,新栄町・千種・今池,高岳駅,/shinsakae/takaoka-station/all/,,高岳 メンズエステ
23,愛知県,station,showa,名古屋・昭和区・天白区,荒畑駅,/showa/arahata-station/all/,,荒畑 メンズエステ
23,愛知県,station,showa,名古屋・昭和区・天白区,御器所駅,/showa/gokiso-station/all/,,御器所 メンズエステ
23,愛知県,station,showa,名古屋・昭和区・天白区,原駅,/showa/hara-station/all/,,原 メンズエステ
23,愛知県,station,showa,名古屋・昭和区・天白区,平針駅,/showa/hirabari-station/all/,,平針 メンズエステ
23,愛知県,station,showa,名古屋・昭和区・天白区,川名駅,/showa/kawana-station/all/,,川名 メンズエステ
23,愛知県,station,showa,名古屋・昭和区・天白区,塩釜口駅,/showa/shiogamaguchi-station/all/,,塩釜口 メンズエステ
23,愛知県,station,showa,名古屋・昭和区・天白区,植田駅,/showa/ueda-station/all/,,植田 メンズエステ
23,愛知県,station,tokaidori,東海通・高畑,荒子川公園駅,/tokaidori/arakogawakoen-station/all/,,荒子川公園 メンズエステ
23,愛知県,station,tokaidori,東海通・高畑,港北駅,/tokaidori/kohoku-station/all/,,港北 メンズエステ
23,愛知県,station,tokaidori,東海通・高畑,南荒子駅,/tokaidori/minamiarako-station/all/,,南荒子 メンズエステ
23,愛知県,station,tokaidori,東海通・高畑,港区役所駅,/tokaidori/minatokuyakusho-station/all/,,港区役所 メンズエステ
23,愛知県,station,tokaidori,東海通・高畑,中島駅,/tokaidori/nakajima-station/all/,,中島 メンズエステ
23,愛知県,station,tokaidori,東海通・高畑,高畑駅,/tokaidori/takabata-station/all/,,高畑 メンズエステ
23,愛知県,station,tokaidori,東海通・高畑,戸田駅,/tokaidori/toda-station/all/,,戸田 メンズエステ
23,愛知県,station,tokaidori,東海通・高畑,東海通駅,/tokaidori/tokaidori-station/all/,,東海通 メンズエステ
23,愛知県,station,tokaidori,東海通・高畑,築地口駅,/tokaidori/tsukijiguchi-station/all/,,築地口 メンズエステ
23,愛知県,station,tsurumai,大須・鶴舞,上前津駅,/tsurumai/kamimaezu-station/all/,,上前津 メンズエステ
23,愛知県,station,tsurumai,大須・鶴舞,大須観音駅,/tsurumai/osukannon-station/all/,,大須観音 メンズエステ
23,愛知県,station,tsurumai,大須・鶴舞,鶴舞駅,/tsurumai/tsurumai-station/all/,,鶴舞 メンズエステ
23,愛知県,city,chita,知多・大府・半田,知多市,/chita/chita-city/all/,,知多 メンズエステ
23,愛知県,city,chita,知多・大府・半田,半田市,/chita/handa-city/all/,,半田 メンズエステ
23,愛知県,city,chita,知多・大府・半田,大府市,/chita/obu-city/all/,,大府 メンズエステ
23,愛知県,city,chita,知多・大府・半田,東海市,/chita/tokai-city/all/,,東海 メンズエステ
23,愛知県,city,chita,知多・大府・半田,常滑市,/chita/tokoname-city/all/,,常滑 メンズエステ
23,愛知県,city,komaki,小牧・春日井,犬山市,/komaki/inuyama-city/all/,,犬山 メンズエステ
23,愛知県,city,komaki,小牧・春日井,春日井市,/komaki/kasugai-city/all/,,春日井 メンズエステ
23,愛知県,city,komaki,小牧・春日井,小牧市,/komaki/komaki-city/all/,,小牧 メンズエステ
23,愛知県,city,komaki,小牧・春日井,長久手市,/komaki/nagakute-city/all/,,長久手 メンズエステ
23,愛知県,city,komaki,小牧・春日井,日進市,/komaki/nisshin-city/all/,,日進 メンズエステ
23,愛知県,city,komaki,小牧・春日井,瀬戸市,/komaki/seto-city/all/,,瀬戸 メンズエステ
23,愛知県,city,komaki,小牧・春日井,豊明市,/komaki/toyoake-city/all/,,豊明 メンズエステ
23,愛知県,city,owari,尾張・一宮,愛西市,/owari/aisai-city/all/,,愛西 メンズエステ
23,愛知県,city,owari,尾張・一宮,あま市,/owari/ama-city/all/,,あま メンズエステ
23,愛知県,city,owari,尾張・一宮,一宮市,/owari/ichinomiya-city/all/,,一宮 メンズエステ
23,愛知県,city,owari,尾張・一宮,稲沢市,/owari/inazawa-city/all/,,稲沢 メンズエステ
23,愛知県,city,owari,尾張・一宮,岩倉市,/owari/iwakura-city/all/,,岩倉 メンズエステ
23,愛知県,city,owari,尾張・一宮,北名古屋市,/owari/kitanagoya-city/all/,,北名古屋 メンズエステ
23,愛知県,city,owari,尾張・一宮,清須市,/owari/kiyosu-city/all/,,清須 メンズエステ
23,愛知県,city,owari,尾張・一宮,江南市,/owari/kounan-city/all/,,江南 メンズエステ
23,愛知県,city,owari,尾張・一宮,尾張旭市,/owari/owariasahi-city/all/,,尾張旭 メンズエステ
23,愛知県,city,owari,尾張・一宮,津島市,/owari/tsushima-city/all/,,津島 メンズエステ
23,愛知県,city,owari,尾張・一宮,弥富市,/owari/yatomi-city/all/,,弥富 メンズエステ
23,愛知県,city,toyohashi,東三河・豊橋・豊川,蒲郡市,/toyohashi/gamagori-city/all/,,蒲郡 メンズエステ
23,愛知県,city,toyohashi,東三河・豊橋・豊川,新城市,/toyohashi/shinshiro-city/all/,,新城 メンズエステ
23,愛知県,city,toyohashi,東三河・豊橋・豊川,田原市,/toyohashi/tahara-city/all/,,田原 メンズエステ
23,愛知県,city,toyohashi,東三河・豊橋・豊川,豊橋市,/toyohashi/toyohashi-city/all/,,豊橋 メンズエステ
23,愛知県,city,toyohashi,東三河・豊橋・豊川,豊川市,/toyohashi/toyokawa-city/all/,,豊川 メンズエステ
23,愛知県,city,toyota,西三河・豊田・岡崎,安城市,/toyota/anjo-city/all/,,安城 メンズエステ
23,愛知県,city,toyota,西三河・豊田・岡崎,知立市,/toyota/chiryu-city/all/,,知立 メンズエステ
23,愛知県,city,toyota,西三河・豊田・岡崎,碧南市,/toyota/hekinan-city/all/,,碧南 メンズエステ
23,愛知県,city,toyota,西三河・豊田・岡崎,刈谷市,/toyota/kariya-city/all/,,刈谷 メンズエステ
23,愛知県,city,toyota,西三河・豊田・岡崎,みよし市,/toyota/miyoshi-city/all/,,みよし メンズエステ
23,愛知県,city,toyota,西三河・豊田・岡崎,西尾市,/toyota/nishio-city/all/,,西尾 メンズエステ
23,愛知県,city,toyota,西三河・豊田・岡崎,岡崎市,/toyota/okazaki-city/all/,,岡崎 メンズエステ
23,愛知県,city,toyota,西三河・豊田・岡崎,高浜市,/toyota/takahama-city/all/,,高浜 メンズエステ
23,愛知県,city,toyota,西三河・豊田・岡崎,豊田市,/toyota/toyota-city/all/,,豊田 メンズエステ
24,三重県,parent,mie,四日市・鈴鹿,,/mie/,yes,四日市 メンズエステ
24,三重県,parent,tsu,津・松阪・南部,,/tsu/,yes,津 メンズエステ
24,三重県,city,mie,四日市・鈴鹿,桑名市,/mie/kuwana-city/all/,,桑名 メンズエステ
24,三重県,city,mie,四日市・鈴鹿,鈴鹿市,/mie/suzuka-city/all/,,鈴鹿 メンズエステ
24,三重県,city,mie,四日市・鈴鹿,四日市市,/mie/yokkaichi-city/all/,,四日市 メンズエステ
24,三重県,city,tsu,津・松阪・南部,伊勢市,/tsu/ise-city/all/,,伊勢 メンズエステ
24,三重県,city,tsu,津・松阪・南部,松阪市,/tsu/matsusaka-city/all/,,松阪 メンズエステ
24,三重県,city,tsu,津・松阪・南部,津市,/tsu/tsu-city/all/,,津 メンズエステ
25,滋賀県,parent,shiga,滋賀・大津,,/shiga/,yes,滋賀 メンズエステ
25,滋賀県,city,shiga,滋賀・大津,東近江市,/shiga/higashioumi-city/all/,,東近江 メンズエステ
25,滋賀県,city,shiga,滋賀・大津,彦根市,/shiga/hikone-city/all/,,彦根 メンズエステ
25,滋賀県,city,shiga,滋賀・大津,草津市,/shiga/kusatsu-city/all/,,草津 メンズエステ
25,滋賀県,city,shiga,滋賀・大津,米原市,/shiga/maibara-city/all/,,米原 メンズエステ
25,滋賀県,city,shiga,滋賀・大津,守山市,/shiga/moriyama-city/all/,,守山 メンズエステ
25,滋賀県,city,shiga,滋賀・大津,長浜市,/shiga/nagahama-city/all/,,長浜 メンズエステ
25,滋賀県,city,shiga,滋賀・大津,大津市,/shiga/otsu-city/all/,,大津 メンズエステ
25,滋賀県,city,shiga,滋賀・大津,近江八幡市,/shiga/oumihachiman-city/all/,,近江八幡 メンズエステ
25,滋賀県,city,shiga,滋賀・大津,栗東市,/shiga/ritto-city/all/,,栗東 メンズエステ
25,滋賀県,city,shiga,滋賀・大津,野洲市,/shiga/yasu-city/all/,,野洲 メンズエステ
26,京都府,parent,kyoto,京都・祇園,,/kyoto/,yes,京都 メンズエステ
26,京都府,station,kyoto,京都・祇園,祇園四条駅,/kyoto/gionshijo-station/all/,,祇園四条 メンズエステ
26,京都府,station,kyoto,京都・祇園,五条駅,/kyoto/gojo-station/all/,,五条 メンズエステ
26,京都府,station,kyoto,京都・祇園,今出川駅,/kyoto/imadegawa-station/all/,,今出川 メンズエステ
26,京都府,station,kyoto,京都・祇園,烏丸御池駅,/kyoto/karasumaoike-station/all/,,烏丸御池 メンズエステ
26,京都府,station,kyoto,京都・祇園,京都河原町駅,/kyoto/kawaramachi-station/all/,,京都河原町 メンズエステ
26,京都府,station,kyoto,京都・祇園,京都駅,/kyoto/kyoto-station/all/,,京都 メンズエステ
26,京都府,station,kyoto,京都・祇園,丸太町駅,/kyoto/marutamachi-station/all/,,丸太町 メンズエステ
26,京都府,station,kyoto,京都・祇園,椥辻駅,/kyoto/nagitsuji-station/all/,,椥辻 メンズエステ
26,京都府,station,kyoto,京都・祇園,二条駅,/kyoto/nijo-station/all/,,二条 メンズエステ
26,京都府,station,kyoto,京都・祇園,西大路駅,/kyoto/nishioji-station/all/,,西大路 メンズエステ
26,京都府,station,kyoto,京都・祇園,大宮駅・四条大宮駅,/kyoto/omiya-station/all/,,大宮 メンズエステ
26,京都府,station,kyoto,京都・祇園,西院駅,/kyoto/saiin-station/all/,,西院 メンズエステ
26,京都府,station,kyoto,京都・祇園,三条駅・京都市役所前駅,/kyoto/sanjo-station/all/,,三条 メンズエステ
26,京都府,station,kyoto,京都・祇園,七条駅,/kyoto/shichijo-station/all/,,七条 メンズエステ
26,京都府,station,kyoto,京都・祇園,四条駅・烏丸駅,/kyoto/shijo-station/all/,,四条 メンズエステ
26,京都府,station,kyoto,京都・祇園,東福寺駅,/kyoto/tofukuji-station/all/,,東福寺 メンズエステ
27,大阪府,parent,esaka,江坂・豊中,,/esaka/,yes,江坂 メンズエステ
27,大阪府,parent,higashiosaka,東大阪・八尾,,/higashiosaka/,yes,東大阪 メンズエステ
27,大阪府,parent,honmachi,本町・堺筋本町,,/honmachi/,yes,本町 メンズエステ
27,大阪府,parent,juso,十三・西淀川,,/juso/,yes,十三 メンズエステ
27,大阪府,parent,kyobashi,京橋・守口,,/kyobashi/,yes,京橋 メンズエステ
27,大阪府,parent,nishinakajima,西中島・新大阪,,/nishinakajima/,yes,西中島 メンズエステ
27,大阪府,parent,osakakita,大阪キタ・梅田,,/osakakita/,yes,大阪キタ メンズエステ
27,大阪府,parent,osakaminami,難波・日本橋,,/osakaminami/,yes,難波 メンズエステ
27,大阪府,parent,sakai,堺・南大阪,,/sakai/,yes,堺 メンズエステ
27,大阪府,parent,shinsaibashi,心斎橋,,/shinsaibashi/,yes,心斎橋 メンズエステ
27,大阪府,parent,tanikyu,谷町九丁目,,/tanikyu/,yes,谷町九丁目 メンズエステ
27,大阪府,parent,tenma,天満・南森町,,/tenma/,yes,天満 メンズエステ
27,大阪府,station,esaka,江坂・豊中,江坂駅,/esaka/esaka-station/all/,,江坂 メンズエステ
27,大阪府,station,higashiosaka,東大阪・八尾,荒本駅,/higashiosaka/aramoto-station/all/,,荒本 メンズエステ
27,大阪府,station,higashiosaka,東大阪・八尾,布施駅,/higashiosaka/fuse-station/all/,,布施 メンズエステ
27,大阪府,station,higashiosaka,東大阪・八尾,近鉄八尾駅,/higashiosaka/kintetsuyao-station/all/,,近鉄八尾 メンズエステ
27,大阪府,station,higashiosaka,東大阪・八尾,高井田駅・高井田中央駅,/higashiosaka/takaida-station/all/,,高井田 メンズエステ
27,大阪府,station,higashiosaka,東大阪・八尾,八尾駅,/higashiosaka/yao-station/all/,,八尾 メンズエステ
27,大阪府,station,honmachi,本町・堺筋本町,本町駅,/honmachi/honmachi-station/all/,,本町 メンズエステ
27,大阪府,station,honmachi,本町・堺筋本町,堺筋本町駅,/honmachi/sakaisujihonmachi-station/all/,,堺筋本町 メンズエステ
27,大阪府,station,juso,十三・西淀川,十三駅,/juso/juso-station/all/,,十三 メンズエステ
27,大阪府,station,juso,十三・西淀川,三国駅,/juso/mikuni-station/all/,,三国 メンズエステ
27,大阪府,station,kyobashi,京橋・守口,土居駅,/kyobashi/doi-station/all/,,土居 メンズエステ
27,大阪府,station,kyobashi,京橋・守口,京橋駅,/kyobashi/kyobashi-station/all/,,京橋 メンズエステ
27,大阪府,station,kyobashi,京橋・守口,守口駅,/kyobashi/moriguchi-station/all/,,守口 メンズエステ
27,大阪府,station,kyobashi,京橋・守口,守口市駅,/kyobashi/moriguchishi-station/all/,,守口市 メンズエステ
27,大阪府,station,nishinakajima,西中島・新大阪,東三国駅,/nishinakajima/higashimikuni-station/all/,,東三国 メンズエステ
27,大阪府,station,nishinakajima,西中島・新大阪,西中島南方駅・南方駅,/nishinakajima/nishinakajima-station/all/,,西中島南方 メンズエステ
27,大阪府,station,nishinakajima,西中島・新大阪,新大阪駅,/nishinakajima/shinosaka-station/all/,,新大阪 メンズエステ
27,大阪府,station,osakakita,大阪キタ・梅田,福島駅,/osakakita/fukushima-station/all/,,福島 メンズエステ
27,大阪府,station,osakakita,大阪キタ・梅田,東梅田駅,/osakakita/higashiumeda-station/all/,,東梅田 メンズエステ
27,大阪府,station,osakakita,大阪キタ・梅田,西梅田駅・北新地駅,/osakakita/nishiumeda-station/all/,,西梅田 メンズエステ
27,大阪府,station,osakakita,大阪キタ・梅田,野田駅,/osakakita/noda-station/all/,,野田 メンズエステ
27,大阪府,station,osakakita,大阪キタ・梅田,梅田駅,/osakakita/umeda-station/all/,,梅田 メンズエステ
27,大阪府,station,osakaminami,難波・日本橋,大国町駅,/osakaminami/daikokucho-station/all/,,大国町 メンズエステ
27,大阪府,station,osakaminami,難波・日本橋,恵美須町駅,/osakaminami/ebisucho-station/all/,,恵美須町 メンズエステ
27,大阪府,station,osakaminami,難波・日本橋,難波駅（なんば）,/osakaminami/nanba-station/all/,,難波 メンズエステ
27,大阪府,station,osakaminami,難波・日本橋,日本橋駅（大阪）,/osakaminami/nipponbashi-station/all/,,日本橋 メンズエステ
27,大阪府,station,osakaminami,難波・日本橋,桜川駅,/osakaminami/sakuragawa-station/all/,,桜川 メンズエステ
27,大阪府,station,osakaminami,難波・日本橋,新今宮駅,/osakaminami/shinimamiya-station/all/,,新今宮 メンズエステ
27,大阪府,station,osakaminami,難波・日本橋,天下茶屋駅,/osakaminami/tengachaya-station/all/,,天下茶屋 メンズエステ
27,大阪府,station,sakai,堺・南大阪,御陵前駅,/sakai/goryomae-station/all/,,御陵前 メンズエステ
27,大阪府,station,sakai,堺・南大阪,なかもず駅,/sakai/nakamozu-station/all/,,なかもず メンズエステ
27,大阪府,station,sakai,堺・南大阪,堺駅,/sakai/sakai-station/all/,,堺 メンズエステ
27,大阪府,station,sakai,堺・南大阪,堺東駅,/sakai/sakaihigashi-station/all/,,堺東 メンズエステ
27,大阪府,station,sakai,堺・南大阪,堺市駅,/sakai/sakaishi-station/all/,,堺市 メンズエステ
27,大阪府,station,shinsaibashi,心斎橋,長堀橋駅・松屋町駅,/shinsaibashi/nagahoribashi-station/all/,,長堀橋 メンズエステ
27,大阪府,station,shinsaibashi,心斎橋,西長堀駅,/shinsaibashi/nishinagahori-station/all/,,西長堀 メンズエステ
27,大阪府,station,shinsaibashi,心斎橋,心斎橋駅・四ツ橋駅・西大橋駅,/shinsaibashi/shinsaibashi-station/all/,,心斎橋 メンズエステ
27,大阪府,station,tanikyu,谷町九丁目,平野駅,/tanikyu/hirano-station/all/,,平野 メンズエステ
27,大阪府,station,tanikyu,谷町九丁目,喜連瓜破駅,/tanikyu/kireuriwari-station/all/,,喜連瓜破 メンズエステ
27,大阪府,station,tanikyu,谷町九丁目,玉造駅,/tanikyu/tamatsukuri-station/all/,,玉造 メンズエステ
27,大阪府,station,tanikyu,谷町九丁目,谷町九丁目駅・上本町駅,/tanikyu/tanikyu-station/all/,,谷町九丁目 メンズエステ
27,大阪府,station,tanikyu,谷町九丁目,谷町六丁目駅,/tanikyu/taniroku-station/all/,,谷町六丁目 メンズエステ
27,大阪府,station,tanikyu,谷町九丁目,天王寺駅・寺田町駅,/tanikyu/tennoji-station/all/,,天王寺 メンズエステ
27,大阪府,station,tanikyu,谷町九丁目,東部市場前駅,/tanikyu/tobushijomae-station/all/,,東部市場前 メンズエステ
27,大阪府,station,tanikyu,谷町九丁目,鶴橋駅,/tanikyu/tsuruhashi-station/all/,,鶴橋 メンズエステ
27,大阪府,station,tenma,天満・南森町,南森町駅・大阪天満宮駅,/tenma/minamimorimachi-station/all/,,南森町 メンズエステ
27,大阪府,station,tenma,天満・南森町,中崎町駅,/tenma/nakazakicho-station/all/,,中崎町 メンズエステ
27,大阪府,station,tenma,天満・南森町,天満駅・扇町駅,/tenma/tenma-station/all/,,天満 メンズエステ
27,大阪府,station,tenma,天満・南森町,天満橋駅,/tenma/tenmabashi-station/all/,,天満橋 メンズエステ
27,大阪府,station,tenma,天満・南森町,天神橋筋六丁目駅,/tenma/tenroku-station/all/,,天神橋筋六丁目 メンズエステ
27,大阪府,city,esaka,江坂・豊中,茨木市,/esaka/ibaraki-city/all/,,茨木 メンズエステ
27,大阪府,city,esaka,江坂・豊中,池田市,/esaka/ikeda-city/all/,,池田 メンズエステ
27,大阪府,city,esaka,江坂・豊中,高槻市,/esaka/takatsuki-city/all/,,高槻 メンズエステ
27,大阪府,city,esaka,江坂・豊中,豊中市,/esaka/toyonaka-city/all/,,豊中 メンズエステ
27,大阪府,city,kyobashi,京橋・守口,枚方市,/kyobashi/hirakata-city/all/,,枚方 メンズエステ
27,大阪府,city,sakai,堺・南大阪,和泉市,/sakai/izumi-city/all/,,和泉 メンズエステ
27,大阪府,city,sakai,堺・南大阪,泉大津市,/sakai/izumiotsu-city/all/,,泉大津 メンズエステ
27,大阪府,city,sakai,堺・南大阪,泉佐野市,/sakai/izumisano-city/all/,,泉佐野 メンズエステ
27,大阪府,city,sakai,堺・南大阪,岸和田市,/sakai/kishiwada-city/all/,,岸和田 メンズエステ
28,兵庫県,parent,amagasaki,尼崎・西宮,,/amagasaki/,yes,尼崎 メンズエステ
28,兵庫県,parent,himeji,姫路・明石,,/himeji/,yes,姫路 メンズエステ
28,兵庫県,parent,kobe,神戸・三宮,,/kobe/,yes,神戸 メンズエステ
28,兵庫県,station,kobe,神戸・三宮,神戸駅・三宮駅・元町駅,/kobe/kobe-station/all/,,神戸 メンズエステ
28,兵庫県,station,kobe,神戸・三宮,西元町駅,/kobe/nishimotomachi-station/all/,,西元町 メンズエステ
28,兵庫県,station,kobe,神戸・三宮,新長田駅,/kobe/shinnagata-station/all/,,新長田 メンズエステ
28,兵庫県,station,kobe,神戸・三宮,垂水駅,/kobe/tarumi-station/all/,,垂水 メンズエステ
28,兵庫県,city,amagasaki,尼崎・西宮,尼崎市,/amagasaki/amagasaki-city/all/,,尼崎 メンズエステ
28,兵庫県,city,amagasaki,尼崎・西宮,芦屋市,/amagasaki/ashiya-city/all/,,芦屋 メンズエステ
28,兵庫県,city,amagasaki,尼崎・西宮,伊丹市,/amagasaki/itami-city/all/,,伊丹 メンズエステ
28,兵庫県,city,amagasaki,尼崎・西宮,西宮市,/amagasaki/nishinomiya-city/all/,,西宮 メンズエステ
28,兵庫県,city,himeji,姫路・明石,明石市,/himeji/akashi-city/all/,,明石 メンズエステ
28,兵庫県,city,himeji,姫路・明石,姫路市,/himeji/himeji-city/all/,,姫路 メンズエステ
28,兵庫県,city,himeji,姫路・明石,加古川市,/himeji/kakogawa-city/all/,,加古川 メンズエステ
28,兵庫県,city,himeji,姫路・明石,高砂市,/himeji/takasago-city/all/,,高砂 メンズエステ
29,奈良県,parent,nara,奈良・生駒,,/nara/,yes,奈良 メンズエステ
29,奈良県,city,nara,奈良・生駒,橿原市,/nara/kashihara-city/all/,,橿原 メンズエステ
29,奈良県,city,nara,奈良・生駒,奈良市,/nara/nara-city/all/,,奈良 メンズエステ
29,奈良県,city,nara,奈良・生駒,天理市,/nara/tenri-city/all/,,天理 メンズエステ
29,奈良県,city,nara,奈良・生駒,大和郡山市,/nara/yamatokoriyama-city/all/,,大和郡山 メンズエステ
30,和歌山県,parent,wakayama,和歌山,,/wakayama/,yes,和歌山 メンズエステ
30,和歌山県,city,wakayama,和歌山,和歌山市,/wakayama/wakayama-city/all/,,和歌山 メンズエステ
31,鳥取県,parent,tottori,鳥取・米子,,/tottori/,yes,鳥取 メンズエステ
31,鳥取県,city,tottori,鳥取・米子,鳥取市,/tottori/tottori-city/all/,,鳥取 メンズエステ
31,鳥取県,city,tottori,鳥取・米子,米子市,/tottori/yonago-city/all/,,米子 メンズエステ
32,島根県,parent,shimane,島根・松江,,/shimane/,yes,島根 メンズエステ
32,島根県,city,shimane,島根・松江,出雲市,/shimane/izumo-city/all/,,出雲 メンズエステ
32,島根県,city,shimane,島根・松江,松江市,/shimane/matsue-city/all/,,松江 メンズエステ
33,岡山県,parent,okayama,岡山・倉敷,,/okayama/,yes,岡山 メンズエステ
33,岡山県,city,okayama,岡山・倉敷,倉敷市,/okayama/kurashiki-city/all/,,倉敷 メンズエステ
33,岡山県,city,okayama,岡山・倉敷,岡山市,/okayama/okayama-city/all/,,岡山 メンズエステ
34,広島県,parent,hiroshima,広島・福山,,/hiroshima/,yes,広島 メンズエステ
34,広島県,city,hiroshima,広島・福山,福山市,/hiroshima/fukuyama-city/all/,,福山 メンズエステ
34,広島県,city,hiroshima,広島・福山,東広島市,/hiroshima/higashihiroshima-city/all/,,東広島 メンズエステ
34,広島県,city,hiroshima,広島・福山,広島市,/hiroshima/hiroshima-city/all/,,広島 メンズエステ
34,広島県,city,hiroshima,広島・福山,呉市,/hiroshima/kure-city/all/,,呉 メンズエステ
34,広島県,city,hiroshima,広島・福山,三原市,/hiroshima/mihara-city/all/,,三原 メンズエステ
35,山口県,parent,yamaguchi,山口・下関,,/yamaguchi/,yes,山口 メンズエステ
35,山口県,city,yamaguchi,山口・下関,岩国市,/yamaguchi/iwakuni-city/all/,,岩国 メンズエステ
35,山口県,city,yamaguchi,山口・下関,下関市,/yamaguchi/shimonoseki-city/all/,,下関 メンズエステ
35,山口県,city,yamaguchi,山口・下関,周南市,/yamaguchi/shunan-city/all/,,周南 メンズエステ
35,山口県,city,yamaguchi,山口・下関,宇部市,/yamaguchi/ube-city/all/,,宇部 メンズエステ
35,山口県,city,yamaguchi,山口・下関,山口市,/yamaguchi/yamaguchi-city/all/,,山口 メンズエステ
36,徳島県,parent,tokushima,徳島,,/tokushima/,no,徳島 メンズエステ
37,香川県,parent,kagawa,香川・高松,,/kagawa/,yes,香川 メンズエステ
37,香川県,city,kagawa,香川・高松,丸亀市,/kagawa/marugame-city/all/,,丸亀 メンズエステ
37,香川県,city,kagawa,香川・高松,高松市,/kagawa/takamatsu-city/all/,,高松 メンズエステ
38,愛媛県,parent,ehime,愛媛・松山,,/ehime/,yes,愛媛 メンズエステ
38,愛媛県,city,ehime,愛媛・松山,松山市,/ehime/matsuyama-city/all/,,松山 メンズエステ
38,愛媛県,city,ehime,愛媛・松山,新居浜市,/ehime/nihama-city/all/,,新居浜 メンズエステ
38,愛媛県,city,ehime,愛媛・松山,四国中央市,/ehime/shikokuchuo-city/all/,,四国中央 メンズエステ
39,高知県,parent,kochi,高知,,/kochi/,yes,高知 メンズエステ
39,高知県,city,kochi,高知,高知市,/kochi/kochi-city/all/,,高知 メンズエステ
40,福岡県,parent,hakata,博多,,/hakata/,yes,博多 メンズエステ
40,福岡県,parent,kitakyushu,北九州・小倉,,/kitakyushu/,yes,北九州 メンズエステ
40,福岡県,parent,kurume,久留米・筑後,,/kurume/,yes,久留米 メンズエステ
40,福岡県,station,hakata,博多,赤坂駅,/hakata/akasaka-station/all/,,赤坂 メンズエステ
40,福岡県,station,hakata,博多,博多駅・祇園駅（住吉）,/hakata/hakata-station/all/,,博多 メンズエステ
40,福岡県,station,hakata,博多,西鉄平尾駅,/hakata/hirao-station/all/,,西鉄平尾 メンズエステ
40,福岡県,station,hakata,博多,香椎駅,/hakata/kashii-station/all/,,香椎 メンズエステ
40,福岡県,station,hakata,博多,櫛田神社前駅,/hakata/kushidajinjamae-station/all/,,櫛田神社前 メンズエステ
40,福岡県,station,hakata,博多,中洲川端駅（中洲）,/hakata/nakasu-station/all/,,中洲川端 メンズエステ
40,福岡県,station,hakata,博多,大橋駅,/hakata/ohashi-station/all/,,大橋 メンズエステ
40,福岡県,station,hakata,博多,大濠公園駅,/hakata/ohorikoen-station/all/,,大濠公園 メンズエステ
40,福岡県,station,hakata,博多,竹下駅,/hakata/takeshita-station/all/,,竹下 メンズエステ
40,福岡県,station,hakata,博多,天神駅・天神南駅,/hakata/tenjin-station/all/,,天神 メンズエステ
40,福岡県,station,hakata,博多,薬院駅・渡辺通駅,/hakata/yakuin-station/all/,,薬院 メンズエステ
40,福岡県,station,hakata,博多,吉塚駅,/hakata/yoshiduka-station/all/,,吉塚 メンズエステ
40,福岡県,station,kitakyushu,北九州・小倉,平和通駅,/kitakyushu/heiwadori-station/all/,,平和通 メンズエステ
40,福岡県,station,kitakyushu,北九州・小倉,飯塚駅,/kitakyushu/iizuka-station/all/,,飯塚 メンズエステ
40,福岡県,station,kitakyushu,北九州・小倉,片野駅,/kitakyushu/katano-station/all/,,片野 メンズエステ
40,福岡県,station,kitakyushu,北九州・小倉,香春口三萩野駅,/kitakyushu/kawaraguchimihagino-station/all/,,香春口三萩野 メンズエステ
40,福岡県,station,kitakyushu,北九州・小倉,小倉駅,/kitakyushu/kokura-station/all/,,小倉 メンズエステ
40,福岡県,station,kitakyushu,北九州・小倉,黒崎駅,/kitakyushu/kurosaki-station/all/,,黒崎 メンズエステ
40,福岡県,station,kitakyushu,北九州・小倉,南小倉駅,/kitakyushu/minamikokura-station/all/,,南小倉 メンズエステ
40,福岡県,station,kitakyushu,北九州・小倉,西小倉駅,/kitakyushu/nishikokura-station/all/,,西小倉 メンズエステ
40,福岡県,station,kitakyushu,北九州・小倉,旦過駅,/kitakyushu/tanga-station/all/,,旦過 メンズエステ
40,福岡県,city,kurume,久留米・筑後,久留米市,/kurume/kurume-city/all/,,久留米 メンズエステ
40,福岡県,city,kurume,久留米・筑後,大牟田市,/kurume/omuta-city/all/,,大牟田 メンズエステ
40,福岡県,city,kurume,久留米・筑後,八女市,/kurume/yame-city/all/,,八女 メンズエステ
41,佐賀県,parent,saga,佐賀・小城,,/saga/,yes,佐賀 メンズエステ
41,佐賀県,city,saga,佐賀・小城,佐賀市,/saga/saga-city/all/,,佐賀 メンズエステ
41,佐賀県,city,saga,佐賀・小城,武雄市,/saga/takeo-city/all/,,武雄 メンズエステ
41,佐賀県,city,saga,佐賀・小城,鳥栖市,/saga/tosu-city/all/,,鳥栖 メンズエステ
42,長崎県,parent,nagasaki,長崎・佐世保,,/nagasaki/,yes,長崎 メンズエステ
42,長崎県,city,nagasaki,長崎・佐世保,長崎市,/nagasaki/nagasaki-city/all/,,長崎 メンズエステ
42,長崎県,city,nagasaki,長崎・佐世保,佐世保市,/nagasaki/sasebo-city/all/,,佐世保 メンズエステ
43,熊本県,parent,kumamoto,熊本・玉名,,/kumamoto/,yes,熊本 メンズエステ
43,熊本県,city,kumamoto,熊本・玉名,熊本市,/kumamoto/kumamoto-city/all/,,熊本 メンズエステ
44,大分県,parent,oita,大分,,/oita/,yes,大分 メンズエステ
44,大分県,city,oita,大分,中津市,/oita/nakatsu-city/all/,,中津 メンズエステ
44,大分県,city,oita,大分,大分市,/oita/oita-city/all/,,大分 メンズエステ
45,宮崎県,parent,miyazaki,宮崎,,/miyazaki/,yes,宮崎 メンズエステ
45,宮崎県,city,miyazaki,宮崎,都城市,/miyazaki/miyakonojo-city/all/,,都城 メンズエステ
45,宮崎県,city,miyazaki,宮崎,宮崎市,/miyazaki/miyazaki-city/all/,,宮崎 メンズエステ
46,鹿児島県,parent,kagoshima,鹿児島・霧島,,/kagoshima/,yes,鹿児島 メンズエステ
46,鹿児島県,city,kagoshima,鹿児島・霧島,鹿児島市,/kagoshima/kagoshima-city/all/,,鹿児島 メンズエステ
46,鹿児島県,city,kagoshima,鹿児島・霧島,霧島市,/kagoshima/kirishima-city/all/,,霧島 メンズエステ
47,沖縄県,parent,okinawa,沖縄・那覇,,/okinawa/,yes,沖縄 メンズエステ
47,沖縄県,city,okinawa,沖縄・那覇,那覇市,/okinawa/naha-city/all/,,那覇 メンズエステ
47,沖縄県,city,okinawa,沖縄・那覇,沖縄市,/okinawa/okinawa-city/all/,,沖縄 メンズエステ
