station_name,parent_slug,parent_name,url
上尾駅,ageo,上尾・宮原,/ageo/ageo-station/all/
北上尾駅,ageo,上尾・宮原,/ageo/kitaageo-station/all/
吹上駅,ageo,上尾・宮原,/ageo/saitama-fukiage-station/all/
宮原駅,ageo,上尾・宮原,/ageo/miyahara-station/all/
桶川駅,ageo,上尾・宮原,/ageo/okegawa-station/all/
鴻巣駅,ageo,上尾・宮原,/ageo/konosu-station/all/
上中里駅,akabane,赤羽・王子・板橋,/akabane/kaminakazato-station/all/
下板橋駅,akabane,赤羽・王子・板橋,/akabane/shimoitabashi-station/all/
十条駅・東十条駅,akabane,赤羽・王子・板橋,/akabane/higashijujo-station/all/
新板橋駅,akabane,赤羽・王子・板橋,/akabane/shinitabashi-station/all/
板橋本町駅,akabane,赤羽・王子・板橋,/akabane/itabashihoncho-station/all/
板橋駅,akabane,赤羽・王子・板橋,/akabane/itabashi-station/all/
浮間舟渡駅,akabane,赤羽・王子・板橋,/akabane/ukimafunado-station/all/
王子駅,akabane,赤羽・王子・板橋,/akabane/oji-station/all/
蓮根駅,akabane,赤羽・王子・板橋,/akabane/hasune-station/all/
赤羽駅,akabane,赤羽・王子・板橋,/akabane/akabane-station/all/
高島平駅,akabane,赤羽・王子・板橋,/akabane/takashimadaira-station/all/
溜池山王駅,akasaka,赤坂,/akasaka/tameikesanno-station/all/
赤坂駅・赤坂見附駅,akasaka,赤坂,/akasaka/akasaka-station/all/
浅草橋駅,akihabara,秋葉原,/akihabara/asakusabashi-station/all/
秋葉原駅・末広町駅,akihabara,秋葉原,/akihabara/akihabara-station/all/
かしわ台駅,atsugi,本厚木・海老名,/atsugi/kashiwadai-station/all/
厚木駅,atsugi,本厚木・海老名,/atsugi/atsugi-station/all/
本厚木駅,atsugi,本厚木・海老名,/atsugi/honatsugi-station/all/
海老名駅,atsugi,本厚木・海老名,/atsugi/ebina-station/all/
鶴巻温泉駅,atsugi,本厚木・海老名,/atsugi/tsurumakionsen-station/all/
千葉中央駅・葭川公園駅,chiba,千葉,/chiba/chibachuo-station/all/
千葉駅・栄町駅,chiba,千葉,/chiba/chiba-station/all/
大森台駅,chiba,千葉,/chiba/omoridai-station/all/
幕張駅・幕張本郷駅,chiba,千葉,/chiba/makuhari-station/all/
本千葉駅・県庁前駅,chiba,千葉,/chiba/honchiba-station/all/
東千葉駅,chiba,千葉,/chiba/higashichiba-station/all/
検見川駅・新検見川駅,chiba,千葉,/chiba/shinkemigawa-station/all/
稲毛駅,chiba,千葉,/chiba/inage-station/all/
蘇我駅,chiba,千葉,/chiba/soga-station/all/
西千葉駅,chiba,千葉,/chiba/nishichiba-station/all/
都賀駅,chiba,千葉,/chiba/tsuga-station/all/
平塚駅,chigasaki,茅ヶ崎・平塚,/chigasaki/hiratsuka-station/all/
茅ヶ崎駅,chigasaki,茅ヶ崎・平塚,/chigasaki/chigasaki-station/all/
つつじヶ丘駅,chofu,調布・千歳烏山,/chofu/tsutsujigaoka-station/all/
仙川駅,chofu,調布・千歳烏山,/chofu/senkawa-station/all/
千歳烏山駅,chofu,調布・千歳烏山,/chofu/chitosekarasuyama-station/all/
調布駅,chofu,調布・千歳烏山,/chofu/chofu-station/all/
中目黒駅,ebisu,恵比寿・中目黒・代官山,/ebisu/nakameguro-station/all/
代官山駅,ebisu,恵比寿・中目黒・代官山,/ebisu/daikanyama-station/all/
広尾駅,ebisu,恵比寿・中目黒・代官山,/ebisu/hiroo-station/all/
恵比寿駅,ebisu,恵比寿・中目黒・代官山,/ebisu/ebisu-station/all/
江坂駅,esaka,江坂・豊中,/esaka/esaka-station/all/
分倍河原駅,fuchu,府中・聖蹟桜ヶ丘,/fuchu/bubaigawara-station/all/
多摩センター駅,fuchu,府中・聖蹟桜ヶ丘,/fuchu/tamacenter-station/all/
府中駅,fuchu,府中・聖蹟桜ヶ丘,/fuchu/fuchu-station/all/
永山駅,fuchu,府中・聖蹟桜ヶ丘,/fuchu/nagayama-station/all/
聖蹟桜ヶ丘駅,fuchu,府中・聖蹟桜ヶ丘,/fuchu/seisekisakuragaoka-station/all/
湘南台駅,fujisawa,藤沢・湘南台,/fujisawa/shonandai-station/all/
藤沢駅,fujisawa,藤沢・湘南台,/fujisawa/fujisawa-station/all/
辻堂駅,fujisawa,藤沢・湘南台,/fujisawa/tsujido-station/all/
長後駅,fujisawa,藤沢・湘南台,/fujisawa/chogo-station/all/
原木中山駅,funabashi,船橋・西船橋,/funabashi/barakinakayama-station/all/
新船橋駅,funabashi,船橋・西船橋,/funabashi/shinfunabashi-station/all/
船橋駅・京成船橋駅,funabashi,船橋・西船橋,/funabashi/funabashi-station/all/
西船橋駅,funabashi,船橋・西船橋,/funabashi/nishifunabashi-station/all/
新富町駅・築地駅,ginza,銀座,/ginza/shintomicho-station/all/
月島駅,ginza,銀座,/ginza/tsukishima-station/all/
豊洲駅,ginza,銀座,/ginza/toyosu-station/all/
銀座駅・東銀座駅,ginza,銀座,/ginza/ginza-station/all/
五反田駅東口,gotanda,五反田,/gotanda/gotanda-station-east/all/
五反田駅西口,gotanda,五反田,/gotanda/gotanda-station-west/all/
大崎駅,gotanda,五反田,/gotanda/osaki-station/all/
旗の台駅,gotanda,五反田,/gotanda/hatanodai-station/all/
八王子駅,hachioji,八王子・日野,/hachioji/hachioji-station/all/
西八王子駅,hachioji,八王子・日野,/hachioji/nishihachioji-station/all/
豊田駅,hachioji,八王子・日野,/hachioji/toyoda-station/all/
小作駅,haijima,拝島・福生,/haijima/ozaku-station/all/
拝島駅,haijima,拝島・福生,/haijima/haijima-station/all/
昭島駅,haijima,拝島・福生,/haijima/akishima-station/all/
東青梅駅,haijima,拝島・福生,/haijima/higashioume-station/all/
河辺駅,haijima,拝島・福生,/haijima/kabe-station/all/
福生駅,haijima,拝島・福生,/haijima/fussa-station/all/
羽村駅,haijima,拝島・福生,/haijima/hamura-station/all/
中洲川端駅（中洲）,hakata,博多,/hakata/nakasu-station/all/
博多駅・祇園駅（住吉）,hakata,博多,/hakata/hakata-station/all/
吉塚駅,hakata,博多,/hakata/yoshiduka-station/all/
大橋駅,hakata,博多,/hakata/ohashi-station/all/
大濠公園駅,hakata,博多,/hakata/ohorikoen-station/all/
天神駅・天神南駅,hakata,博多,/hakata/tenjin-station/all/
櫛田神社前駅,hakata,博多,/hakata/kushidajinjamae-station/all/
竹下駅,hakata,博多,/hakata/takeshita-station/all/
薬院駅・渡辺通駅,hakata,博多,/hakata/yakuin-station/all/
西鉄平尾駅,hakata,博多,/hakata/hirao-station/all/
赤坂駅,hakata,博多,/hakata/akasaka-station/all/
香椎駅,hakata,博多,/hakata/kashii-station/all/
下高井戸駅,hatsudai,京王線・初台・笹塚,/hatsudai/shimotakaido-station/all/
代田橋駅,hatsudai,京王線・初台・笹塚,/hatsudai/daitabashi-station/all/
初台駅,hatsudai,京王線・初台・笹塚,/hatsudai/hatsudai-station/all/
幡ヶ谷駅,hatsudai,京王線・初台・笹塚,/hatsudai/hatagaya-station/all/
明大前駅,hatsudai,京王線・初台・笹塚,/hatsudai/meidaimae-station/all/
桜上水駅,hatsudai,京王線・初台・笹塚,/hatsudai/sakurajosui-station/all/
笹塚駅,hatsudai,京王線・初台・笹塚,/hatsudai/sasazuka-station/all/
八尾駅,higashiosaka,東大阪・八尾,/higashiosaka/yao-station/all/
布施駅,higashiosaka,東大阪・八尾,/higashiosaka/fuse-station/all/
荒本駅,higashiosaka,東大阪・八尾,/higashiosaka/aramoto-station/all/
近鉄八尾駅,higashiosaka,東大阪・八尾,/higashiosaka/kintetsuyao-station/all/
高井田駅・高井田中央駅,higashiosaka,東大阪・八尾,/higashiosaka/takaida-station/all/
堺筋本町駅,honmachi,本町・堺筋本町,/honmachi/sakaisujihonmachi-station/all/
本町駅,honmachi,本町・堺筋本町,/honmachi/honmachi-station/all/
堀田駅,horita,堀田・新瑞橋,/horita/horita-station/all/
徳重駅,horita,堀田・新瑞橋,/horita/tokushige-station/all/
新瑞橋駅,horita,堀田・新瑞橋,/horita/aratamabashi-station/all/
桜山駅,horita,堀田・新瑞橋,/horita/sakurayama-station/all/
瑞穂運動場東駅,horita,堀田・新瑞橋,/horita/mizuhoundojohigashi-station/all/
瑞穂運動場西駅,horita,堀田・新瑞橋,/horita/mizuhoundojonishi-station/all/
相生山駅,horita,堀田・新瑞橋,/horita/aioiyama-station/all/
神沢駅,horita,堀田・新瑞橋,/horita/kamisawa-station/all/
野並駅,horita,堀田・新瑞橋,/horita/nonami-station/all/
鶴里駅,horita,堀田・新瑞橋,/horita/tsurusato-station/all/
一社駅,hoshigaoka,星ヶ丘・藤が丘,/hoshigaoka/issha-station/all/
上社駅,hoshigaoka,星ヶ丘・藤が丘,/hoshigaoka/kamiyashiro-station/all/
星ヶ丘駅,hoshigaoka,星ヶ丘・藤が丘,/hoshigaoka/hoshigaoka-station/all/
本郷駅,hoshigaoka,星ヶ丘・藤が丘,/hoshigaoka/hongo-station/all/
藤が丘駅,hoshigaoka,星ヶ丘・藤が丘,/hoshigaoka/fujigaoka-station/all/
市川駅,ichikawa,市川・本八幡,/ichikawa/ichikawa-station/all/
本八幡駅・京成八幡駅,ichikawa,市川・本八幡,/ichikawa/motoyawata-station/all/
九段下駅,iidabashi,四ツ谷・飯田橋・市ヶ谷,/iidabashi/kudanshita-station/all/
四ツ谷駅,iidabashi,四ツ谷・飯田橋・市ヶ谷,/iidabashi/yotsuya-station/all/
四谷三丁目駅,iidabashi,四ツ谷・飯田橋・市ヶ谷,/iidabashi/yotsuyasanchome-station/all/
市ヶ谷駅,iidabashi,四ツ谷・飯田橋・市ヶ谷,/iidabashi/ichigaya-station/all/
曙橋駅,iidabashi,四ツ谷・飯田橋・市ヶ谷,/iidabashi/akebonobashi-station/all/
牛込柳町駅,iidabashi,四ツ谷・飯田橋・市ヶ谷,/iidabashi/ushigomeyanagicho-station/all/
神楽坂駅・牛込神楽坂駅,iidabashi,四ツ谷・飯田橋・市ヶ谷,/iidabashi/kagurazaka-station/all/
飯田橋駅,iidabashi,四ツ谷・飯田橋・市ヶ谷,/iidabashi/iidabashi-station/all/
麹町駅,iidabashi,四ツ谷・飯田橋・市ヶ谷,/iidabashi/kojimachi-station/all/
千川駅,ikebukuro,池袋,/ikebukuro/senkawa-station/all/
小竹向原駅,ikebukuro,池袋,/ikebukuro/kotakemukaihara-station/all/
椎名町駅,ikebukuro,池袋,/ikebukuro/shiinamachi-station/all/
池袋駅北口,ikebukuro,池袋,/ikebukuro/ikebukuro-station-north/all/
池袋駅南口,ikebukuro,池袋,/ikebukuro/ikebukuro-station-south/all/
池袋駅東口・東池袋駅,ikebukuro,池袋,/ikebukuro/ikebukuro-station-east/all/
池袋駅西口,ikebukuro,池袋,/ikebukuro/ikebukuro-station-west/all/
目白駅,ikebukuro,池袋,/ikebukuro/mejiro-station/all/
要町駅,ikebukuro,池袋,/ikebukuro/kanamecho-station/all/
奥沢駅,jiyugaoka,自由が丘・学芸大学,/jiyugaoka/okusawa-station/all/
学芸大学駅,jiyugaoka,自由が丘・学芸大学,/jiyugaoka/gakugeidaigaku-station/all/
田園調布駅,jiyugaoka,自由が丘・学芸大学,/jiyugaoka/denenchofu-station/all/
祐天寺駅,jiyugaoka,自由が丘・学芸大学,/jiyugaoka/yutenji-station/all/
等々力駅,jiyugaoka,自由が丘・学芸大学,/jiyugaoka/todoroki-station/all/
自由が丘駅,jiyugaoka,自由が丘・学芸大学,/jiyugaoka/jiyugaoka-station/all/
都立大学駅,jiyugaoka,自由が丘・学芸大学,/jiyugaoka/toritsudaigaku-station/all/
三国駅,juso,十三・西淀川,/juso/mikuni-station/all/
十三駅,juso,十三・西淀川,/juso/juso-station/all/
大井町駅,kamata,蒲田,/kamata/oimachi-station/all/
大森海岸駅,kamata,蒲田,/kamata/omorikaigan-station/all/
大森駅,kamata,蒲田,/kamata/omori-station/all/
蒲田駅東口・京急蒲田駅,kamata,蒲田,/kamata/kamata-station-east/all/
蒲田駅西口,kamata,蒲田,/kamata/kamata-station-west/all/
青物横丁駅,kamata,蒲田,/kamata/aomonoyokocho-station/all/
亀有駅,kameari,北千住・亀有,/kameari/kameari-station/all/
五反野駅,kameari,北千住・亀有,/kameari/gotanno-station/all/
北千住駅,kameari,北千住・亀有,/kameari/kitasenju-station/all/
北綾瀬駅,kameari,北千住・亀有,/kameari/kitaayase-station/all/
南千住駅,kameari,北千住・亀有,/kameari/minamisenju-station/all/
堀切菖蒲園駅,kameari,北千住・亀有,/kameari/horikirishobuen-station/all/
竹ノ塚駅,kameari,北千住・亀有,/kameari/takenozuka-station/all/
綾瀬駅,kameari,北千住・亀有,/kameari/ayase-station/all/
西新井駅,kameari,北千住・亀有,/kameari/nishiarai-station/all/
金町駅,kameari,北千住・亀有,/kameari/kanamachi-station/all/
青砥駅,kameari,北千住・亀有,/kameari/aoto-station/all/
亀戸駅,kameido,亀戸・小岩,/kameido/kameido-station/all/
大島駅,kameido,亀戸・小岩,/kameido/ojima-station/all/
小岩駅,kameido,亀戸・小岩,/kameido/koiwa-station/all/
平井駅,kameido,亀戸・小岩,/kameido/hirai-station/all/
新小岩駅,kameido,亀戸・小岩,/kameido/shinkoiwa-station/all/
西大島駅,kameido,亀戸・小岩,/kameido/nishiojima-station/all/
尾頭橋駅,kanayama,金山・熱田,/kanayama/otobashi-station/all/
日比野駅,kanayama,金山・熱田,/kanayama/hibino-station/all/
東別院駅,kanayama,金山・熱田,/kanayama/higashibetsuin-station/all/
金山駅,kanayama,金山・熱田,/kanayama/kanayama-station/all/
小川町駅・淡路町駅,kanda,神田,/kanda/ogawacho-station/all/
神保町駅,kanda,神田,/kanda/jinbocho-station/all/
神田駅北口・西口,kanda,神田,/kanda/kanda-station-north-west/all/
神田駅南口・東口,kanda,神田,/kanda/kanda-station-south-east/all/
中京競馬場前駅,kasadera,笠寺・柴田,/kasadera/chukyokeibajomae-station/all/
大江駅,kasadera,笠寺・柴田,/kasadera/oe-station/all/
大高駅,kasadera,笠寺・柴田,/kasadera/odaka-station/all/
左京山駅,kasadera,笠寺・柴田,/kasadera/sakyoyama-station/all/
有松駅,kasadera,笠寺・柴田,/kasadera/arimatsu-station/all/
本星崎駅,kasadera,笠寺・柴田,/kasadera/motohoshizaki-station/all/
柴田駅,kasadera,笠寺・柴田,/kasadera/shibata-station/all/
笠寺駅・本笠寺駅,kasadera,笠寺・柴田,/kasadera/kasadera-station/all/
道徳駅,kasadera,笠寺・柴田,/kasadera/dotoku-station/all/
鳴海駅,kasadera,笠寺・柴田,/kasadera/narumi-station/all/
瑞江駅,kasai,葛西・西葛西,/kasai/mizue-station/all/
篠崎駅,kasai,葛西・西葛西,/kasai/shinozaki-station/all/
船堀駅,kasai,葛西・西葛西,/kasai/funabori-station/all/
葛西駅,kasai,葛西・西葛西,/kasai/kasai-station/all/
西葛西駅,kasai,葛西・西葛西,/kasai/nishikasai-station/all/
南柏駅,kashiwa,柏・我孫子,/kashiwa/minamikashiwa-station/all/
天王台駅,kashiwa,柏・我孫子,/kashiwa/tennodai-station/all/
我孫子駅,kashiwa,柏・我孫子,/kashiwa/abiko-station/all/
柏駅,kashiwa,柏・我孫子,/kashiwa/kashiwa-station/all/
川崎駅,kawasaki,川崎・鶴見,/kawasaki/kawasaki-station/all/
矢向駅,kawasaki,川崎・鶴見,/kawasaki/yako-station/all/
鶴見駅・京急鶴見駅,kawasaki,川崎・鶴見,/kawasaki/tsurumi-station/all/
鹿島田駅,kawasaki,川崎・鶴見,/kawasaki/kashimada-station/all/
三鷹駅,kichijoji,吉祥寺・三鷹,/kichijoji/mitaka-station/all/
吉祥寺駅,kichijoji,吉祥寺・三鷹,/kichijoji/kichijoji-station/all/
東小金井駅,kichijoji,吉祥寺・三鷹,/kichijoji/higashikoganei-station/all/
武蔵境駅,kichijoji,吉祥寺・三鷹,/kichijoji/musashisakai-station/all/
武蔵小金井駅,kichijoji,吉祥寺・三鷹,/kichijoji/musashikoganei-station/all/
両国駅,kinshicho,錦糸町・押上・両国,/kinshicho/ryogoku-station/all/
押上駅,kinshicho,錦糸町・押上・両国,/kinshicho/oshiage-station/all/
本所吾妻橋駅,kinshicho,錦糸町・押上・両国,/kinshicho/honjoazumabashi-station/all/
森下駅,kinshicho,錦糸町・押上・両国,/kinshicho/morishita-station/all/
錦糸町駅,kinshicho,錦糸町・押上・両国,/kinshicho/kinshicho-station/all/
南小倉駅,kitakyushu,北九州・小倉,/kitakyushu/minamikokura-station/all/
小倉駅,kitakyushu,北九州・小倉,/kitakyushu/kokura-station/all/
平和通駅,kitakyushu,北九州・小倉,/kitakyushu/heiwadori-station/all/
旦過駅,kitakyushu,北九州・小倉,/kitakyushu/tanga-station/all/
片野駅,kitakyushu,北九州・小倉,/kitakyushu/katano-station/all/
西小倉駅,kitakyushu,北九州・小倉,/kitakyushu/nishikokura-station/all/
飯塚駅,kitakyushu,北九州・小倉,/kitakyushu/iizuka-station/all/
香春口三萩野駅,kitakyushu,北九州・小倉,/kitakyushu/kawaraguchimihagino-station/all/
黒崎駅,kitakyushu,北九州・小倉,/kitakyushu/kurosaki-station/all/
垂水駅,kobe,神戸・三宮,/kobe/tarumi-station/all/
新長田駅,kobe,神戸・三宮,/kobe/shinnagata-station/all/
神戸駅・三宮駅・元町駅,kobe,神戸・三宮,/kobe/kobe-station/all/
西元町駅,kobe,神戸・三宮,/kobe/nishimotomachi-station/all/
国分寺駅,kokubunji,国分寺・国立,/kokubunji/kokubunji-station/all/
国立駅,kokubunji,国分寺・国立,/kokubunji/kunitachi-station/all/
西国分寺駅,kokubunji,国分寺・国立,/kokubunji/nishikokubunji-station/all/
せんげん台駅,koshigaya,越谷・春日部,/koshigaya/sengendai-station/all/
北越谷駅,koshigaya,越谷・春日部,/koshigaya/kitakoshigaya-station/all/
新越谷駅・南越谷駅,koshigaya,越谷・春日部,/koshigaya/shinkoshigaya-station/all/
春日部駅,koshigaya,越谷・春日部,/koshigaya/kasukabe-station/all/
蒲生駅,koshigaya,越谷・春日部,/koshigaya/gamou-station/all/
越谷駅,koshigaya,越谷・春日部,/koshigaya/koshigaya-station/all/
一橋学園駅,kumegawa,久米川・秋津,/kumegawa/hitotsubashigakuen-station/all/
久米川駅,kumegawa,久米川・秋津,/kumegawa/kumegawa-station/all/
東村山駅,kumegawa,久米川・秋津,/kumegawa/higashimurayama-station/all/
秋津駅・新秋津駅,kumegawa,久米川・秋津,/kumegawa/akitsu-station/all/
花小金井駅,kumegawa,久米川・秋津,/kumegawa/hanakoganei-station/all/
上飯田駅,kurokawa,黒川・大曽根,/kurokawa/kamiida-station/all/
大曽根駅,kurokawa,黒川・大曽根,/kurokawa/ozone-station/all/
平安通駅,kurokawa,黒川・大曽根,/kurokawa/heiandori-station/all/
志賀本通駅,kurokawa,黒川・大曽根,/kurokawa/shigahondori-station/all/
茶屋ヶ坂駅,kurokawa,黒川・大曽根,/kurokawa/chayagasaka-station/all/
黒川駅,kurokawa,黒川・大曽根,/kurokawa/kurokawa-station/all/
京橋駅,kyobashi,京橋・守口,/kyobashi/kyobashi-station/all/
土居駅,kyobashi,京橋・守口,/kyobashi/doi-station/all/
守口市駅,kyobashi,京橋・守口,/kyobashi/moriguchishi-station/all/
守口駅,kyobashi,京橋・守口,/kyobashi/moriguchi-station/all/
七条駅,kyoto,京都・祇園,/kyoto/shichijo-station/all/
三条駅・京都市役所前駅,kyoto,京都・祇園,/kyoto/sanjo-station/all/
丸太町駅,kyoto,京都・祇園,/kyoto/marutamachi-station/all/
二条駅,kyoto,京都・祇園,/kyoto/nijo-station/all/
五条駅,kyoto,京都・祇園,/kyoto/gojo-station/all/
京都河原町駅,kyoto,京都・祇園,/kyoto/kawaramachi-station/all/
京都駅,kyoto,京都・祇園,/kyoto/kyoto-station/all/
今出川駅,kyoto,京都・祇園,/kyoto/imadegawa-station/all/
四条駅・烏丸駅,kyoto,京都・祇園,/kyoto/shijo-station/all/
大宮駅・四条大宮駅,kyoto,京都・祇園,/kyoto/omiya-station/all/
東福寺駅,kyoto,京都・祇園,/kyoto/tofukuji-station/all/
椥辻駅,kyoto,京都・祇園,/kyoto/nagitsuji-station/all/
烏丸御池駅,kyoto,京都・祇園,/kyoto/karasumaoike-station/all/
祇園四条駅,kyoto,京都・祇園,/kyoto/gionshijo-station/all/
西大路駅,kyoto,京都・祇園,/kyoto/nishioji-station/all/
西院駅,kyoto,京都・祇園,/kyoto/saiin-station/all/
町田駅,machida,町田・鶴川,/machida/machida-station/all/
鶴川駅,machida,町田・鶴川,/machida/tsurukawa-station/all/
五香駅,matsudo,松戸・八柱,/matsudo/goko-station/all/
八柱駅・新八柱駅,matsudo,松戸・八柱,/matsudo/yabashira-station/all/
北小金駅,matsudo,松戸・八柱,/matsudo/kitakogane-station/all/
北松戸駅,matsudo,松戸・八柱,/matsudo/kitamatsudo-station/all/
新松戸駅,matsudo,松戸・八柱,/matsudo/shinmatsudo-station/all/
東松戸駅,matsudo,松戸・八柱,/matsudo/higashimatsudo-station/all/
松戸駅,matsudo,松戸・八柱,/matsudo/matsudo-station/all/
不動前駅,meguro,目黒・武蔵小山,/meguro/fudomae-station/all/
武蔵小山駅,meguro,目黒・武蔵小山,/meguro/musashikoyama-station/all/
目黒駅,meguro,目黒・武蔵小山,/meguro/meguro-station/all/
西小山駅,meguro,目黒・武蔵小山,/meguro/nishikoyama-station/all/
二子新地駅,mizonokuchi,溝,/mizonokuchi/futakoshinchi-station/all/
二子玉川駅,mizonokuchi,溝,/mizonokuchi/futakotamagawa-station/all/
武蔵新城駅,mizonokuchi,溝,/mizonokuchi/musashishinjo-station/all/
溝の口駅,mizonokuchi,溝,/mizonokuchi/mizonokuchi-station/all/
木場駅,monnaka,門前仲町・東陽町,/monnaka/kiba-station/all/
東陽町駅,monnaka,門前仲町・東陽町,/monnaka/toyocho-station/all/
門前仲町駅,monnaka,門前仲町・東陽町,/monnaka/monzennakacho-station/all/
印場駅,moriyama,守山・小幡,/moriyama/inba-station/all/
喜多山駅,moriyama,守山・小幡,/moriyama/kitayama-station/all/
大森・金城学院前駅,moriyama,守山・小幡,/moriyama/omorikinjogakuinmae-station/all/
小幡駅,moriyama,守山・小幡,/moriyama/obata-station/all/
新守山駅,moriyama,守山・小幡,/moriyama/shinmoriyama-station/all/
元住吉駅,musashikosugi,武蔵小杉・日吉,/musashikosugi/motosumiyoshi-station/all/
日吉駅,musashikosugi,武蔵小杉・日吉,/musashikosugi/hiyoshi-station/all/
武蔵小杉駅・新丸子駅,musashikosugi,武蔵小杉・日吉,/musashikosugi/musashikosugi-station/all/
綱島駅,musashikosugi,武蔵小杉・日吉,/musashikosugi/tsunashima-station/all/
中村公園駅,nagoya,名古屋・名駅・納屋橋,/nagoya/nakamurakoen-station/all/
亀島駅,nagoya,名古屋・名駅・納屋橋,/nagoya/kamejima-station/all/
八田駅,nagoya,名古屋・名駅・納屋橋,/nagoya/hatta-station/all/
名古屋駅,nagoya,名古屋・名駅・納屋橋,/nagoya/nagoya-station/all/
国際センター駅,nagoya,名古屋・名駅・納屋橋,/nagoya/kokusaicenter-station/all/
太閤通駅,nagoya,名古屋・名駅・納屋橋,/nagoya/taikoudori-station/all/
岩塚駅,nagoya,名古屋・名駅・納屋橋,/nagoya/iwatsuka-station/all/
本陣駅,nagoya,名古屋・名駅・納屋橋,/nagoya/honjin-station/all/
栄生駅,nagoya,名古屋・名駅・納屋橋,/nagoya/sako-station/all/
中野坂上駅,nakano,中野・高円寺,/nakano/nakanosakaue-station/all/
中野新橋駅,nakano,中野・高円寺,/nakano/nakanoshinbashi-station/all/
中野駅,nakano,中野・高円寺,/nakano/nakano-station/all/
新高円寺駅,nakano,中野・高円寺,/nakano/shinkoenji-station/all/
方南町駅,nakano,中野・高円寺,/nakano/honancho-station/all/
東中野駅,nakano,中野・高円寺,/nakano/higashinakano-station/all/
東高円寺駅,nakano,中野・高円寺,/nakano/higashikoenji-station/all/
高円寺駅,nakano,中野・高円寺,/nakano/koenji-station/all/
中村橋駅,nerima,西武池袋線・練馬・江古田,/nerima/nakamurabashi-station/all/
大泉学園駅,nerima,西武池袋線・練馬・江古田,/nerima/oizumigakuen-station/all/
桜台駅・新桜台駅,nerima,西武池袋線・練馬・江古田,/nerima/sakuradai-station/all/
江古田駅,nerima,西武池袋線・練馬・江古田,/nerima/ekoda-station/all/
石神井公園駅,nerima,西武池袋線・練馬・江古田,/nerima/shakujiikoen-station/all/
練馬駅,nerima,西武池袋線・練馬・江古田,/nerima/nerima-station/all/
小伝馬町駅・新日本橋駅,nihonbashi,日本橋・茅場町,/nihonbashi/kodenmacho-station/all/
日本橋駅,nihonbashi,日本橋・茅場町,/nihonbashi/nihonbashi-station/all/
水天宮前駅・人形町駅,nihonbashi,日本橋・茅場町,/nihonbashi/suitengumae-station/all/
茅場町駅,nihonbashi,日本橋・茅場町,/nihonbashi/kayabacho-station/all/
馬喰町駅・馬喰横山駅・東日本橋駅,nihonbashi,日本橋・茅場町,/nihonbashi/bakurocho-station/all/
三ノ輪駅,nippori,鶯谷・日暮里,/nippori/minowa-station/all/
入谷駅,nippori,鶯谷・日暮里,/nippori/iriya-station/all/
日暮里駅・西日暮里駅,nippori,鶯谷・日暮里,/nippori/nippori-station/all/
町屋駅,nippori,鶯谷・日暮里,/nippori/machiya-station/all/
鶯谷駅,nippori,鶯谷・日暮里,/nippori/uguisudani-station/all/
川口駅,nishikawaguchi,西川口・蕨,/nishikawaguchi/kawaguchi-station/all/
蕨駅,nishikawaguchi,西川口・蕨,/nishikawaguchi/warabi-station/all/
西川口駅,nishikawaguchi,西川口・蕨,/nishikawaguchi/nishikawaguchi-station/all/
鳩ヶ谷駅,nishikawaguchi,西川口・蕨,/nishikawaguchi/hatogaya-station/all/
新大阪駅,nishinakajima,西中島・新大阪,/nishinakajima/shinosaka-station/all/
東三国駅,nishinakajima,西中島・新大阪,/nishinakajima/higashimikuni-station/all/
西中島南方駅・南方駅,nishinakajima,西中島・新大阪,/nishinakajima/nishinakajima-station/all/
ひばりヶ丘駅,nishitokyo,西東京・東久留米・清瀬,/nishitokyo/hibarigaoka-station/all/
保谷駅,nishitokyo,西東京・東久留米・清瀬,/nishitokyo/houya-station/all/
東久留米駅,nishitokyo,西東京・東久留米・清瀬,/nishitokyo/higashikurume-station/all/
清瀬駅,nishitokyo,西東京・東久留米・清瀬,/nishitokyo/kiyose-station/all/
田無駅,nishitokyo,西東京・東久留米・清瀬,/nishitokyo/tanashi-station/all/
向ヶ丘遊園駅,noborito,登戸・向ヶ丘遊園,/noborito/mukogaokayuen-station/all/
新百合ヶ丘駅,noborito,登戸・向ヶ丘遊園,/noborito/shinyurigaoka-station/all/
登戸駅,noborito,登戸・向ヶ丘遊園,/noborito/noborito-station/all/
百合ヶ丘駅,noborito,登戸・向ヶ丘遊園,/noborito/yurigaoka-station/all/
稲田堤駅・京王稲田堤駅,noborito,登戸・向ヶ丘遊園,/noborito/inadazutsumi-station/all/
小田原駅,odawara,小田原,/odawara/odawara-station/all/
上大岡駅,ofuna,大船・戸塚,/ofuna/kamiooka-station/all/
上永谷駅,ofuna,大船・戸塚,/ofuna/kaminagaya-station/all/
大船駅,ofuna,大船・戸塚,/ofuna/ofuna-station/all/
戸塚駅,ofuna,大船・戸塚,/ofuna/totsuka-station/all/
杉田駅・新杉田駅,ofuna,大船・戸塚,/ofuna/sugita-station/all/
東戸塚駅,ofuna,大船・戸塚,/ofuna/higashitotsuka-station/all/
港南台駅,ofuna,大船・戸塚,/ofuna/konandai-station/all/
追浜駅,ofuna,大船・戸塚,/ofuna/oppama-station/all/
逗子駅,ofuna,大船・戸塚,/ofuna/zushi-station/all/
荻窪駅,ogikubo,荻窪・阿佐ヶ谷,/ogikubo/ogikubo-station/all/
西荻窪駅,ogikubo,荻窪・阿佐ヶ谷,/ogikubo/nishiogikubo-station/all/
阿佐ヶ谷駅,ogikubo,荻窪・阿佐ヶ谷,/ogikubo/asagaya-station/all/
新大久保駅・大久保駅,okubo,大久保・高田馬場,/okubo/okubo-station/all/
高田馬場駅・西早稲田駅,okubo,大久保・高田馬場,/okubo/takadanobaba-station/all/
さいたま新都心駅,omiya,大宮・さいたま,/omiya/saitamashintoshin-station/all/
土呂駅,omiya,大宮・さいたま,/omiya/toro-station/all/
大宮駅,omiya,大宮・さいたま,/omiya/omiya-station/all/
日進駅,omiya,大宮・さいたま,/omiya/nisshin-station/all/
東大宮駅,omiya,大宮・さいたま,/omiya/higashiomiya-station/all/
ときわ台駅,ooyama,東武東上線・大山・下赤塚,/ooyama/tokiwadai-station/all/
上板橋駅,ooyama,東武東上線・大山・下赤塚,/ooyama/kamiitabashi-station/all/
下赤塚駅,ooyama,東武東上線・大山・下赤塚,/ooyama/shimoakatsuka-station/all/
中板橋駅,ooyama,東武東上線・大山・下赤塚,/ooyama/nakaitabashi-station/all/
大山駅,ooyama,東武東上線・大山・下赤塚,/ooyama/ooyama-station/all/
成増駅,ooyama,東武東上線・大山・下赤塚,/ooyama/narimasu-station/all/
東武練馬駅,ooyama,東武東上線・大山・下赤塚,/ooyama/tobunerima-station/all/
東梅田駅,osakakita,大阪キタ・梅田,/osakakita/higashiumeda-station/all/
梅田駅,osakakita,大阪キタ・梅田,/osakakita/umeda-station/all/
福島駅,osakakita,大阪キタ・梅田,/osakakita/fukushima-station/all/
西梅田駅・北新地駅,osakakita,大阪キタ・梅田,/osakakita/nishiumeda-station/all/
野田駅,osakakita,大阪キタ・梅田,/osakakita/noda-station/all/
大国町駅,osakaminami,難波・日本橋,/osakaminami/daikokucho-station/all/
天下茶屋駅,osakaminami,難波・日本橋,/osakaminami/tengachaya-station/all/
恵美須町駅,osakaminami,難波・日本橋,/osakaminami/ebisucho-station/all/
新今宮駅,osakaminami,難波・日本橋,/osakaminami/shinimamiya-station/all/
日本橋駅（大阪）,osakaminami,難波・日本橋,/osakaminami/nipponbashi-station/all/
桜川駅,osakaminami,難波・日本橋,/osakaminami/sakuragawa-station/all/
難波駅（なんば）,osakaminami,難波・日本橋,/osakaminami/nanba-station/all/
味美駅,otai,小田井・比良,/otai/ajiyoshi-station/all/
味鋺駅,otai,小田井・比良,/otai/ajima-station/all/
小田井駅・上小田井駅,otai,小田井・比良,/otai/otai-station/all/
庄内通駅,otai,小田井・比良,/otai/shonaidori-station/all/
比良駅,otai,小田井・比良,/otai/hira-station/all/
浄心駅,otai,小田井・比良,/otai/joshin-station/all/
大塚駅,otsuka,大塚・巣鴨・駒込,/otsuka/otsuka-station/all/
巣鴨駅,otsuka,大塚・巣鴨・駒込,/otsuka/sugamo-station/all/
新大塚駅,otsuka,大塚・巣鴨・駒込,/otsuka/shinotsuka-station/all/
駒込駅,otsuka,大塚・巣鴨・駒込,/otsuka/komagome-station/all/
乃木坂駅,roppongi,六本木・麻布十番,/roppongi/nogizaka-station/all/
六本木駅,roppongi,六本木・麻布十番,/roppongi/roppongi-station/all/
赤羽橋駅,roppongi,六本木・麻布十番,/roppongi/akabanebashi-station/all/
麻布十番駅,roppongi,六本木・麻布十番,/roppongi/azabujuban-station/all/
橋本駅,sagamihara,相模原・橋本,/sagamihara/hashimoto-station/all/
淵野辺駅,sagamihara,相模原・橋本,/sagamihara/fuchinobe-station/all/
相模原駅,sagamihara,相模原・橋本,/sagamihara/sagamihara-station/all/
矢部駅,sagamihara,相模原・橋本,/sagamihara/yabe-station/all/
小田急相模原駅,sagamiono,相模大野・小田急相模原,/sagamiono/odakyusagamihara-station/all/
相模大野駅,sagamiono,相模大野・小田急相模原,/sagamiono/sagamiono-station/all/
あざみ野駅,saginuma,鷺沼・たまプラーザ・青葉台,/saginuma/azamino-station/all/
たまプラーザ駅,saginuma,鷺沼・たまプラーザ・青葉台,/saginuma/tamapuraza-station/all/
センター北駅,saginuma,鷺沼・たまプラーザ・青葉台,/saginuma/centerkita-station/all/
センター南駅,saginuma,鷺沼・たまプラーザ・青葉台,/saginuma/centerminami-station/all/
宮崎台駅,saginuma,鷺沼・たまプラーザ・青葉台,/saginuma/miyazakidai-station/all/
長津田駅,saginuma,鷺沼・たまプラーザ・青葉台,/saginuma/nagatsuta-station/all/
青葉台駅,saginuma,鷺沼・たまプラーザ・青葉台,/saginuma/aobadai-station/all/
鷺沼駅,saginuma,鷺沼・たまプラーザ・青葉台,/saginuma/saginuma-station/all/
丸の内駅・伏見駅,sakae,栄,/sakae/marunouchi-station/all/
栄駅・久屋大通駅,sakae,栄,/sakae/sakae-station/all/
矢場町駅,sakae,栄,/sakae/yabacho-station/all/
なかもず駅,sakai,堺・南大阪,/sakai/nakamozu-station/all/
堺市駅,sakai,堺・南大阪,/sakai/sakaishi-station/all/
堺東駅,sakai,堺・南大阪,/sakai/sakaihigashi-station/all/
堺駅,sakai,堺・南大阪,/sakai/sakai-station/all/
御陵前駅,sakai,堺・南大阪,/sakai/goryomae-station/all/
三軒茶屋駅北口・パティオ口,sangenjaya,三軒茶屋,/sangenjaya/sangenjaya-station-north/all/
三軒茶屋駅南口,sangenjaya,三軒茶屋,/sangenjaya/sangenjaya-station-south/all/
桜新町駅,sangenjaya,三軒茶屋,/sangenjaya/Sakurashimmachi-station/all/
池尻大橋駅,sangenjaya,三軒茶屋,/sangenjaya/ikejiri-station/all/
用賀駅,sangenjaya,三軒茶屋,/sangenjaya/yoga-station/all/
駒沢大学駅,sangenjaya,三軒茶屋,/sangenjaya/komazawadaigaku-station/all/
上井草駅,shakujii,西武新宿線・上石神井,/shakujii/kamiigusa-station/all/
上石神井駅,shakujii,西武新宿線・上石神井,/shakujii/kamishakujii-station/all/
武蔵関駅,shakujii,西武新宿線・上石神井,/shakujii/musashiseki-station/all/
鷺ノ宮駅,shakujii,西武新宿線・上石神井,/shakujii/saginomiya-station/all/
代々木駅,shibuya,渋谷・代々木・原宿,/shibuya/yoyogi-station/all/
北参道駅,shibuya,渋谷・代々木・原宿,/shibuya/kitasando-station/all/
原宿駅・表参道駅・青山駅,shibuya,渋谷・代々木・原宿,/shibuya/harajuku-station/all/
渋谷駅,shibuya,渋谷・代々木・原宿,/shibuya/shibuya-station/all/
神泉駅,shibuya,渋谷・代々木・原宿,/shibuya/shinsen-station/all/
ふじみ野駅,shiki,志木・みずほ台,/shiki/fujimino-station/all/
みずほ台駅,shiki,志木・みずほ台,/shiki/mizuhodai-station/all/
上福岡駅,shiki,志木・みずほ台,/shiki/kamifukuoka-station/all/
和光市駅,shiki,志木・みずほ台,/shiki/wakoshi-station/all/
志木駅,shiki,志木・みずほ台,/shiki/shiki-station/all/
新座駅,shiki,志木・みずほ台,/shiki/niiza-station/all/
朝霞台駅・北朝霞駅,shiki,志木・みずほ台,/shiki/asakadai-station/all/
朝霞駅,shiki,志木・みずほ台,/shiki/asaka-station/all/
鶴瀬駅,shiki,志木・みずほ台,/shiki/tsuruse-station/all/
下北沢駅,shimokitazawa,小田急線沿線・下北沢,/shimokitazawa/shimokitazawa-station/all/
代々木上原駅,shimokitazawa,小田急線沿線・下北沢,/shimokitazawa/yoyogiuehara-station/all/
千歳船橋駅,shimokitazawa,小田急線沿線・下北沢,/shimokitazawa/chitosefunabashi-station/all/
喜多見駅,shimokitazawa,小田急線沿線・下北沢,/shimokitazawa/kitami-station/all/
新代田駅,shimokitazawa,小田急線沿線・下北沢,/shimokitazawa/shindaita-station/all/
祖師ヶ谷大蔵駅,shimokitazawa,小田急線沿線・下北沢,/shimokitazawa/soshigayaokura-station/all/
経堂駅,shimokitazawa,小田急線沿線・下北沢,/shimokitazawa/kyodo-station/all/
品川駅,shinagawa,品川・田町・浜松町,/shinagawa/shinagawa-station/all/
天王洲アイル駅,shinagawa,品川・田町・浜松町,/shinagawa/tennozuisle-station/all/
泉岳寺駅,shinagawa,品川・田町・浜松町,/shinagawa/sengakuji-station/all/
浜松町駅・大門駅,shinagawa,品川・田町・浜松町,/shinagawa/hamamatsucho-station/all/
田町駅・三田駅,shinagawa,品川・田町・浜松町,/shinagawa/tamachi-station/all/
白金高輪駅,shinagawa,品川・田町・浜松町,/shinagawa/shirokanetakanawa-station/all/
芝公園駅,shinagawa,品川・田町・浜松町,/shinagawa/shibakoen-station/all/
内幸町駅・虎ノ門駅,shinbashi,新橋,/shinbashi/toranomon-station/all/
御成門駅,shinbashi,新橋,/shinbashi/onarimon-station/all/
新橋駅日比谷口,shinbashi,新橋,/shinbashi/shinbashi-station-hibiya/all/
新橋駅烏森口,shinbashi,新橋,/shinbashi/shinbashi-station-karasumori/all/
新橋駅銀座口,shinbashi,新橋,/shinbashi/shinbashi-station-ginza/all/
新宿御苑前駅,shinjuku,新宿,/shinjuku/shinjukugyoen-station/all/
新宿駅南口・東南口,shinjuku,新宿,/shinjuku/shinjuku-station-south/all/
新宿駅東口・東新宿駅（歌舞伎町）,shinjuku,新宿,/shinjuku/shinjuku-station-east/all/
新宿駅西口・西新宿駅,shinjuku,新宿,/shinjuku/shinjuku-station-west/all/
西新宿五丁目駅,shinjuku,新宿,/shinjuku/nishishinjukugochome-station/all/
心斎橋駅・四ツ橋駅・西大橋駅,shinsaibashi,心斎橋,/shinsaibashi/shinsaibashi-station/all/
西長堀駅,shinsaibashi,心斎橋,/shinsaibashi/nishinagahori-station/all/
長堀橋駅・松屋町駅,shinsaibashi,心斎橋,/shinsaibashi/nagahoribashi-station/all/
今池駅,shinsakae,新栄町・千種・今池,/shinsakae/imaike-station/all/
千種駅,shinsakae,新栄町・千種・今池,/shinsakae/chikusa-station/all/
吹上駅,shinsakae,新栄町・千種・今池,/shinsakae/fukiage-station/all/
新栄町駅,shinsakae,新栄町・千種・今池,/shinsakae/shinsakaemachi-station/all/
池下駅,shinsakae,新栄町・千種・今池,/shinsakae/ikeshita-station/all/
覚王山駅,shinsakae,新栄町・千種・今池,/shinsakae/kakuozan-station/all/
高岳駅,shinsakae,新栄町・千種・今池,/shinsakae/takaoka-station/all/
中山駅,shinyokohama,新横浜・菊名,/shinyokohama/nakayama-station/all/
大倉山駅,shinyokohama,新横浜・菊名,/shinyokohama/okurayama-station/all/
新横浜駅,shinyokohama,新横浜・菊名,/shinyokohama/shinyokohama-station/all/
菊名駅,shinyokohama,新横浜・菊名,/shinyokohama/kikuna-station/all/
原駅,showa,名古屋・昭和区・天白区,/showa/hara-station/all/
塩釜口駅,showa,名古屋・昭和区・天白区,/showa/shiogamaguchi-station/all/
川名駅,showa,名古屋・昭和区・天白区,/showa/kawana-station/all/
平針駅,showa,名古屋・昭和区・天白区,/showa/hirabari-station/all/
御器所駅,showa,名古屋・昭和区・天白区,/showa/gokiso-station/all/
植田駅,showa,名古屋・昭和区・天白区,/showa/ueda-station/all/
荒畑駅,showa,名古屋・昭和区・天白区,/showa/arahata-station/all/
新田駅,souka,草加・谷塚,/souka/shinden-station/all/
草加駅,souka,草加・谷塚,/souka/souka-station/all/
谷塚駅,souka,草加・谷塚,/souka/yatsuka-station/all/
後楽園駅,suidobashi,水道橋・御茶ノ水,/suidobashi/korakuen-station/all/
水道橋駅,suidobashi,水道橋・御茶ノ水,/suidobashi/suidobashi-station/all/
立川駅北口,tachikawa,立川,/tachikawa/tachikawa-station-north/all/
立川駅南口,tachikawa,立川,/tachikawa/tachikawa-station-south/all/
喜連瓜破駅,tanikyu,谷町九丁目,/tanikyu/kireuriwari-station/all/
天王寺駅・寺田町駅,tanikyu,谷町九丁目,/tanikyu/tennoji-station/all/
平野駅,tanikyu,谷町九丁目,/tanikyu/hirano-station/all/
東部市場前駅,tanikyu,谷町九丁目,/tanikyu/tobushijomae-station/all/
玉造駅,tanikyu,谷町九丁目,/tanikyu/tamatsukuri-station/all/
谷町九丁目駅・上本町駅,tanikyu,谷町九丁目,/tanikyu/tanikyu-station/all/
谷町六丁目駅,tanikyu,谷町九丁目,/tanikyu/taniroku-station/all/
鶴橋駅,tanikyu,谷町九丁目,/tanikyu/tsuruhashi-station/all/
中崎町駅,tenma,天満・南森町,/tenma/nakazakicho-station/all/
南森町駅・大阪天満宮駅,tenma,天満・南森町,/tenma/minamimorimachi-station/all/
天満橋駅,tenma,天満・南森町,/tenma/tenmabashi-station/all/
天満駅・扇町駅,tenma,天満・南森町,/tenma/tenma-station/all/
天神橋筋六丁目駅,tenma,天満・南森町,/tenma/tenroku-station/all/
中島駅,tokaidori,東海通・高畑,/tokaidori/nakajima-station/all/
南荒子駅,tokaidori,東海通・高畑,/tokaidori/minamiarako-station/all/
戸田駅,tokaidori,東海通・高畑,/tokaidori/toda-station/all/
東海通駅,tokaidori,東海通・高畑,/tokaidori/tokaidori-station/all/
港北駅,tokaidori,東海通・高畑,/tokaidori/kohoku-station/all/
港区役所駅,tokaidori,東海通・高畑,/tokaidori/minatokuyakusho-station/all/
築地口駅,tokaidori,東海通・高畑,/tokaidori/tsukijiguchi-station/all/
荒子川公園駅,tokaidori,東海通・高畑,/tokaidori/arakogawakoen-station/all/
高畑駅,tokaidori,東海通・高畑,/tokaidori/takabata-station/all/
小手指駅,tokorozawa,所沢・入間,/tokorozawa/kotesashi-station/all/
所沢駅,tokorozawa,所沢・入間,/tokorozawa/tokorozawa-station/all/
新所沢駅,tokorozawa,所沢・入間,/tokorozawa/shintokorozawa-station/all/
東所沢駅,tokorozawa,所沢・入間,/tokorozawa/higashitokorozawa-station/all/
狭山ヶ丘駅,tokorozawa,所沢・入間,/tokorozawa/sayamagaoka-station/all/
西所沢駅,tokorozawa,所沢・入間,/tokorozawa/nishitokorozawa-station/all/
京橋駅・宝町駅,tokyo,東京・八重洲,/tokyo/kyobashi-station/all/
八丁堀駅,tokyo,東京・八重洲,/tokyo/hatchobori-station/all/
東京駅（八重洲・丸の内）,tokyo,東京・八重洲,/tokyo/tokyo-station/all/
北習志野駅,tsudanuma,津田沼・習志野,/tsudanuma/kitanarashino-station/all/
実籾駅,tsudanuma,津田沼・習志野,/tsudanuma/mimomi-station/all/
津田沼駅,tsudanuma,津田沼・習志野,/tsudanuma/tsudanuma-station/all/
高根公団駅,tsudanuma,津田沼・習志野,/tsudanuma/takanekodan-station/all/
上前津駅,tsurumai,大須・鶴舞,/tsurumai/kamimaezu-station/all/
大須観音駅,tsurumai,大須・鶴舞,/tsurumai/osukannon-station/all/
鶴舞駅,tsurumai,大須・鶴舞,/tsurumai/tsurumai-station/all/
上野駅,ueno,上野・浅草・御徒町,/ueno/ueno-station/all/
御徒町駅・湯島駅,ueno,上野・浅草・御徒町,/ueno/okachimachi-station/all/
浅草駅・田原町駅,ueno,上野・浅草・御徒町,/ueno/asakusa-station/all/
稲荷町駅,ueno,上野・浅草・御徒町,/ueno/inaricho-station/all/
与野駅,urawa,浦和・武蔵浦和,/urawa/yono-station/all/
北与野駅,urawa,浦和・武蔵浦和,/urawa/kitayono-station/all/
北浦和駅,urawa,浦和・武蔵浦和,/urawa/kitaurawa-station/all/
南浦和駅,urawa,浦和・武蔵浦和,/urawa/minamiurawa-station/all/
東川口駅,urawa,浦和・武蔵浦和,/urawa/higashikawaguchi-station/all/
東浦和駅,urawa,浦和・武蔵浦和,/urawa/higashiurawa-station/all/
武蔵浦和駅,urawa,浦和・武蔵浦和,/urawa/musashiurawa-station/all/
浦和駅,urawa,浦和・武蔵浦和,/urawa/urawa-station/all/
南行徳駅,urayasu,浦安・行徳,/urayasu/minamigyotoku-station/all/
妙典駅,urayasu,浦安・行徳,/urayasu/myoden-station/all/
浦安駅,urayasu,浦安・行徳,/urayasu/urayasu-station/all/
行徳駅,urayasu,浦安・行徳,/urayasu/gyotoku-station/all/
さがみ野駅,yamato,大和・南林間,/yamato/sagamino-station/all/
中央林間駅,yamato,大和・南林間,/yamato/chuorinkan-station/all/
二俣川駅,yamato,大和・南林間,/yamato/futamatagawa-station/all/
南林間駅,yamato,大和・南林間,/yamato/minamirinkan-station/all/
大和駅,yamato,大和・南林間,/yamato/yamato-station/all/
相模大塚駅,yamato,大和・南林間,/yamato/sagamiotsuka-station/all/
鶴ヶ峰駅,yamato,大和・南林間,/yamato/tsurugamine-station/all/
鶴間駅,yamato,大和・南林間,/yamato/tsuruma-station/all/
伊勢佐木長者町駅,yokohama,横浜・関内,/yokohama/isezakichojamachi-station/all/
元町・中華街駅,yokohama,横浜・関内,/yokohama/motomachichukagai-station/all/
反町駅,yokohama,横浜・関内,/yokohama/tanmachi-station/all/
天王町駅,yokohama,横浜・関内,/yokohama/tennocho-station/all/
日ノ出町駅,yokohama,横浜・関内,/yokohama/hinodecho-station/all/
東神奈川駅,yokohama,横浜・関内,/yokohama/higashikanagawa-station/all/
桜木町駅,yokohama,横浜・関内,/yokohama/sakuragicho-station/all/
横浜駅・神奈川駅,yokohama,横浜・関内,/yokohama/yokohama-station/all/
関内駅,yokohama,横浜・関内,/yokohama/kannai-station/all/
阪東橋駅,yokohama,横浜・関内,/yokohama/bandobashi-station/all/
黄金町駅,yokohama,横浜・関内,/yokohama/koganecho-station/all/
