salon_id,source_id,salon_name,salon_name_kana,salon_type,business_type,access,business_hours,reception_hours,base_price,base_duration,phone,official_url,domain,therapist_count_portal,therapist_count_official,description,service_tags,image_url,source,created_at,updated_at
1,b1c867b3-3ba7-4423-bbc9-f9299ecd36b0,ELTERAS（エルテラス）恵比寿,エルテラス,メンエス,店舗,恵比寿駅西口徒歩3分,24時間営業,,17000,60,080-3521-1651,https://esthetic-salon-tokyo.com/,esthetic-salon-tokyo.com,195,,,"オイル,リンパ,パウダー,ホイップ,ホットオイル,24時間,キャッシュレス,ネット予約",/uploads/shop-0000013ffa-692d90068db9b.png,esthe-ranking,2026-02-08 02:49:46,2026-02-08 02:49:46
2,a9d34bfc-aa35-4308-8c73-81d6b3a14eca,Vicca+plus.（ヴィッカプラス）,ヴィッカプラス,メンエス,店舗,恵比寿駅東口徒歩5分,09:30～翌 05:00,7:30～,16000,70,080-9711-4911,https://viccaplus.net/,viccaplus.net,55,,,"アロマ,リンパ,ホットオイル,ワンルーム,完全個室,キャッシュレス",/uploads/shop-0000001aa0-68fea1bb291d5.jpg,esthe-ranking,2026-02-08 02:49:47,2026-02-08 02:49:47
3,b41f8c58-a252-4f32-98c1-355239f65e5a,リンダスパ恵比寿・中目黒,,メンエス,店舗,恵比寿駅・中目黒駅,11:00～翌 05:00,10:00～翌3:00,15000,70,080-4076-3741,https://linda-spa.com/,linda-spa.com,178,,,"オイル,リンパ,パウダー,ホイップ,ホットオイル,完全個室",/uploads/shop-0000009ecd-676bb33194a18.jpg,esthe-ranking,2026-02-08 02:49:48,2026-02-08 02:49:48
4,446a983f-df7b-4b4e-b927-842d7fad8e01,恵比寿・中目黒ミネルバ,,メンエス,店舗,恵比寿駅徒歩3分・中目黒駅徒歩5分,11:00～翌 05:00,,12000,50,070-7465-2000,https://minerva-ebisu.com/,minerva-ebisu.com,53,,,"オイル,リンパ,キャッシュレス,ネット予約",/uploads/shop-000000c4b7-64c0adf95274c.jpg,esthe-ranking,2026-02-08 02:49:50,2026-02-08 02:49:50
5,dda6bff5-b474-4f6d-8279-13e8eada91f9,NEW+PLUS（ニュープラス）恵比寿ルーム,ニュープラス,メンエス,店舗,恵比寿駅,10:00～翌 05:00,,18000,70,070-5079-2372,https://new-plus.site/,new-plus.site,97,,,"アロマ,オイル,リンパ,ホイップ,ホットオイル,コスプレ,完全個室,キャッシュレス,ネット予約",/uploads/shop-0000014169-6933b2e027b1f.jpg,esthe-ranking,2026-02-08 02:49:51,2026-02-08 02:49:51
6,ff62d8af-235a-4b5c-b241-199d4d9461f5,メンズエステ恵比寿・中目黒,,メンエス,店舗,恵比寿駅西口・中目黒駅,10:00～翌 05:00,9:00～翌3:00,19000,90,03-6303-1855,https://mens-este.com/,mens-este.com,128,,,"アロマ,オイル,リンパ,パウダー,ホットオイル,キャッシュレス,領収書",/uploads/shop-0000002327-68aeab2133f6d.jpg,esthe-ranking,2026-02-08 02:49:53,2026-02-08 02:49:53
7,3b4c5328-d680-40df-9093-dded5143b648,天界のスパ,,メンエス,店舗,中目黒駅徒歩5分・恵比寿駅徒歩5分,11:00～翌 05:00,,16000,80,070-9046-4376,https://www.tennesu.com/,tennesu.com,130,,,"アロマ,オイル,リンパ,ホットオイル,ワンルーム,完全個室,キャッシュレス,ネット予約",/uploads/shop-0000010278-6890580758d42.jpg,esthe-ranking,2026-02-08 02:49:55,2026-02-08 02:49:55
8,a098186b-5839-49da-a506-56745ef97914,東京目黒 高級セレブ熟女 恵比寿・中目黒・代官山ルーム,,メンエス,店舗,恵比寿駅・中目黒駅・代官山駅,24時間営業,,28000,90,050-5527-2191,http://celebjukujo-meguro.com/,celebjukujo-meguro.com,141,,,"オイル,24時間,熟女,キャッシュレス,ネット予約",/uploads/shop-000000aad6-6981a84d81d96.jpg,esthe-ranking,2026-02-08 02:49:58,2026-02-08 02:49:58
9,37f5d5e7-2026-42eb-bb65-2723cb871fd1,NAOMI SPA（ナオミスパ）恵比寿店,ナオミスパ,メンエス,店舗,恵比寿駅徒歩5分,10:00～翌 05:00,,22000,90,03-6427-0744,https://www.naomi-spa.com/,naomi-spa.com,113,,,"アロマ,オイル,リンパ,完全個室,キャッシュレス,領収書",/uploads/shop-0000006b6e-6678c3ec0079d.jpg,esthe-ranking,2026-02-08 02:50:00,2026-02-08 02:50:00
10,92d6bd68-9883-4cac-960b-0e7386c6c762,Belle E（ベルエ）,ベルエ,メンエス,店舗,恵比寿駅東口徒歩5分,11:00～翌 05:00,,16000,80,03-6742-3548,https://bellee-spa.com/,bellee-spa.com,66,,,"オイル,リンパ,タイ式,ロミロミ,パウダー,ヘッド,リフレ,足裏,ホイップ,ホットオイル,ストレッチ,ワンルーム,完全個室",/uploads/shop-000000e4f1-693946564d99c.jpg,esthe-ranking,2026-02-08 02:50:02,2026-02-08 02:50:02
11,689186ac-f1c7-4fd9-ad85-f9cbd10f08a0,Aroma Blanca（アロマブランカ）,アロマブランカ,メンエス,店舗,中目黒駅徒歩3分,13:00～LAST,12:00～LAST,18000,70,080-7666-2776,https://www.aroma-blanca.com/,aroma-blanca.com,71,,,"アロマ,オイル,リンパ,パウダー,ホイップ,ホットオイル,完全個室,キャッシュレス",/uploads/shop-aromablanca-60fe061f077ac.jpg,esthe-ranking,2026-02-08 02:50:05,2026-02-08 02:50:05
12,ddc07d57-3d83-4339-a73c-5d1867bf64c8,Aroma Miely（アロマミエリー）,アロマミエリー,メンエス,店舗,恵比寿駅・中目黒駅,10:00～翌 05:00,9:00~,16000,60,03-5734-1887,https://aroma-miely.com/,aroma-miely.com,85,,,"オイル,リンパ,キャッシュレス,領収書,ネット予約",/uploads/shop-0000007007-681edc38625f3.jpg,esthe-ranking,2026-02-08 02:50:08,2026-02-08 02:50:08
13,ab45ab94-60ab-443f-b0a6-92bc9f2dca1e,THE HALF（ザ・ハーフ）恵比寿・中目黒,ザ・ハーフ,メンエス,店舗,恵比寿駅,10:00～翌 05:00,9:00〜翌04:00,12000,60,090-3003-4523,https://thehalf-ebisu.com/,thehalf-ebisu.com,108,,,"アロマ,オイル,リンパ,ホットオイル,ワンルーム,完全個室,キャッシュレス,ネット予約",/uploads/shop-0000012e9b-685e2fdc28ab6.jpg,esthe-ranking,2026-02-08 02:50:10,2026-02-08 02:50:10
14,4ac9c91b-03af-49b2-ba3d-d4aae623bc8d,神のエステ,,メンエス,店舗,恵比寿駅東口徒歩3分,12:00～翌 05:00,,16000,80,090-2906-7403,https://www.kamipannoesthe.com/,kamipannoesthe.com,283,,,"アロマ,オイル,キャッシュレス",/uploads/shop-00000088ed-6826cd4fb4c52.png,esthe-ranking,2026-02-08 02:50:13,2026-02-08 02:50:13
15,a2bf9a66-55d6-4ddb-a9e8-95b1e4f36e9d,POSEIDON（ポセイドン）恵比寿・中目黒・広尾,ポセイドン,メンエス,店舗,恵比寿駅・広尾駅・中目黒駅,13:00～翌 05:00,12:00～翌4:00,21000,60,070-2467-0919,https://aroma-poseidon.com/,aroma-poseidon.com,71,,,"アロマ,オイル,リンパ,ホットオイル,Wセラピ,コスプレ,ワンルーム,完全個室,キャッシュレス,ネット予約",/uploads/shop-0000012804-6822910374344.jpg,esthe-ranking,2026-02-08 02:50:16,2026-02-08 02:50:16
16,20abbd9e-c182-427b-afb9-87969e07a809,SAUDADE TOKYO 恵比寿ルーム,,メンエス,店舗,恵比寿駅,10:00～翌 05:00,,14000,60,03-6823-8411,https://saudade-tokyo.com/,saudade-tokyo.com,45,,,"アロマ,オイル,リンパ,パウダー,ホットオイル,コスプレ,ワンルーム,完全個室,キャッシュレス,領収書",/uploads/shop-000000af3e-667226ebe9004.jpg,esthe-ranking,2026-02-08 02:50:19,2026-02-08 02:50:19
17,b1768b12-bfbf-4a3c-8c8f-119e36475f23,Aroma Blossom（アロマブラッサム）中目黒・恵比寿店,アロマブラッサム,メンエス,店舗,中目黒駅・恵比寿駅,09:00～翌 05:00,8:30～翌3:00,12000,60,03-6451-2285,https://aroma-blossom.com/,aroma-blossom.com,211,,,"アロマ,オイル,リンパ,パウダー,キャッシュレス,領収書,ネット予約",/uploads/shop-aromablossomnakame-61150eecb06dd.jpg,esthe-ranking,2026-02-08 02:50:22,2026-02-08 02:50:22
18,101cfb45-b6d6-49f0-a520-ceefa8399508,Gran Matom（グランマトム）恵比寿,グランマトム,メンエス,店舗,恵比寿駅東口徒歩1分,10:00～翌 06:00,9:00～LAST,14000,60,090-8817-3000,https://matom.net/,matom.net,40,,,"アロマ,オイル,リンパ,ホットオイル,ワンルーム,完全個室,キャッシュレス,ネット予約",/uploads/shop-000000a688-6976fecc42313.jpg,esthe-ranking,2026-02-08 02:50:25,2026-02-08 02:50:25
19,b44e2367-4edf-4fed-8947-da2dcbd10174,SWEET MIST恵比寿・広尾ルーム,,メンエス,店舗,恵比寿駅・広尾駅,11:00～翌 05:00,,16000,90,050-3627-7030,https://sweet-mist.tokyo/,sweet-mist.tokyo,67,,,"アロマ,オイル,リンパ,パウダー,ホイップ,ワンルーム,完全個室,ネット予約",/uploads/shop-0000005eda-671f190bd6064.jpg,esthe-ranking,2026-02-08 02:50:28,2026-02-08 02:50:28
20,bcd2bc9c-a4d1-447a-8e4e-6afbd2439c36,AROMANI（アロマーニ）恵比寿,アロマーニ,メンエス,店舗,恵比寿駅・広尾駅,12:00～翌 05:00,,18000,90,070-8576-7551,https://aromani-official.com/,aromani-official.com,21,,,"アロマ,オイル,リンパ,ロミロミ,リフレ,足裏,ホイップ,フェイシャル,ストレッチ,コスプレ,ワンルーム,完全個室,ネット予約",/uploads/shop-0000013735-68f878069bbf8.jpg,esthe-ranking,2026-02-08 02:50:31,2026-02-08 02:50:31
21,d7e6d5a4-b4f4-4719-9395-2e592d95d4b7,AQUA（アクア）中目黒・恵比寿店,アクア,メンエス,店舗,中目黒駅・恵比寿駅,09:00～翌 05:00,8:30～翌3:00,12000,60,03-6451-2728,https://www.nakameguro-aqua.com/,nakameguro-aqua.com,150,,,"アロマ,オイル,リンパ,パウダー,キャッシュレス,領収書,ネット予約",/uploads/shop-aquanakame-61f2e4c135cdc.jpg,esthe-ranking,2026-02-08 02:50:34,2026-02-08 02:50:34
22,225d9d5c-d22a-45f8-b855-af1f0b6ce0eb,ANAICHI（あないち）恵比寿 ・中目黒店,,メンエス,店舗,恵比寿駅徒歩1分・中目黒駅徒歩2分,11:00～翌 05:00,,16000,90,080-9604-1347,https://www.anaichi-este.com/,anaichi-este.com,94,,,"オイル,リンパ,パウダー,ホットオイル,ワンルーム,完全個室",/uploads/shop-000000672e-67e2134708e1a.jpg,esthe-ranking,2026-02-08 02:50:38,2026-02-08 02:50:38
23,98a3f10b-931e-4230-b333-3b8f160b1149,SPA Real（レアル）中目黒・恵比寿,レアル,メンエス,店舗,中目黒駅・恵比寿駅,10:00～翌 05:00,,16000,90,050-5838-3413,https://spa-real.com/,spa-real.com,52,,,"オイル,ホットオイル,ワンルーム,完全個室,ネット予約",/uploads/shop-000001366f-69659849a141b.jpg,esthe-ranking,2026-02-08 02:50:40,2026-02-08 02:50:40
24,ef939957-3511-48c0-854e-46e283787ae8,東京【アロマモア】恵比寿店,,メンエス,店舗,恵比寿駅徒歩3分,10:00～翌 05:00,,15000,75,03-6457-8322,https://aromamore.tokyo/,aromamore.tokyo,129,,,"アロマ,オイル,リンパ,ホイップ,ホットオイル,ワンルーム,完全個室",/uploads/shop-aromamoreebisu-60054192cd8bb.png,esthe-ranking,2026-02-08 02:50:45,2026-02-08 02:50:45
25,0c6c4046-86d4-4f09-8821-aebee8ca148c,アロマプリメーラ,,メンエス,店舗,恵比寿駅徒歩4分,12:00～翌 05:00,,13000,60,050-3701-3908,https://www.aroma-primera.com/,aroma-primera.com,20,,,"アロマ,オイル,リンパ,ホットオイル,ワンルーム,完全個室,領収書,ネット予約",/uploads/shop-0000007004-689aa9bc28d95.jpg,esthe-ranking,2026-02-08 02:50:47,2026-02-08 02:50:47
26,d0025506-3f70-40bc-99e4-dda726d6bfe2,大人の隠れ家 恵比寿店,,メンエス,店舗,恵比寿駅徒歩6分,12:00～LAST,11:00〜,18000,90,070-4700-3329,https://www.otonakakurega.com/,otonakakurega.com,60,,,"オイル,完全個室,ネット予約",/uploads/shop-0000005203-68525a10ef1b9.jpg,esthe-ranking,2026-02-08 02:50:49,2026-02-08 02:50:49
27,291e2b4a-3cf5-4716-9bad-f2d66a61a78b,メンエスのお姉さん 恵比寿ルーム,,メンエス,店舗,恵比寿駅,11:00～LAST,,17000,60,080-7113-8162,https://menes-no-onesan.com/,menes-no-onesan.com,33,,,"オイル,ネット予約",/uploads/shop-0000012cfd-684a80b54671d.jpg,esthe-ranking,2026-02-08 02:50:50,2026-02-08 02:50:50
28,0bd8f059-e0fc-47ba-b2b2-fa75e1655477,MoMo Spa（モモスパ） 恵比寿・中目黒店,モモスパ,メンエス,店舗,中目黒駅徒歩3分・恵比寿駅徒歩5分,12:00～翌 05:00,11:30～翌3:00,16000,70,03-6303-0701,https://www.momospa.tokyo/,momospa.tokyo,41,,,"アロマ,オイル,リンパ,ホットオイル,完全個室,領収書",/uploads/shop-0000007eed-694672f04f7c2.jpg,esthe-ranking,2026-02-08 02:50:51,2026-02-08 02:50:51
29,ca8401d6-e5ac-4118-813e-83a1dda202ee,Hawaii Spa 恵比寿（ハワイ スパ）,,アジアン,店舗,恵比寿駅西口徒歩3分,12:00～LAST,,6000,40,080-2899-9032,http://menes-hawaii.com/,menes-hawaii.com,56,,,"アロマ,オイル,リンパ,パウダー,ヘッド,足裏,洗体,Wセラピ,完全個室",/uploads/shop-0000010141-676a052a75a22.jpg,esthe-ranking,2026-02-08 02:50:55,2026-02-08 02:50:55
30,8bd915d2-9847-40fb-a478-c9b85b56fd4d,LIORA（リオラ）恵比寿ルーム,リオラ,メンエス,店舗,恵比寿駅東口,10:00～翌 05:00,,15000,70,070-5375-5082,https://liora2024.com/,liora2024.com,62,,,"オイル,リンパ,ホイップ,ホットオイル,ワンルーム,キャッシュレス",/uploads/shop-0000012d50-69781b147f9b0.jpg,esthe-ranking,2026-02-08 02:50:56,2026-02-08 02:50:56
31,873bf96b-ad84-42ef-bd7a-0d193d3b2cc6,恵比寿 Carinna（カリナ）,カリナ,メンエス,店舗,恵比寿駅徒歩1分,10:00～翌 05:00,9:30〜翌3:50,14000,70,070-9123-2159,https://carinna-ebisu.com/,carinna-ebisu.com,98,,,"アロマ,オイル,リンパ,ワンルーム,キャッシュレス,ネット予約",/uploads/shop-00000110fb-67407ee8b0e33.jpg,esthe-ranking,2026-02-08 02:50:58,2026-02-08 02:50:58
32,dd60f688-9df8-449e-8934-0e114577fca0,shake spa 中目黒ルーム,,メンエス,店舗,中目黒駅,12:00～翌 05:00,,8000,30,070-8560-8796,https://www.shakespa-omori.com/,shakespa-omori.com,24,,,"オイル,リンパ,Wセラピ,ネット予約",/uploads/shop-0000011353-67e2169741ba5.jpg,esthe-ranking,2026-02-08 02:50:59,2026-02-08 02:50:59
33,21981139-2e3b-4b44-9e07-f00c811fc952,JDスパ～女子大生エステ～恵比寿・代官山,,メンエス,店舗,恵比寿駅徒歩5分,11:00～翌 06:00,,14000,70,070-8598-0485,https://www.jd-spa.com/,jd-spa.com,296,,,"アロマ,オイル,リンパ,ホットオイル,ワンルーム,完全個室,キャッシュレス,ネット予約",/uploads/shop-0000013377-68dcf517988d5.jpg,esthe-ranking,2026-02-08 02:51:01,2026-02-08 02:51:01
34,2e28c262-3c42-4e40-99f9-8138499c9259,ダイヤモンドラヴィエ〜La vie et〜恵比寿ルーム,,メンエス,店舗,恵比寿駅,07:00～翌 06:00,,30000,90,050-5536-1028,http://esthe-lavieet.tokyo/,esthe-lavieet.tokyo,79,,,"アロマ,オイル,リンパ,ネット予約",/uploads/shop-000000cecb-6969e12f4e3db.jpg,esthe-ranking,2026-02-08 02:51:02,2026-02-08 02:51:02
35,7a0cfb6a-cdb2-40bf-807c-be1afd7e01b3,桜満開 リラクゼーション,,アジアン,店舗,恵比寿駅西口徒歩3分,11:00～翌 02:00,,10000,70,080-6725-3353,http://sakuram.jpest.net/,sakuram.jpest.net,11,,,"アロマ,オイル,リンパ,パウダー,洗体,ストレッチ,アカスリ,完全個室",/uploads/shop-0000006be3-63d7685c81256.jpg,esthe-ranking,2026-02-08 02:51:04,2026-02-08 02:51:04
36,dc58d1b3-2887-415f-8f02-936448722f19,lunalatte（ルナラテ）恵比寿ルーム,ルナラテ,メンエス,店舗,恵比寿駅東口徒歩3分,10:00～翌 05:00,,17000,70,070-6949-3388,https://lunalatte-esthe.com/,lunalatte-esthe.com,33,,,"アロマ,オイル,リンパ,ホットオイル,ワンルーム,完全個室,キャッシュレス,ネット予約",/uploads/shop-0000012629-680ae91f3824e.jpg,esthe-ranking,2026-02-08 02:51:05,2026-02-08 02:51:05
37,e940c7a7-448b-43df-80cd-75f93d1f2848,Organic SPA（オーガニックスパ）,オーガニックスパ,メンエス,店舗,恵比寿駅・中目黒駅,11:00～翌 03:00,10:00～翌1:00,12000,60,080-4445-7771,https://organicspa.jp/,organicspa.jp,36,,,"アロマ,オイル,リンパ,ヘッド,ホットオイル,ストレッチ,ワンルーム,完全個室,領収書",/uploads/shop-0000001073-67f7868c3667b.jpg,esthe-ranking,2026-02-08 02:51:06,2026-02-08 02:51:06
38,1e58998b-f7e3-4ff3-8249-c790d5962061,AromaEmerald～アロマエメラルド～,,メンエス,店舗,恵比寿駅,10:00～翌 06:00,9:00～翌4:30,16000,70,090-2004-9681,https://a-emerald.com/,a-emerald.com,114,,,"アロマ,オイル,リンパ,ホットオイル,ワンルーム,完全個室,キャッシュレス",/uploads/shop-000000f4d3-684d5a44920ee.jpg,esthe-ranking,2026-02-08 02:51:07,2026-02-08 02:51:07
39,261ff4c7-941d-420e-960e-9ea4dbaa249a,BELLA SPA（ベラスパ）恵比寿Room,ベラスパ,メンエス,店舗,恵比寿駅徒歩3分,11:30～翌 02:30,,18000,70,080-7997-3771,https://bella-spa-esthe.com/,bella-spa-esthe.com,4,,,"アロマ,オイル,リンパ,完全個室",/uploads/shop-000000bd74-66591f0b95e8b.jpg,esthe-ranking,2026-02-08 02:51:08,2026-02-08 02:51:08
40,71c2e400-9b0b-46f2-833b-2f56980fc9ca,ブルーダイヤモンド 恵比寿ルーム,,メンエス,店舗,恵比寿駅徒歩4分,10:00～翌 06:00,,30000,90,050-5527-2197,http://esthe-blue-diamond.com/,esthe-blue-diamond.com,72,,,"オイル,キャッシュレス,ネット予約",/uploads/shop-0000009cf2-695c76f5135de.jpg,esthe-ranking,2026-02-08 02:51:08,2026-02-08 02:51:08
41,f5c6c809-bd22-471f-a2a0-c356908d58cc,MARVEL 離れ,,メンエス,店舗,広尾駅徒歩7分,11:00～翌 02:00,,25000,90,070-1397-0096,https://marvel-salon.jp/,marvel-salon.jp,15,,,"アロマ,オイル,リンパ,パウダー,ホットオイル,Wセラピ,ワンルーム,完全個室,キャッシュレス",/uploads/shop-000000cfdd-64c0ab5e6d53e.jpg,esthe-ranking,2026-02-08 02:51:09,2026-02-08 02:51:09
42,19b5f6d3-1349-4505-9f4f-7f2cf0814804,ホワイトティアラ,,メンエス,店舗,恵比寿駅,10:00～翌 05:00,9:00〜翌3:30,11000,60,080-5485-0077,https://white-tiara.com/,white-tiara.com,5,,,"オイル,リンパ,ヘッド,ホットオイル,ホットストーン,ネット予約",/uploads/shop-0000014230-6943906bacb92.jpg,esthe-ranking,2026-02-08 02:51:10,2026-02-08 02:51:10
43,4b38733d-e038-41f1-8efb-15b1d9c78fd8,激安の殿堂！奥様ホーテ♡ 恵比寿・代官山ルーム,,メンエス,店舗,恵比寿駅・代官山駅,10:00～翌 05:00,,20000,90,050-5527-2222,http://okusamahote.com/,okusamahote.com,11,,,"オイル,リンパ,ネット予約",/uploads/shop-000001455c-696dcb895569f.jpg,esthe-ranking,2026-02-08 02:51:11,2026-02-08 02:51:11
44,b3c23094-d2a1-483c-8706-7aedcf86137b,Tokyo connection,,メンエス,店舗,恵比寿駅,24時間営業,,27000,60,070-1597-7375,https://connection-tokyo.com/,connection-tokyo.com,19,,,"オイル,リンパ,ホットオイル,24時間",/uploads/shop-0000013ba6-68f5cb8d82da4.jpg,esthe-ranking,2026-02-08 02:51:12,2026-02-08 02:51:12
45,60899da7-2bd3-4011-a355-3e7173665bc3,聖人のエステ,,メンエス,店舗,中目黒駅徒歩5分,11:00～翌 05:00,,13000,70,050-2030-7779,https://seijinnoesthe.com/,seijinnoesthe.com,287,,,"アロマ,オイル,リンパ,パウダー,ホットオイル,ワンルーム,完全個室,ネット予約",,esthe-ranking,2026-02-08 02:51:13,2026-02-08 02:51:13
46,46a4bd1a-ebb8-481f-bfd6-59d538826d8f,恵比寿コマダム倶楽部,,メンエス,店舗,恵比寿駅・中目黒駅・代官山駅,24時間営業,,20000,90,050-5444-2342,http://ebis-komadame.net/,ebis-komadame.net,101,,,"アロマ,オイル,24時間,ネット予約",,esthe-ranking,2026-02-08 02:51:13,2026-02-08 02:51:13
47,7ed662ac-593d-446c-9706-35709618f44f,LIEN（リアン）,リアン,メンエス,店舗,恵比寿駅徒歩3分・中目黒駅徒歩3分,24時間営業,,12000,60,050-5527-2192,https://www.lien-tokyo.com/,lien-tokyo.com,265,,,"アロマ,オイル,ワンルーム,完全個室,24時間,キャッシュレス,ネット予約",,esthe-ranking,2026-02-08 02:51:14,2026-02-08 02:51:14
48,8e863fad-7540-40b8-81ef-6f9bf5338b78,東京セレブ美魔女倶楽部 恵比寿ルーム,,メンエス,店舗,恵比寿駅,08:00～翌 06:00,,28000,90,050-5527-2214,http://celeb-bimajo.com/,celeb-bimajo.com,110,,,"オイル,キャッシュレス,ネット予約",,esthe-ranking,2026-02-08 02:51:15,2026-02-08 02:51:15
49,d50bb68a-a02e-4c3e-8128-65261be5fe47,ALL+PLUS 恵比寿ROOM,,メンエス,店舗,恵比寿駅西口徒歩3分,10:00～翌 05:00,,18000,70,070-5079-2372,https://o-plus.site/,o-plus.site,60,,,"オイル,リンパ,ホイップ,ネット予約",,esthe-ranking,2026-02-08 02:51:16,2026-02-08 02:51:16
50,ceb33552-937c-444f-8253-0f939632d10c,MASERATI（マセラティ）恵比寿ルーム・中目黒ルーム,マセラティ,メンエス,店舗,恵比寿駅・中目黒駅,10:00～翌 05:00,,30000,90,050-5527-2193,http://esthe-maserati-ginza.com/,esthe-maserati-ginza.com,84,,,"アロマ,オイル,ネット予約",,esthe-ranking,2026-02-08 02:51:17,2026-02-08 02:51:17
51,cec3b22b-48d1-4b71-81be-d6b3ba3d8b13,恵比寿フラワー,,メンエス,店舗,恵比寿駅・中目黒駅,10:00～翌 05:00,,15000,60,050-5527-2213,http://ebis-flower.com/,ebis-flower.com,69,,,"オイル,キャッシュレス,ネット予約",,esthe-ranking,2026-02-08 02:51:18,2026-02-08 02:51:18
52,cea08c76-bdef-4a5b-9a8e-6b6cb4fcd85a,銀座セレブ 信子 恵比寿ルーム,,メンエス,店舗,恵比寿駅,07:00～翌 05:00,,30000,90,050-5527-2198,http://ginza-nobuko.com/,ginza-nobuko.com,50,,,"オイル,キャッシュレス,ネット予約",,esthe-ranking,2026-02-08 02:51:19,2026-02-08 02:51:19
53,33da8079-0d7d-48ee-a516-4db42cbad46e,ラヴィット 恵比寿ルーム,,メンエス,店舗,恵比寿駅徒歩5分,10:00～翌 05:00,,15000,60,070-8557-8190,https://loveit.love/,loveit.love,34,,,"アロマ,オイル,リンパ,パウダー,ホットオイル,ワンルーム,完全個室,キャッシュレス,領収書,ネット予約",,esthe-ranking,2026-02-08 02:51:20,2026-02-08 02:51:20
54,e91ce5e1-9b81-4cd6-802d-e6f948c70859,CLUBマリア 恵比寿ルーム,,メンエス,店舗,恵比寿駅徒歩10分,07:00～翌 06:00,,30000,90,050-5527-2196,http://clubmaria-ginza.com/,clubmaria-ginza.com,51,,,"アロマ,オイル,ネット予約",,esthe-ranking,2026-02-08 02:51:21,2026-02-08 02:51:21
55,b1ea77f9-4465-4c8e-b000-eecaf4a7c455,Belle lily（ベルリリー）恵比寿ルーム,ベルリリー,メンエス,店舗,恵比寿駅徒歩5分,10:00～翌 06:00,,18000,90,080-7474-8489,https://shibuya-belle-lily.com/,shibuya-belle-lily.com,57,,,"アロマ,オイル,リンパ,パウダー,ホットオイル,ワンルーム,完全個室",,esthe-ranking,2026-02-08 02:51:22,2026-02-08 02:51:22
56,278032c1-ab94-49e8-92ed-7fe87f4c3f3e,大人のやすらぎSPA 恵比寿,,メンエス,店舗,恵比寿駅徒歩3分,10:00～22:00,,17000,90,03-6456-2757,https://www.otonaspa-tokyo.com/,otonaspa-tokyo.com,49,,,"オイル,完全個室,キャッシュレス",,esthe-ranking,2026-02-08 02:51:24,2026-02-08 02:51:24
57,ce9e2773-599a-4c36-b676-42c3acf6e8a8,DAHLIA（ダリア）恵比寿ルーム,ダリア,メンエス,店舗,恵比寿駅徒歩6分,11:00～翌 05:00,9:00〜翌3:00,15000,70,03-6277-0252,https://gotandadahlia.com/,gotandadahlia.com,45,,,"オイル,リンパ,ホットオイル,ワンルーム,完全個室,キャッシュレス,領収書",,esthe-ranking,2026-02-08 02:51:26,2026-02-08 02:51:26
58,fef0971c-736c-4689-ad1e-c3c426b26804,LUXEセレスティンアロマージュ 恵比寿,,メンエス,店舗,恵比寿駅,10:00～翌 05:00,,20000,60,050-5527-2220,http://celesthine-aromage.tokyo/,celesthine-aromage.tokyo,93,,,オイル,,esthe-ranking,2026-02-08 02:51:28,2026-02-08 02:51:28
59,3d6a881c-597f-4f98-acf0-86b822dd35ef,激安の殿堂！お姉さまホーテ♡ 恵比寿ルーム,,メンエス,店舗,恵比寿駅,10:00～翌 05:00,,8000,90,050-5536-1027,http://onesamahote.tokyo/,onesamahote.tokyo,45,,,"アロマ,オイル,キャッシュレス",,esthe-ranking,2026-02-08 02:51:30,2026-02-08 02:51:30
60,50582c50-8d59-4cab-b20c-09e10f5a1ab0,AROMA エルメス,,メンエス,店舗,恵比寿駅,11:00～翌 05:00,,20000,60,050-5527-2233,http://aromahermes.com/,aromahermes.com,29,,,"アロマ,オイル,ネット予約",,esthe-ranking,2026-02-08 02:51:32,2026-02-08 02:51:32
61,a5f70fd3-110c-4ab5-ab68-f7e7b25ae64b,AromaLys恵比寿,,メンエス,店舗,恵比寿駅,11:30～23:30,11:00～22:00,13000,60,03-6432-5733,https://mens-esute.jp/,mens-esute.jp,20,,,"オイル,リンパ,完全個室,キャッシュレス",,esthe-ranking,2026-02-08 02:51:35,2026-02-08 02:51:35
62,fbf3ff27-0f4b-4d8f-96e1-104898ceebc6,中目黒グレース～GRACE～,,メンエス,店舗,中目黒駅徒歩2分,10:00～翌 05:00,,14000,60,070-3316-0101,https://grace-meguro.com/,grace-meguro.com,12,,,"アロマ,オイル,リンパ,ホットオイル,ワンルーム,完全個室,キャッシュレス,ネット予約",,esthe-ranking,2026-02-08 02:51:36,2026-02-08 02:51:36
63,a6dd3ae6-bff0-4bac-a1ec-4de4a268efb4,B-QINS（ビークインズ）中目黒店,ビークインズ,メンエス,店舗,中目黒駅南口,12:00～翌 05:00,11:00～,14000,60,070-7519-7781,http://bqins.jp/,bqins.jp,18,,,"オイル,リンパ,完全個室,キャッシュレス",,esthe-ranking,2026-02-08 02:51:38,2026-02-08 02:51:38
64,ab692482-d923-4e3a-abcf-b7b032dd6365,小悪魔Spa Tokyo 恵比寿ルーム,,メンエス,店舗,恵比寿駅,11:00～翌 05:00,10:00～翌4:00,14000,60,050-5491-2646,https://mens-esthe-aroma.site/,mens-esthe-aroma.site,28,,,"オイル,ホットオイル",,esthe-ranking,2026-02-08 02:51:41,2026-02-08 02:51:41
65,a1a469e5-8fa6-4f66-a657-f33b7b9d8bf6,TOKYOエステ,,メンエス,店舗,中目黒駅,11:00～翌 03:00,,18000,90,070-9095-5582,https://www.tokyoesthe.tokyo/,tokyoesthe.tokyo,10,,,"アロマ,オイル",,esthe-ranking,2026-02-08 02:51:43,2026-02-08 02:51:43
66,532ef5a7-cb9e-4076-a516-a3e5391501f0,aroma vicca（アロマヴィッカ）,アロマヴィッカ,メンエス,店舗,恵比寿駅東口徒歩5分,09:30～翌 05:00,,12000,60,080-3605-0128,https://aromavicca.net/,aromavicca.net,19,,,"アロマ,オイル,タイ式,ロミロミ,ヘッド,ホットオイル,ホットストーン,ストレッチ,Wセラピ,脱毛,ワンルーム,完全個室,キャッシュレス",,esthe-ranking,2026-02-08 02:51:45,2026-02-08 02:51:45
67,91ea7d89-39a6-4ef9-9d1c-ade57e974606,Lino Ebisu（リノエビス）,リノエビス,メンエス,店舗,恵比寿駅西口徒歩2分,12:00～翌 02:00,,19000,90,070-1239-7788,https://www.linoebisu.com/,linoebisu.com,13,,,オイル,,esthe-ranking,2026-02-08 02:51:46,2026-02-08 02:51:46
68,b970b985-c2fe-4462-a1d6-f52f71222a6d,emoSPA（エモスパ）,エモスパ,メンエス,店舗,恵比寿駅徒歩2分,12:00～翌 05:00,,18000,90,080-4800-8598,https://t5h.info/emospa02,t5h.info,12,,,"オイル,リンパ,パウダー,ホイップ,キャッシュレス",,esthe-ranking,2026-02-08 02:51:49,2026-02-08 02:51:49
69,5dfd95b8-1d0f-49bc-a2a5-e6ebd672ce1a,&LS（アンドルクス）,アンドルクス,メンエス,店舗,恵比寿駅,11:00～翌 04:30,,16000,70,070-1531-6554,https://andls-salon.com/,andls-salon.com,5,,,"オイル,リンパ,パウダー,ヘッド,足裏,ホットオイル,フェイシャル,ストレッチ,脱毛,ワンルーム,完全個室,キャッシュレス,領収書",,esthe-ranking,2026-02-08 02:51:51,2026-02-08 02:51:51
70,54d910e2-1f9c-4288-9eba-680fbef3c000,Candy Spa（キャンディースパ） 恵比寿,キャンディースパ,メンエス,店舗,恵比寿駅,11:00～翌 05:00,10:00～翌3:00,16000,60,080-9524-4727,https://candy-s-candy.men-es.jp/,candy-s-candy.men-es.jp,12,,,"アロマ,オイル,リンパ,パウダー,ヘッド,コスプレ,キャッシュレス",,esthe-ranking,2026-02-08 02:51:53,2026-02-08 02:51:53
71,eee746a7-ae26-4dc9-b9f6-52549339decd,MaroAri TAHHA（マロアリ・タッハ） 中目黒店,マロアリ・タッハ,メンエス,店舗,中目黒駅徒歩5分,11:00～翌 05:00,10:30～翌3:30,18000,90,070-4306-2343,https://tahha.tokyo/,tahha.tokyo,11,,,オイル,,esthe-ranking,2026-02-08 02:51:56,2026-02-08 02:51:56
72,230bcf75-3aa2-4d13-afe4-ed3bd3a54bc9,恵比寿フェラーリ,,メンエス,店舗,恵比寿駅徒歩5分,10:00～翌 05:00,,28000,90,050-5527-2200,http://ebis-ferrari.com/,ebis-ferrari.com,4,,,オイル,,esthe-ranking,2026-02-08 02:51:58,2026-02-08 02:51:58
73,e661ccde-f169-4a7c-9b32-e2a002b6d0e8,EMPRESS,,メンエス,店舗,恵比寿駅,12:00～24:00,11:00～23:00,14000,60,070-8943-8684,https://empress-ebisu.net/,empress-ebisu.net,4,,,"オイル,リンパ,ホットオイル,キャッシュレス",,esthe-ranking,2026-02-08 02:52:00,2026-02-08 02:52:00
74,5092e3ea-1599-4755-9d68-4b341cc4e541,VIXIE（ヴィクシー）,ヴィクシー,メンエス,店舗,薬院駅・西鉄平尾駅,12:00～翌 03:00,11:00~,9000,70,080-5272-7771,http://www.aroma-vixie.com/,aroma-vixie.com,34,,,"アロマ,オイル,耳かき",/uploads/shop-0000004987-661737fb3f6c8.jpg,esthe-ranking,2026-02-08 02:52:09,2026-02-08 02:52:09
75,540691d6-4803-43de-b6ca-5faeac00e481,出張専門博多ロイヤルクラス,,メンエス,,博多発〜,10:00～LAST,,15000,70,090-7046-6462,https://royalclass.esthe-hp.com/,royalclass.esthe-hp.com,31,,,"アロマ,オイル,Wセラピ,キャッシュレス,領収書,ネット予約",/uploads/shop-00000090ca-68df5a776e710.jpg,esthe-ranking,2026-02-08 02:52:10,2026-02-08 02:52:10
76,93ef1b06-3503-41cd-918a-cfe94e2edddf,AROMA SKY（アロマスカイ）,アロマスカイ,メンエス,店舗,博多駅・中洲川端駅,10:00～翌 04:00,,10000,70,090-8298-4321,https://ranking-deli.jp/mensesthe/shop/19846/?ofc=1,ranking-deli.jp,57,,,"アロマ,オイル",/uploads/shop-aromaxgelato-613ab215b016e.jpg,esthe-ranking,2026-02-08 02:52:12,2026-02-08 02:52:12
77,c5030535-1530-4135-8a8e-977ef1395e60,花姬,,アジアン,店舗,博多駅,24時間営業,,3000,30,070-8570-6517,http://hanahime.sh-gqa.tokyo/,hanahime.sh-gqa.tokyo,16,,,"アロマ,オイル,リンパ,パウダー,洗体,24時間",/uploads/shop-0000014719-6982ecf939f3d.jpg,esthe-ranking,2026-02-08 02:52:17,2026-02-08 02:52:17
78,b96fc8b7-e72d-4afd-98ee-e4d6756a191d,スペシャリストサロン G360°,,メンエス,店舗,博多駅,10:00～翌 03:00,,7000,40,090-1019-3600,https://fukuoka-360g.com/,fukuoka-360g.com,16,,,"オイル,キャッシュレス,ネット予約",/uploads/shop-0000011af9-67da58f71c138.jpg,esthe-ranking,2026-02-08 02:52:19,2026-02-08 02:52:19
79,11bb14bf-fa12-44fd-8c12-2b3111b793a1,MOTHERS,,メンエス,店舗,博多駅,11:00～LAST,,10000,70,070-7777-0896,https://mothers-hakata.com/,mothers-hakata.com,59,,,"オイル,リンパ,キャッシュレス",/uploads/shop-000000cf8b-650ab6468f530.jpg,esthe-ranking,2026-02-08 02:52:20,2026-02-08 02:52:20
80,f5543268-79ff-4810-917d-2cf69918c9b6,最高級メンズアロマ ミザーニ,,メンエス,店舗,博多駅,11:00～翌 03:00,,12000,75,090-6428-0051,http://www.aroma-mizani.com/,aroma-mizani.com,30,,,"アロマ,オイル,ネット予約",/uploads/shop-mizani-62507ff476005.jpg,esthe-ranking,2026-02-08 02:52:23,2026-02-08 02:52:23
81,da41a97c-c168-4b59-ac54-6a846bb3657a,金魚グループ,,メンエス,店舗,西鉄平尾駅,11:00～翌 05:00,,10000,70,080-4310-3203,https://kingyo.aromaesthe.co.jp/,kingyo.aromaesthe.co.jp,33,,,"アロマ,オイル",/uploads/shop-0000000d17-6655804f472d6.jpg,esthe-ranking,2026-02-08 02:52:24,2026-02-08 02:52:24
82,0a330610-c9a3-451e-99c6-2cb0c49c3fd0,博多メンズエステ ジラフ,,メンエス,店舗,博多駅,11:00～翌 05:00,,10000,60,090-8839-7973,https://h-weather.com/,h-weather.com,54,,,"オイル,リンパ,コスプレ,キャッシュレス",/uploads/shop-000001338f-689e989f4b70e.jpg,esthe-ranking,2026-02-08 02:52:27,2026-02-08 02:52:27
83,b56d65bc-3a33-4799-b3fd-5b676566cfd3,Mrs.Deep SPA博多（ディープスパ）,ディープスパ,メンエス,店舗,博多駅,11:00～翌 05:00,,12000,70,080-4637-9670,https://deep-spa.net/,deep-spa.net,92,,,"オイル,ネット予約",/uploads/shop-0000011ae7-6949f9b7bbd0c.jpg,esthe-ranking,2026-02-08 02:52:28,2026-02-08 02:52:28
84,738fc1d0-8743-440c-8e8f-97bd56e2bb1a,AROMA-May-,,メンエス,店舗,博多駅,11:00～翌 05:00,,10000,70,090-8590-0063,https://agito-official.com/,agito-official.com,95,,,"アロマ,オイル,リンパ,パウダー,コスプレ,ネット予約",/uploads/shop-000000edfd-6678d3d7c48b5.jpg,esthe-ranking,2026-02-08 02:52:30,2026-02-08 02:52:30
85,b50413e5-7789-46b6-8a95-6b7b93431926,セクシーローズ,,アジアン,店舗,博多駅徒歩4分,10:00～翌 04:00,,3000,30,090-9485-5777,https://ranking-deli.jp/mensesthe/shop/16497/,ranking-deli.jp,8,,,"オイル,リンパ,パウダー,ヘッド,足裏,耳かき",/uploads/shop-000000e063-68391b983e2ce.jpg,esthe-ranking,2026-02-08 02:52:32,2026-02-08 02:52:32
86,a5955aed-7522-40e1-902c-25db466b1b78,Ra Makariôs（ラーマカリオス）,ラーマカリオス,メンエス,店舗,博多駅,11:00～翌 03:00,10:00～翌1:00,9000,80,080-4272-1100,http://ra-makarios.com/,ra-makarios.com,23,,,"アロマ,オイル,リンパ,コスプレ,ワンルーム,完全個室",/uploads/shop-makarios-612ec58b9117c.jpg,esthe-ranking,2026-02-08 02:52:34,2026-02-08 02:52:34
87,b1ab7665-8716-47ec-8a9a-a3cf778d4bb5,博多モエリー,,メンエス,店舗,博多駅,10:00～翌 05:00,,10000,75,070-7798-0777,https://hakatamoery.com/,hakatamoery.com,50,,,"アロマ,オイル,キャッシュレス,ネット予約",/uploads/shop-00000101dc-6736ace2887cf.jpg,esthe-ranking,2026-02-08 02:52:36,2026-02-08 02:52:36
88,1678d8fc-a923-4ef3-9b0c-3e43af41d354,Aillis（アイリス）,アイリス,メンエス,店舗,博多駅・祇園駅,10:00～翌 05:00,,10000,70,070-8522-7973,https://relaxation-spa-aillis.com/,relaxation-spa-aillis.com,110,,,"オイル,リンパ,ホットオイル,コスプレ,ワンルーム,完全個室",/uploads/shop-00000136b3-68e854c652565.jpg,esthe-ranking,2026-02-08 02:52:37,2026-02-08 02:52:37
89,4d80e3a1-3d6d-4418-9dd5-5fe7e806c83d,Private Salon S,,メンエス,店舗,博多駅,10:00～翌 01:00,,10000,60,080-5678-0723,https://privatesaloon-s.men-este.com/,privatesaloon-s.men-este.com,23,,,"オイル,リンパ,パウダー",/uploads/shop-privatesaloonsmen-61fb2547d17a6.jpg,esthe-ranking,2026-02-08 02:52:39,2026-02-08 02:52:39
90,f196ee0d-a4cc-4fe8-9faf-9eb67355895b,OLアロマ Office Love（オフィスラブ）,オフィスラブ,メンエス,店舗,博多駅,11:00～LAST,,13000,70,080-3183-3157,https://office-love.net/,office-love.net,51,,,"アロマ,オイル,ネット予約",/uploads/shop-000001016e-6697292a02245.jpg,esthe-ranking,2026-02-08 02:52:40,2026-02-08 02:52:40
91,ddb00ed3-e2a8-4c17-933c-1b4910a8b67b,Empress（エンプレス）,エンプレス,メンエス,店舗,祇園駅・中洲川端駅,11:00～翌 04:00,,10000,70,090-1538-7407,https://ranking-deli.jp/mensesthe/shop/45146/?ofc=1,ranking-deli.jp,44,,,"オイル,リンパ,キャッシュレス,ネット予約",/uploads/shop-0000010ffb-6856373841eaa.png,esthe-ranking,2026-02-08 02:52:42,2026-02-08 02:52:42
92,853e3c55-c4e7-447d-8ce9-afbbb5b9066d,Angel Ace（エンジェルエース）,エンジェルエース,メンエス,店舗,中洲川端駅・天神南駅,10:00～翌 05:00,,12000,70,080-3957-0104,https://hakata-angelace.com/,hakata-angelace.com,52,,,"アロマ,オイル,リンパ,キャッシュレス,ネット予約",/uploads/shop-0000010e31-671891b55fc3c.jpg,esthe-ranking,2026-02-08 02:52:44,2026-02-08 02:52:44
93,6b317db3-2197-40bc-8e72-7b2e5f2e1b95,べトgirl,,アジアン,店舗,博多駅徒歩3分,09:00～LAST,,5000,40,050-6870-0627,http://t.sh-jre.tokyo/,t.sh-jre.tokyo,71,,,"オイル,ネット予約",/uploads/shop-0000011a71-6787015a5471b.jpg,esthe-ranking,2026-02-08 02:52:45,2026-02-08 02:52:45
94,d9bfa62c-1e4f-4306-9ecb-df567fead734,GC.AVANTI（GC.アバンティ）,,メンエス,店舗,博多駅,10:00～LAST,9:00～翌2:00,13000,60,090-7384-5027,https://green-chord.com/,green-chord.com,18,,,"オイル,リンパ",/uploads/shop-0000014547-696daed5a2b65.jpg,esthe-ranking,2026-02-08 02:52:47,2026-02-08 02:52:47
95,40c708f5-c0da-4e70-8da1-20115c3f78e9,Lupin（ルパン）,ルパン,メンエス,店舗,博多駅,11:00～翌 01:00,,8000,60,080-4288-2933,https://aroma-lupin.com/,aroma-lupin.com,26,,,"アロマ,オイル,ホットオイル,完全個室",/uploads/shop-0000005abf-69326021ce297.jpg,esthe-ranking,2026-02-08 02:52:49,2026-02-08 02:52:49
96,0eced213-8f8e-47f6-9b57-17b5f9b5d66d,Curtain Call（カーテンコール）,カーテンコール,メンエス,,博多発〜,09:00～翌 05:00,,11000,60,090-1209-7916,https://curtain-call.net/,curtain-call.net,38,,,"オイル,キャッシュレス,ネット予約",/uploads/shop-000000c931-67e573477c395.jpg,esthe-ranking,2026-02-08 02:52:51,2026-02-08 02:52:51
97,b680a946-5fe9-40bf-9cc2-2a17ef421d84,博多メンズエステ TORORO～トロロ～,,メンエス,店舗,渡辺通駅徒歩10分,09:00～翌 05:00,,10000,70,080-5289-2468,https://hakata-mens-salon-totoro.net/,hakata-mens-salon-totoro.net,42,,,"アロマ,オイル,リンパ,パウダー,キャッシュレス",/uploads/shop-000000655e-63e32badf3173.jpg,esthe-ranking,2026-02-08 02:52:53,2026-02-08 02:52:53
98,cfb7b568-1e62-4c04-b111-bebe30d70bcc,HIME SPA -ヒメスパ- 博多,,メンエス,店舗,博多駅,10:00～翌 05:00,,13000,70,080-1588-6994,https://hime-spa-hakata.com/,hime-spa-hakata.com,68,,,"アロマ,オイル,ネット予約",/uploads/shop-000001291e-68c8c04564569.jpg,esthe-ranking,2026-02-08 02:52:54,2026-02-08 02:52:54
99,01eac66d-e9e8-4301-9f7a-72c235d91b19,ティラミス,,アジアン,店舗,博多駅・天神駅・大濠公園駅,11:00～翌 02:00,,10000,70,050-6874-7565,http://ottrg.mensrelax.net/,ottrg.mensrelax.net,5,,,"オイル,リンパ,洗体",/uploads/shop-0000014699-697f10ddc2b34.jpg,esthe-ranking,2026-02-08 02:52:56,2026-02-08 02:52:56
100,6fb10634-084d-42cd-909c-72b642941637,出張専門ミセスフローレス博多・小倉,,メンエス,,博多発～,10:00～翌 03:00,,11000,70,090-3078-2237,https://www.aroma-flawless.com/,aroma-flawless.com,15,,,"アロマ,オイル,リンパ,パウダー,ヘッド,リフレ,足裏,フェイシャル,熟女",/uploads/shop-0000005f3e-6941f9b0cbd28.jpg,esthe-ranking,2026-02-08 02:52:58,2026-02-08 02:52:58
101,d8a30868-9ddc-4e78-962d-8ba2b59a77ba,フェアリーセレクション香椎駅店,,メンエス,店舗,香椎駅,10:00～LAST,,8000,40,080-9329-1955,https://fairyselection.com/,fairyselection.com,28,,,"アロマ,オイル,リンパ,Wセラピ",/uploads/shop-000001143f-6745614ae9620.jpg,esthe-ranking,2026-02-08 02:53:00,2026-02-08 02:53:00
102,38001e82-7ffa-4964-87f4-c6e0a67d79d2,AMAZE 香椎店,,メンエス,店舗,香椎駅,11:00～翌 04:00,,11000,70,070-6912-6393,https://ranking-deli.jp/mensesthe/shop/48574/,ranking-deli.jp,18,,,"オイル,ネット予約",/uploads/shop-0000013eb2-6916bec90714e.jpg,esthe-ranking,2026-02-08 02:53:01,2026-02-08 02:53:01
103,b73eb759-12f1-44c2-b657-8152055a0380,Venus（ヴィーナス）,ヴィーナス,メンエス,店舗,博多駅,10:00～翌 05:00,,11000,70,080-8903-1001,https://aroma-venus-fukuoka.com/,aroma-venus-fukuoka.com,41,,,"アロマ,オイル,ネット予約",/uploads/shop-000001350e-68f710635e168.jpg,esthe-ranking,2026-02-08 02:53:03,2026-02-08 02:53:03
104,72a4c4e3-4f60-4cca-b5af-e191582af0c1,博多 メンズエステ Aroma Legend（アロマレジェンド）,アロマレジェンド,メンエス,店舗,博多駅,10:00～翌 05:00,,11000,60,080-5917-4545,https://aromalegend-hakata.com/,aromalegend-hakata.com,43,,,"アロマ,オイル,ネット予約",/uploads/shop-0000010af5-690bf106543c3.jpg,esthe-ranking,2026-02-08 02:53:05,2026-02-08 02:53:05
105,7d371ade-cec0-41d7-af4c-8cfa580d87f1,××！サキュバスちゃん,,メンエス,店舗,博多駅,10:00～翌 04:00,,15000,70,080-2982-8595,https://ranking-deli.jp/mensesthe/shop/43936/?ofc=1,ranking-deli.jp,45,,,"アロマ,オイル,リンパ,パウダー,足裏,ホットオイル,ワンルーム,完全個室,キャッシュレス",/uploads/shop-0000010b99-672c607d2bfe4.jpg,esthe-ranking,2026-02-08 02:53:07,2026-02-08 02:53:07
106,b7224d67-6c60-4cd6-87d8-4a57156ef22d,CRYSTAL SPA（クリスタルスパ）,クリスタルスパ,メンエス,店舗,博多駅,10:00～翌 05:00,,11000,70,080-9326-0088,https://crystalspa-esthe.com/,crystalspa-esthe.com,30,,,オイル,/uploads/shop-000001436d-694b393ce4341.jpg,esthe-ranking,2026-02-08 02:53:08,2026-02-08 02:53:08
107,941a00b7-07ea-4b7d-8324-a1bc0c62cd1a,ヒミツの花園,,メンエス,店舗,博多駅,10:00～翌 05:00,10:00～翌5:00,14000,90,070-4502-8787,https://hanazono8787.com/,hanazono8787.com,26,,,"オイル,リンパ,ホットオイル,キャッシュレス,ネット予約",/uploads/shop-00000133fa-68a3d865ce676.jpg,esthe-ranking,2026-02-08 02:53:10,2026-02-08 02:53:10
108,995b1932-2f86-457f-b750-5dcba5074d90,ラルキィ,,メンエス,店舗,博多駅・祇園駅・渡辺通駅,10:00～LAST,,11000,70,080-7989-3651,https://ralukii.com/,ralukii.com,33,,,"オイル,ネット予約",/uploads/shop-0000010827-67c9a9f48e5ac.jpg,esthe-ranking,2026-02-08 02:53:11,2026-02-08 02:53:11
109,475ef333-43e6-493f-8d23-7151d25bacb2,8seasons（エイトシーズン）,エイトシーズン,メンエス,店舗,博多駅徒歩10分,10:00～翌 03:00,9:00～LAST,10000,70,080-2558-2100,https://8seasons.net/,8seasons.net,49,,,"アロマ,オイル,完全個室",/uploads/shop-000000eabe-65bc392666986.jpg,esthe-ranking,2026-02-08 02:53:12,2026-02-08 02:53:12
110,d3f60f88-c737-413c-bff8-3623ecfbe124,Pure room（ピュア ルーム）,,メンエス,店舗,博多駅,10:00～翌 05:00,,10000,70,080-2785-4159,https://aroma-sweet.info/,aroma-sweet.info,66,,,"アロマ,オイル,リンパ,コスプレ,キャッシュレス",/uploads/shop-shop25020-612f43549f03b.jpg,esthe-ranking,2026-02-08 02:53:13,2026-02-08 02:53:13
111,9b6cc987-46c4-4c3f-a490-5f5807e644e4,ベトナム子（ベトナムこ）,,アジアン,店舗,祇園駅徒歩3分,10:00～LAST,,8000,60,050-6869-0621,http://btk.sh-gix.tokyo/,btk.sh-gix.tokyo,11,,,"オイル,ネット予約",/uploads/shop-000001419f-6937a29b777f9.png,esthe-ranking,2026-02-08 02:53:15,2026-02-08 02:53:15
112,2fa8b3a5-b080-455d-a4bc-04bda2349f32,愛の花火,,アジアン,店舗,博多駅筑紫口徒歩3分,11:00～翌 02:00,,7000,60,090-2852-2944,http://hh.sh-fcv.tokyo/,hh.sh-fcv.tokyo,43,,,"オイル,リンパ,洗体",/uploads/shop-000000dde1-67874306dc4df.jpg,esthe-ranking,2026-02-08 02:53:16,2026-02-08 02:53:16
113,32d53751-de5f-4631-abd5-88d52609832b,エステ学園～HAKATA校～,,メンエス,店舗,博多駅,10:00～翌 05:00,,14000,60,090-7113-4849,https://ranking-deli.jp/mensesthe/shop/48324/,ranking-deli.jp,29,,,"アロマ,オイル,コスプレ,ネット予約",/uploads/shop-0000013c6b-698159621233b.jpg,esthe-ranking,2026-02-08 02:53:17,2026-02-08 02:53:17
114,d271d052-0979-4069-a39f-6994e38a57fc,Shangri-La（シャングリラ）,シャングリラ,メンエス,店舗,博多駅,11:00～翌 03:00,,11000,70,080-6067-2490,https://ranking-deli.jp/mensesthe/shop/37499/?ofc=1&_ga=2.159592509.1853932250.1730284415-1558695961.1701488470,ranking-deli.jp,52,,,"アロマ,オイル,コスプレ,完全個室",/uploads/shop-0000012343-685273dd37e66.png,esthe-ranking,2026-02-08 02:53:18,2026-02-08 02:53:18
115,1c9d9557-13b5-4a7e-a59a-93c4ac95b1a5,Velina（ヴェリナ）,ヴェリナ,メンエス,店舗,博多駅,12:00～翌 05:00,,13000,70,090-5980-5977,https://ranking-deli.jp/mensesthe/shop/41298/,ranking-deli.jp,45,,,"アロマ,オイル,リンパ,コスプレ,キャッシュレス,ネット予約",/uploads/shop-0000011be2-69363df2636c1.jpg,esthe-ranking,2026-02-08 02:53:19,2026-02-08 02:53:19
116,d39fb99b-3294-4a88-8b98-74c831a20df9,ALICE（アリス）,アリス,メンエス,店舗,博多駅,10:00～翌 05:00,,10000,70,080-6045-7770,https://alice-official.net/,alice-official.net,36,,,"アロマ,オイル,ネット予約",/uploads/shop-000000ee29-67c1797b28ff4.jpg,esthe-ranking,2026-02-08 02:53:20,2026-02-08 02:53:20
117,755922b4-a378-45ae-95f2-ba1a0599d814,癒し屋本舗,,メンエス,,博多発～,13:00～翌 05:00,,10000,60,080-3905-1848,https://estama.jp/shop/35361/,estama.jp,41,,,"オイル,耳かき",/uploads/shop-000000cdcd-64aba1d726566.jpg,esthe-ranking,2026-02-08 02:53:22,2026-02-08 02:53:22
118,1ee5485a-6d60-4a77-b17e-dfd697197841,Rubino（ルビーノ）,ルビーノ,メンエス,店舗,博多駅,10:00～翌 06:00,,10000,70,080-4639-1665,http://www.aroma-rubino.com/,aroma-rubino.com,26,,,"オイル,コスプレ",/uploads/shop-0000011de2-694202d76656d.jpg,esthe-ranking,2026-02-08 02:53:23,2026-02-08 02:53:23
119,2b910cee-be63-41df-957d-c2ba948d808d,極 Extreme（エクストリーム）,エクストリーム,メンエス,店舗,博多駅,12:00～翌 03:00,,17000,70,090-2198-1191,https://kiwami-extreme.com/,kiwami-extreme.com,69,,,"アロマ,オイル,リンパ,キャッシュレス",/uploads/shop-shop31937-6178e5f21f68b.jpg,esthe-ranking,2026-02-08 02:53:24,2026-02-08 02:53:24
120,f275281f-7d01-4e2d-8b7d-df827053fadc,雅姫 the second,,メンエス,店舗,博多駅,10:00～翌 05:00,,10000,70,070-4788-5907,https://miyabi-esthe.com/,miyabi-esthe.com,56,,,オイル,/uploads/shop-0000012259-67eb49d902e8e.jpg,esthe-ranking,2026-02-08 02:53:26,2026-02-08 02:53:26
121,77a55c88-7441-4b3f-bfb0-6f4a6cd6af78,NOVA（ノヴァ）,ノヴァ,メンエス,店舗,博多駅徒歩3分,10:00～LAST,,10000,70,070-4162-5678,https://nova-aroma.com/,nova-aroma.com,25,,,"アロマ,オイル,リンパ",/uploads/shop-000000f67e-663ac487c455f.jpg,esthe-ranking,2026-02-08 02:53:28,2026-02-08 02:53:28
122,2a4d8614-5100-4c43-bf5d-371974963d2e,Mrs.さくらんぼ,,メンエス,店舗,博多駅,10:00～LAST,,10000,60,080-3974-1755,https://ranking-deli.jp/mensesthe/shop/41742/,ranking-deli.jp,83,,,"オイル,リンパ",/uploads/shop-000000d820-65111e4860080.jpg,esthe-ranking,2026-02-08 02:53:29,2026-02-08 02:53:29
123,d6d1eb69-f74a-47e5-8a8e-2673f097db65,F.D 福岡デラッセ,,メンエス,店舗,薬院駅・西鉄平尾駅,14:00～24:00,,15000,60,090-3104-0333,http://www.f-dresser.com/,f-dresser.com,17,,,オイル,/uploads/shop-00000131d2-68872b849978e.jpg,esthe-ranking,2026-02-08 02:53:30,2026-02-08 02:53:30
124,7ae5e18c-6d02-490d-8bf9-92f9004410d5,will rich（ウィルリッチ）,ウィルリッチ,メンエス,店舗,博多駅,15:00～翌 04:00,,12000,70,090-3854-7654,https://ranking-deli.jp/mensesthe/shop/45139/,ranking-deli.jp,26,,,"オイル,ネット予約",/uploads/shop-0000010738-66d004c7f2551.jpg,esthe-ranking,2026-02-08 02:53:31,2026-02-08 02:53:31
125,7c226efa-8bd1-4077-a54b-80229fd6ee14,博多人妻さん,,メンエス,店舗,博多駅,10:00～翌 02:00,,10000,90,080-4271-1414,https://hakatahitozuma.com/,hakatahitozuma.com,66,,,"アロマ,オイル,パウダー",/uploads/shop-000000e71c-65890bf464de5.jpg,esthe-ranking,2026-02-08 02:53:33,2026-02-08 02:53:33
126,66a72e7c-fcf6-4008-a7b0-40e9f9de5209,Tiara（ティアラ）,ティアラ,アジアン,店舗,博多駅徒歩3分,12:00～翌 01:00,,8000,60,080-4271-0913,http://www.tiara-hakata.com/,tiara-hakata.com,8,,,"オイル,完全個室",/uploads/shop-0000009e8e-637db457053c3.jpg,esthe-ranking,2026-02-08 02:53:35,2026-02-08 02:53:35
127,ef7b1522-848b-4f36-8d5a-bdad86b5e893,乱華（らんか）,,メンエス,店舗,博多駅,11:00～翌 04:00,,10000,70,090-4214-7045,http://www.ranka-hakata.com/,ranka-hakata.com,10,,,オイル,/uploads/shop-0000014486-695f02a77ee49.jpg,esthe-ranking,2026-02-08 02:53:36,2026-02-08 02:53:36
128,7824187d-6321-480c-8b81-8b6558941e77,ミセス大人の香り,,メンエス,店舗,竹下駅・吉塚駅,11:00～24:00,11:00～,8000,40,070-3614-0688,https://adult-scent.net/,adult-scent.net,16,,,"アロマ,オイル,パウダー,Wセラピ,キャッシュレス",/uploads/shop-000000d311-65291cc6bbfc1.jpg,esthe-ranking,2026-02-08 02:53:38,2026-02-08 02:53:38
129,c6b0051f-36c0-4f5a-815c-5a9cde4bceec,THE ESTHE FUKUOKA（ザエステ福岡）,,メンエス,店舗,博多駅,12:00～翌 05:00,,18000,90,070-8360-6063,https://the-esthe.jp/,the-esthe.jp,36,,,"オイル,リンパ,ホットオイル,キャッシュレス",/uploads/shop-000000d9e8-6563e554d5774.jpg,esthe-ranking,2026-02-08 02:53:39,2026-02-08 02:53:39
130,d194af53-9466-4f57-b9a5-ac8847eac9aa,Shiny ～シャイニー～,,メンエス,店舗,博多駅徒歩5分,10:00～翌 03:00,,11000,70,080-6939-7407,https://shiny-fukuoka.net/,shiny-fukuoka.net,46,,,"アロマ,オイル,完全個室,キャッシュレス",/uploads/shop-000000e0fe-67e241b55c16b.jpg,esthe-ranking,2026-02-08 02:53:41,2026-02-08 02:53:41
131,93a25958-8db5-4053-86eb-9acd31e103e6,舞（まい）,,アジアン,店舗,博多駅徒歩7分,11:00～翌 05:00,,8000,60,080-9062-6888,http://w.sh-xkd.tokyo/,w.sh-xkd.tokyo,9,,,"オイル,コスプレ",/uploads/shop-000000e208-678751d395a4f.jpg,esthe-ranking,2026-02-08 02:53:43,2026-02-08 02:53:43
132,2f1cd02d-7535-4daf-8d2e-82af663b9a2c,博多メンズエステ CLUB AFTER～アフター～,,メンエス,店舗,博多駅,10:00～翌 05:00,,13000,70,090-6211-0111,https://club-after-official.com/,club-after-official.com,13,,,"アロマ,オイル,ネット予約",/uploads/shop-0000013bce-68fad2f01c9c8.jpg,esthe-ranking,2026-02-08 02:53:45,2026-02-08 02:53:45
133,a421181d-be2e-4f6b-8e8a-56d9cf7447c2,癒の小部屋（いやしのこべや）,,アジアン,店舗,中洲川端駅徒歩6分,11:00～翌 04:00,,3000,30,080-9535-5456,http://xrk.sh-val.xyz/,xrk.sh-val.xyz,8,,,"オイル,足裏",/uploads/shop-0000012732-68d5dbc8a9a01.jpg,esthe-ranking,2026-02-08 02:53:46,2026-02-08 02:53:46
134,38ce1d8e-d56f-457e-9296-0c6e4a6ce7dd,New Glamorous,,メンエス,店舗,博多駅,10:00～翌 04:00,,10000,60,090-2353-5656,https://glamorous-fukuoka.com/,glamorous-fukuoka.com,64,,,"オイル,リンパ,ホットオイル,ワンルーム,完全個室,ネット予約",/uploads/shop-00000113cf-673ee83bf0de6.jpg,esthe-ranking,2026-02-08 02:53:49,2026-02-08 02:53:49
135,17b1c1dd-25e9-42e5-b8f7-f4c2653a4e54,博多メンズエステ ラビット♡リリィ,,メンエス,,博多発～,10:00～翌 05:00,,11000,60,090-3137-7973,https://kouhaku-hkt-esthe.com/,kouhaku-hkt-esthe.com,25,,,オイル,/uploads/shop-0000011f65-67c660aba73b1.jpg,esthe-ranking,2026-02-08 02:53:51,2026-02-08 02:53:51
136,62ab68e8-8cff-494c-b7b9-ee29cd0d8db5,Fancy～ファンシー～,,メンエス,店舗,博多駅,10:30～LAST,10:00～,9000,70,080-5017-5005,https://fancy-esthe.com/,fancy-esthe.com,44,,,オイル,/uploads/shop-00000107d1-66fbe2727aad3.png,esthe-ranking,2026-02-08 02:53:53,2026-02-08 02:53:53
137,458241f9-615c-40bd-a90d-8a0da1db96a7,夜桜,,アジアン,店舗,博多駅,11:00～翌 05:00,,8000,60,080-4319-3888,https://shop2.es-johokan.com/yozakura-h/,shop2.es-johokan.com,6,,,オイル,/uploads/shop-000000fabc-66fba870e7573.jpg,esthe-ranking,2026-02-08 02:53:56,2026-02-08 02:53:56
138,a8db5d03-6636-47ff-8dd1-9a5d652300be,invitation（インビテーション）,インビテーション,メンエス,店舗,博多駅,10:00～翌 05:00,,10000,70,080-2591-3601,https://invitation-aroma.com/,invitation-aroma.com,40,,,"オイル,キャッシュレス",/uploads/shop-000000ddb9-65420788a2d08.jpg,esthe-ranking,2026-02-08 02:53:58,2026-02-08 02:53:58
139,2225ca5a-b986-4602-91a6-6c1d550825d2,金魚,,アジアン,店舗,博多駅徒歩5分,10:00～翌 05:00,,3000,30,080-6453-1613,http://goldfish.dnja.tokyo/,goldfish.dnja.tokyo,12,,,オイル,/uploads/shop-0000013845-697d84c3a88f0.png,esthe-ranking,2026-02-08 02:54:00,2026-02-08 02:54:00
140,a999f80f-416b-4341-844e-2cc156ab602a,enju（エンジュ）,エンジュ,メンエス,店舗,博多駅,10:00～翌 06:00,,13000,70,070-9311-6010,https://ranking-deli.jp/mensesthe/shop/42129/,ranking-deli.jp,56,,,"アロマ,オイル,完全個室,ネット予約",/uploads/shop-0000010372-66ab2dfee4560.jpg,esthe-ranking,2026-02-08 02:54:02,2026-02-08 02:54:02
141,bed20850-f055-4493-9f97-3e4b831dd9fc,GOKURAKU～ゴクラク～,,メンエス,店舗,博多駅,10:00～翌 06:00,,15000,70,080-5925-0616,https://ranking-deli.jp/mensesthe/shop/45686/?ofc=1,ranking-deli.jp,43,,,"オイル,リンパ",/uploads/shop-0000013e2e-69116543c1da5.png,esthe-ranking,2026-02-08 02:54:05,2026-02-08 02:54:05
142,01ea5fe6-65e7-4a5a-8acd-5a083f3778c4,ラベンダー,,アジアン,店舗,天神駅・博多駅・大濠公園駅,11:00～翌 02:00,,3000,30,070-9331-1745,https://rabenda-tnjn.navi.mn/,rabenda-tnjn.navi.mn,6,,,"オイル,リンパ,洗体,アカスリ",/uploads/shop-0000014100-692fbd0cbb246.jpg,esthe-ranking,2026-02-08 02:54:06,2026-02-08 02:54:06
143,53afa002-43e1-4909-af0b-e24b72369d15,HAKATA Bisser（ビゼ）,ビゼ,メンエス,店舗,博多駅,10:00～LAST,,13000,70,090-9205-1881,https://ranking-deli.jp/mensesthe/shop/46811/,ranking-deli.jp,43,,,"アロマ,オイル,リンパ",/uploads/shop-0000012a74-6836a1dbbf4b3.jpg,esthe-ranking,2026-02-08 02:54:08,2026-02-08 02:54:08
144,60543d10-5f55-479a-b303-a7ed49831588,チュー,,アジアン,店舗,博多駅徒歩4分,11:00～翌 02:00,,5000,30,070-8580-6772,http://hmg.sh-ibt.tokyo/,hmg.sh-ibt.tokyo,5,,,"アロマ,オイル,洗体",/uploads/shop-0000013a3e-68e37afdc524f.jpg,esthe-ranking,2026-02-08 02:54:10,2026-02-08 02:54:10
145,069ac500-0040-4066-91ab-6ac645b27760,癒楽（ゆうらく）,,アジアン,店舗,博多駅徒歩6分,11:00～翌 03:00,,8000,60,070-1946-1118,http://www.wrjd23.tokyo/,wrjd23.tokyo,5,,,"オイル,キャッシュレス",/uploads/shop-0000008fef-695f478e26c83.png,esthe-ranking,2026-02-08 02:54:11,2026-02-08 02:54:11
146,3da205cf-70b0-495d-ad61-b7b2e69a1f00,oil & sweet（オイル&スイート）博多店,,メンエス,店舗,博多駅,10:00～LAST,,14000,70,090-3481-9068,https://ranking-deli.jp/mensesthe/shop/44098/,ranking-deli.jp,65,,,"アロマ,オイル,リンパ,領収書",/uploads/shop-000000fce2-66b5e724f38b1.jpg,esthe-ranking,2026-02-08 02:54:13,2026-02-08 02:54:13
147,4ccf81e3-d16a-41a1-8166-d4da280c4503,優笑～ゆうしょう～,,アジアン,店舗,博多駅,10:00～LAST,,8000,60,090-1096-5556,https://ranking-deli.jp/mensesthe/shop/47627/,ranking-deli.jp,4,,,"オイル,領収書",/uploads/shop-0000013552-68b67ecb17beb.jpg,esthe-ranking,2026-02-08 02:54:14,2026-02-08 02:54:14
148,4bf95840-5969-4afe-bcd8-31ccb1f6891d,月見,,アジアン,店舗,櫛田神社前駅,12:00～翌 03:00,10:00～翌2:00,3000,30,070-9165-6708,https://estama.jp/shop/38119/,estama.jp,6,,,"オイル,リンパ,ヘッド,足裏,ネット予約",/uploads/shop-0000010786-66d156f2b872e.jpg,esthe-ranking,2026-02-08 02:54:15,2026-02-08 02:54:15
149,7ce9ac58-ef99-4760-841a-ab489cc842c7,博多の人妻エステクラブ,,メンエス,店舗,博多駅徒歩5分,09:00～LAST,8:30～LAST,12900,80,080-8218-1820,https://hakata-hitoduma.menes-jp.com/,hakata-hitoduma.menes-jp.com,20,,,"アロマ,オイル",/uploads/shop-0000011672-674ff986bb055.jpg,esthe-ranking,2026-02-08 02:54:17,2026-02-08 02:54:17
150,c2cca098-2a35-4463-a4e9-25cb9ffc7b2b,康乃馨（カーネーション）,カーネーション,アジアン,店舗,博多駅徒歩6分,24時間営業,,3000,30,070-7620-0823,http://knxh.sh-lfg.tokyo/,knxh.sh-lfg.tokyo,23,,,"アロマ,オイル,Wセラピ,24時間",/uploads/shop-000000f9b4-68b27080f3354.jpg,esthe-ranking,2026-02-08 02:54:19,2026-02-08 02:54:19
151,568fdf2d-dfe7-4e46-8248-c0f37b55b24c,アロマエステ桜並木 香椎店,,メンエス,店舗,香椎駅,10:00～翌 02:00,9:00～24:00,7000,60,080-4283-9191,https://kokura-sakuranamiki.com/,kokura-sakuranamiki.com,14,,,"アロマ,オイル,パウダー",/uploads/shop-00000135cc-68b790a6c0504.jpg,esthe-ranking,2026-02-08 02:54:21,2026-02-08 02:54:21
152,da7de9c9-6596-4277-996b-472bff592179,水の木,,アジアン,店舗,博多駅徒歩6分,10:00～翌 05:00,,5000,30,080-6195-8149,http://hljoyuhtt.tokyo/,hljoyuhtt.tokyo,12,,,"アロマ,オイル,リンパ,完全個室",/uploads/shop-000000aed6-6846430462c00.jpg,esthe-ranking,2026-02-08 02:54:22,2026-02-08 02:54:22
153,ace0a28f-72ca-4871-ac70-6686e556b433,999～スリーナイン～,,メンエス,店舗,博多駅博多口,,,14000,70,070-8970-8983,https://estama.jp/shop/48284/,estama.jp,20,,,"アロマ,オイル,リンパ,ホイップ,ホットオイル,コスプレ",/uploads/shop-0000014138-692ffacdd39a3.jpg,esthe-ranking,2026-02-08 02:54:24,2026-02-08 02:54:24
154,3d240d05-10fc-45f1-91ec-e83b264f3207,Fidele～フィデル～,,メンエス,店舗,博多駅徒歩10分,10:30～LAST,,11000,70,090-1525-0606,https://fortune-hakata.com/,fortune-hakata.com,44,,,"アロマ,オイル,リンパ,キャッシュレス",/uploads/shop-000001443d-695b652f73a25.jpg,esthe-ranking,2026-02-08 02:54:26,2026-02-08 02:54:26
155,8fec2380-9354-4f4d-924c-45fd22710f3a,博多メンズエステMILF（ミルフィー）,ミルフィー,メンエス,店舗,博多駅,12:00～翌 05:00,,13000,70,090-5322-5210,https://ranking-deli.jp/mensesthe/shop/49100/,ranking-deli.jp,20,,,"アロマ,オイル",/uploads/shop-0000014520-69699bd5e5b7c.jpg,esthe-ranking,2026-02-08 02:54:28,2026-02-08 02:54:28
156,835ea0d9-6cc0-4775-a5c8-8504f71068e5,萌え,,アジアン,店舗,天神駅徒歩3分,10:00～翌 05:00,,7000,60,080-8026-6002,,,7,,,"アロマ,オイル,リンパ,パウダー",/uploads/shop-0000014464-695ef5e0d0b8a.png,esthe-ranking,2026-02-08 02:54:31,2026-02-08 02:54:31
157,f56390b5-8dbd-40f7-a448-960b02f24cbb,脳もとろける極上エステVelours（ヴェルール）いつもあなたのそばに・・・,ヴェルール,メンエス,店舗,博多駅,10:30～翌 02:00,10:00～24:30,13000,70,080-2341-3239,https://aroma-velours.com/,aroma-velours.com,17,,,"アロマ,オイル,パウダー,ヘッド",/uploads/shop-000001444c-695f490b42045.jpg,esthe-ranking,2026-02-08 02:54:34,2026-02-08 02:54:34
158,18892f66-dd30-4938-8d0a-d3bb12a16124,オアシス,,アジアン,店舗,博多駅徒歩5分,11:00～翌 03:00,,8000,60,080-5260-0006,http://cai.ssl-esute.asia/,cai.ssl-esute.asia,3,,,"アロマ,オイル,リンパ,洗体,アカスリ",/uploads/shop-000000ce6a-68464c19862f1.jpg,esthe-ranking,2026-02-08 02:54:35,2026-02-08 02:54:35
159,31a82aa7-470b-4888-b71d-ee49b9db515e,Renaissance（ルネサンス）,ルネサンス,メンエス,店舗,博多駅,10:00～翌 05:00,,12000,70,090-9346-1234,https://ranking-deli.jp/mensesthe/shop/48868/,ranking-deli.jp,18,,,"アロマ,オイル,リンパ,コスプレ,ネット予約",/uploads/shop-000001417a-693a7b32de0a7.png,esthe-ranking,2026-02-08 02:54:36,2026-02-08 02:54:36
160,e2ebe4a9-e685-4add-a16d-6c74ea0948a4,LAVENDER（ラベンダー）,ラベンダー,アジアン,店舗,博多駅徒歩3分,10:00～翌 03:00,,3000,40,080-6185-0494,https://hakata-lavender.com/,hakata-lavender.com,4,,,"アロマ,オイル,リンパ,ヘッド,足裏,耳かき,完全個室",/uploads/shop-0000014423-6971b25b6a6f6.jpg,esthe-ranking,2026-02-08 02:54:38,2026-02-08 02:54:38
161,f2d3ccf2-2872-49d2-a88b-5bbe4fe0b152,人妻エステ 美魔女,,メンエス,店舗,博多駅,10:00～翌 05:00,,10000,70,080-4312-6868,https://ranking-deli.jp/mensesthe/shop/48482/,ranking-deli.jp,8,,,"オイル,キャッシュレス",/uploads/shop-000001414e-6931408ce1f46.jpg,esthe-ranking,2026-02-08 02:54:39,2026-02-08 02:54:39
162,566cb3b6-d0bf-4b75-8b21-3871b3188216,会いたい,,アジアン,店舗,博多駅・天神駅・竹下駅・天神南駅・大濠公園駅,11:00～翌 02:00,,10000,70,050-6881-8408,http://wac4n.jpest.xyz/,wac4n.jpest.xyz,5,,,"オイル,リンパ,洗体",/uploads/shop-0000014404-695b4970ec961.jpg,esthe-ranking,2026-02-08 02:54:41,2026-02-08 02:54:41
163,8611e7a9-a7e9-423a-a751-918ffd2dffaa,タイ人20代,,アジアン,店舗,大橋駅徒歩8分,11:00～LAST,,8000,60,050-6868-6008,https://thai.pinkgirl.work/,thai.pinkgirl.work,7,,,オイル,/uploads/shop-0000014448-695c55d773808.jpg,esthe-ranking,2026-02-08 02:54:43,2026-02-08 02:54:43
164,8bc9d9ae-2d0c-4ecf-b17a-16e8292ba18e,花の雪,,アジアン,店舗,博多駅,24時間営業,,3000,30,070-8962-1229,http://yuki.sh-lfy.tokyo/,yuki.sh-lfy.tokyo,39,,,"アロマ,オイル,リンパ,洗体,24時間",/uploads/shop-000001454f-69803ea679fac.jpg,esthe-ranking,2026-02-08 02:54:45,2026-02-08 02:54:45
165,8990444a-7422-447e-8d4e-d700086e3993,博多の人妻サロン ロサ,,メンエス,店舗,博多駅,10:00～翌 03:00,,10000,90,080-2391-7122,https://ranking-deli.jp/mensesthe/shop/49237/,ranking-deli.jp,1,,,"アロマ,オイル,リンパ",/uploads/shop-0000014657-697abca6bdfa1.jpg,esthe-ranking,2026-02-08 02:54:46,2026-02-08 02:54:46
166,ddf871ac-5114-46ee-9bc8-e57f7bbc2739,姫baby,,アジアン,店舗,天神駅徒歩9分,10:00～翌 05:00,,5000,30,080-8025-3365,http://baby.sh-jrw.tokyo/,baby.sh-jrw.tokyo,3,,,"オイル,リンパ,洗体,完全個室",/uploads/shop-000001446f-695cc1b9d9b2c.jpg,esthe-ranking,2026-02-08 02:54:48,2026-02-08 02:54:48
167,d07bacc6-1f10-4cf7-bfaa-443f3c3878e7,AMAZE（アメイズ）,アメイズ,メンエス,店舗,博多駅,10:00～翌 04:00,,11000,70,090-8837-9091,https://amaze-esthe.com/,amaze-esthe.com,64,,,"アロマ,オイル,ネット予約",,esthe-ranking,2026-02-08 02:54:49,2026-02-08 02:54:49
168,bb7782c9-4bf2-491a-9758-9b363c9a77e1,Oil Quest（オイルクエスト）,オイルクエスト,メンエス,店舗,博多駅,10:00～翌 05:00,,15000,70,070-8558-1876,https://oil-quest.net/,oil-quest.net,39,,,"オイル,ネット予約",,esthe-ranking,2026-02-08 02:54:50,2026-02-08 02:54:50
169,24bee7ac-07a4-4866-9588-24af3b384b8a,小悪魔HEAVEN,,メンエス,店舗,博多駅,12:00～翌 03:00,,11000,70,070-8454-1919,http://www.koakumaheaven.com/,koakumaheaven.com,59,,,"オイル,ヘッド,ホイップ,コスプレ",,esthe-ranking,2026-02-08 02:54:52,2026-02-08 02:54:52
170,52ace740-9453-4e02-8602-2e75eac590e4,Blue（ブルー）,ブルー,メンエス,店舗,博多駅,12:00～翌 04:00,,11000,70,090-7285-5102,https://aroma-blue.net/,aroma-blue.net,40,,,"オイル,ネット予約",,esthe-ranking,2026-02-08 02:54:54,2026-02-08 02:54:54
171,6813f654-5a94-4186-9b68-795b1c6b1514,vivienne（ヴィヴィエンヌ）,ヴィヴィエンヌ,メンエス,店舗,博多駅,11:00～翌 05:00,,11000,70,090-7987-0387,https://ranking-deli.jp/mensesthe/shop/23192/,ranking-deli.jp,51,,,"オイル,リンパ",,esthe-ranking,2026-02-08 02:54:56,2026-02-08 02:54:56
172,e7f78e73-a23a-4d66-808b-7bdaf9d42506,Feerique（フェリーク）,フェリーク,メンエス,店舗,博多駅,12:00～翌 03:00,,13000,90,070-1947-8889,https://aroma-feerique.com/,aroma-feerique.com,53,,,"アロマ,オイル",,esthe-ranking,2026-02-08 02:54:58,2026-02-08 02:54:58
173,55c4520a-7335-4e64-a35a-59b6e0e12891,Aroma Pinky,,メンエス,店舗,博多駅,10:00～翌 04:00,,12000,70,080-3183-8513,https://ranking-deli.jp/mensesthe/shop/45681/?ofc=1,ranking-deli.jp,69,,,"オイル,リンパ,完全個室",,esthe-ranking,2026-02-08 02:55:00,2026-02-08 02:55:00
174,cf76fe23-df8b-4710-94d1-55183855b599,VANILLA EYES（バニラアイズ）,バニラアイズ,メンエス,店舗,博多駅,10:00～翌 02:00,,9000,60,080-7895-5202,https://dusteyes.com/,dusteyes.com,31,,,"アロマ,オイル,リンパ,完全個室,ネット予約",,esthe-ranking,2026-02-08 02:55:02,2026-02-08 02:55:02
175,940638a7-f952-482d-adf4-fb36d657c3f3,Mrs.premium,,メンエス,店舗,博多駅,10:00～翌 03:00,,10000,90,090-7945-2027,https://mrs-premium.com,mrs-premium.com,28,,,"アロマ,オイル,リンパ,パウダー,完全個室,熟女",,esthe-ranking,2026-02-08 02:55:04,2026-02-08 02:55:04
176,621f2103-446a-46ed-95cc-b5c2c8f593b8,博多EDEN,,メンエス,店舗,博多駅,09:00～翌 05:00,,12000,40,090-8213-9229,https://eden-esthe.com/,eden-esthe.com,115,,,オイル,,esthe-ranking,2026-02-08 02:55:06,2026-02-08 02:55:06
177,844e9904-3501-44a2-8456-d36f491b365d,Aroma Belle（アロマ ベル）,,メンエス,店舗,博多駅,11:00～LAST,,10000,70,090-1233-4470,https://aroma-belle.net/,aroma-belle.net,55,,,"オイル,リンパ,コスプレ",,esthe-ranking,2026-02-08 02:55:07,2026-02-08 02:55:07
178,c78ae6e9-5081-4a0d-88e5-423d0b99e1c4,麒麟,,メンエス,店舗,博多駅,10:00～翌 06:00,,10000,70,080-4288-6868,https://hakata-ebisu.net/,hakata-ebisu.net,52,,,"アロマ,オイル,リンパ,パウダー,ヘッド,足裏,領収書",,esthe-ranking,2026-02-08 02:55:09,2026-02-08 02:55:09
179,99cb5ed7-d856-4947-8f69-08b98798245b,アロマドリップ,,メンエス,店舗,天神駅・赤坂駅,11:00～翌 03:00,,11000,70,070-9095-7554,https://aromadrip.jp/,aromadrip.jp,22,,,"アロマ,オイル,リンパ,ストレッチ,ワンルーム,完全個室,キャッシュレス",,esthe-ranking,2026-02-08 02:55:11,2026-02-08 02:55:11
180,78957456-22fe-41c6-8872-957e46b59838,Request,,メンエス,店舗,博多駅,11:00～翌 03:00,,10000,70,090-5894-0018,https://aroma-request.com/,aroma-request.com,42,,,オイル,,esthe-ranking,2026-02-08 02:55:12,2026-02-08 02:55:12
181,e7f93891-2589-4e33-8333-2ebab3429000,Graces（グレーシズ）,グレーシズ,メンエス,店舗,大橋駅・西鉄平尾駅,11:00～24:00,,12000,60,090-8743-8288,https://graces.men-este.com/,graces.men-este.com,16,,,"アロマ,オイル",,esthe-ranking,2026-02-08 02:55:14,2026-02-08 02:55:14
182,b2555d27-fd94-4a22-94a0-097b9f4c76e7,Mrs.Mederu 福岡,,メンエス,店舗,博多駅,,,12000,80,090-8414-5154,https://mrsmederu.com/,mrsmederu.com,29,,,オイル,,esthe-ranking,2026-02-08 02:55:15,2026-02-08 02:55:15
183,f82d62cf-b160-41d5-be12-5ae22563126b,Maison De Voce,,メンエス,店舗,博多駅,09:00～翌 05:00,,10000,75,090-9490-8135,https://jyukujoaroma.com/,jyukujoaroma.com,28,,,"アロマ,オイル,完全個室,キャッシュレス",,esthe-ranking,2026-02-08 02:55:17,2026-02-08 02:55:17
184,be34d5cf-f0d6-42d7-a97f-0700b6b43147,Mrs.2nd Love博多 ミセス・セカンドラブ博多,,メンエス,店舗,博多駅徒歩10分,10:00～翌 05:00,9:00～翌4:00,11000,60,090-7898-1515,https://mrs2nd-love.com/,mrs2nd-love.com,20,,,"オイル,リンパ,コスプレ,ネット予約",,esthe-ranking,2026-02-08 02:55:19,2026-02-08 02:55:19
185,819c538f-e38a-4c66-9103-c791b464661c,ジラシー（Jealousy）,,メンエス,店舗,博多駅,10:00～翌 05:00,,13000,70,090-2779-7794,https://jealousy-esthe.com/,jealousy-esthe.com,34,,,"アロマ,オイル,リンパ,キャッシュレス",,esthe-ranking,2026-02-08 02:55:21,2026-02-08 02:55:21
186,2a8ec248-4b49-41cf-9338-5382445ff750,Pita spa,,メンエス,店舗,博多駅,10:00～翌 05:00,,13000,70,090-8622-5865,https://hakata-pitaspa.com/,hakata-pitaspa.com,32,,,オイル,,esthe-ranking,2026-02-08 02:55:24,2026-02-08 02:55:24
187,65fa0d7a-445e-496e-ab42-9465ff21853d,ハピハッピー～HAPI HAPI～,,アジアン,店舗,博多駅徒歩3分,12:00～LAST,,10000,60,080-9771-8216,http://hapihapi.es-relax.info/,hapihapi.es-relax.info,6,,,"アロマ,オイル,リンパ,洗体,アカスリ,Wセラピ,完全個室",,esthe-ranking,2026-02-08 02:55:27,2026-02-08 02:55:27
188,7360cfec-d170-4b01-8bf6-f5330002c271,Azzurro（アズーロ）,アズーロ,メンエス,,博多発～,12:00～翌 03:00,,12000,60,080-9102-5071,http://www.aroma-azzurro.com/,aroma-azzurro.com,26,,,"アロマ,オイル",,esthe-ranking,2026-02-08 02:55:30,2026-02-08 02:55:30
189,cdc9ba9e-90c6-41fe-8eff-f1e050103118,夢郷,,アジアン,店舗,中洲川端駅,19:00～翌 06:00,,1650,15,080-3956-3635,https://ranking-deli.jp/mensesthe/shop/47581/,ranking-deli.jp,5,,,"アロマ,オイル,耳かき,キャッシュレス,領収書",,esthe-ranking,2026-02-08 02:55:32,2026-02-08 02:55:32
190,bce878d0-45ab-4afa-a17f-d8cb3df6b3b0,Gerbera（ガーベラ）,ガーベラ,メンエス,店舗,博多駅・渡辺通駅,13:00～翌 02:00,,14000,80,080-6460-5750,https://ga-bera.xyz/,ga-bera.xyz,15,,,"アロマ,オイル,リンパ,パウダー,ヘッド,ホットオイル",,esthe-ranking,2026-02-08 02:55:34,2026-02-08 02:55:34
191,80c96596-28eb-411c-be1d-7779b739b3e5,Kiss Me,,アジアン,店舗,天神駅,12:00～翌 04:00,,3000,30,080-2506-3365,http://kissme.sh-dhb2.tokyo/,kissme.sh-dhb2.tokyo,9,,,"オイル,リンパ,洗体,アカスリ",,esthe-ranking,2026-02-08 02:55:36,2026-02-08 02:55:36
192,aacee793-4e29-43e2-91a1-6ab147144f6d,天使の施し～博多メンズエステ～,,メンエス,店舗,博多駅,10:00～LAST,,9000,70,070-4448-3962,https://ranking-deli.jp/mensesthe/shop/42215/,ranking-deli.jp,28,,,"アロマ,オイル,リンパ",,esthe-ranking,2026-02-08 02:55:38,2026-02-08 02:55:38
193,626ca148-b7a9-4a48-bb16-0d2bdd9c4f31,咲き,,アジアン,店舗,博多駅・ 天神南駅・大濠公園駅,10:00～翌 02:00,,10000,70,050-6878-1495,http://ayaexx7n.jpest.xyz/,ayaexx7n.jpest.xyz,5,,,"オイル,リンパ,洗体",,esthe-ranking,2026-02-08 02:55:40,2026-02-08 02:55:40
194,3cb72f74-9768-4770-9305-31647e5c5d46,ピュアレス福岡 メイドin家政婦,,メンエス,店舗,大橋駅,10:00～翌 01:00,10:00～24:30,12000,70,080-9100-8444,https://pureless-jp.com/,pureless-jp.com,2,,,"アロマ,オイル",,esthe-ranking,2026-02-08 02:55:43,2026-02-08 02:55:43
195,e85484c3-8191-4202-a8bf-f532b8e85dd8,PREMIUM（プレミアム）,プレミアム,メンエス,店舗,博多駅,11:00～翌 02:00,10:30〜24:30,10000,70,090-9650-4648,http://premium-hakata.com/,premium-hakata.com,22,,,"アロマ,オイル,リンパ,ヘッド,ホイップ,ホットオイル,ワンルーム,完全個室,領収書",,esthe-ranking,2026-02-08 02:55:45,2026-02-08 02:55:45
196,628322dd-8743-44dc-aca1-f203a9525e98,Daria Flower,,メンエス,店舗,博多駅,11:00～翌 02:00,,12000,70,080-3966-7544,https://dariaflower.com/,dariaflower.com,21,,,オイル,,esthe-ranking,2026-02-08 02:55:46,2026-02-08 02:55:46
197,7b9982e8-9a73-4849-9adc-671819e7f504,ROYAL QUEEN,,メンエス,,博多発～,10:00～翌 05:00,,13000,70,090-3329-3546,https://royalqueen.esthe-hp.com/,royalqueen.esthe-hp.com,26,,,オイル,,esthe-ranking,2026-02-08 02:55:48,2026-02-08 02:55:48
198,c45e7817-19af-4960-935b-599a77d6db9b,万華鏡,,メンエス,店舗,博多駅,07:00～翌 05:00,,15000,90,080-3378-8081,https://mangekyou.aromaesthe.co.jp/,mangekyou.aromaesthe.co.jp,20,,,"オイル,完全個室,キャッシュレス",,esthe-ranking,2026-02-08 02:55:51,2026-02-08 02:55:51
199,018d75b8-8948-407d-bfa2-7f8b076465ee,コネクト,,メンエス,店舗,祇園駅,10:00～LAST,,10000,60,070-9158-3088,https://connect-esthe.com/,connect-esthe.com,26,,,"オイル,リンパ,完全個室,キャッシュレス",,esthe-ranking,2026-02-08 02:55:52,2026-02-08 02:55:52
200,1bb27fde-5d81-4a18-8338-a4b5bd59bd1b,GIMLET（ギムレット）,ギムレット,メンエス,店舗,博多駅,11:00～LAST,,10000,70,080-8350-6848,https://ranking-deli.jp/mensesthe/shop/21349/,ranking-deli.jp,19,,,"アロマ,オイル,キャッシュレス",,esthe-ranking,2026-02-08 02:55:55,2026-02-08 02:55:55
201,9f2a31e2-9ec5-4a82-95a4-5fd8ce5ac34e,ふわふわアロマ ぽちゃリラ,,メンエス,店舗,博多駅,11:00～24:00,,8000,70,080-3958-1181,https://estama.jp/shop/32523/,estama.jp,15,,,オイル,,esthe-ranking,2026-02-08 02:55:56,2026-02-08 02:55:56
202,2c97fc92-8614-4380-bdd2-27f4ea6d24e2,Wynn博多（ウィン）,ウィン,メンエス,店舗,中洲川端駅,10:00～翌 03:00,,12000,70,080-4693-5534,https://ranking-deli.jp/mensesthe/shop/22704/,ranking-deli.jp,11,,,"アロマ,オイル",,esthe-ranking,2026-02-08 02:55:58,2026-02-08 02:55:58
203,96c8a333-043c-4604-9909-31e59e774d8d,絆,,アジアン,店舗,博多駅,12:00～翌 02:00,,10000,60,090-1359-1077,https://ranking-deli.jp/mensesthe/shop/16496/,ranking-deli.jp,7,,,"アロマ,オイル,リンパ,タイ式,パウダー,ヘッド,足裏,ストレッチ,完全個室",,esthe-ranking,2026-02-08 02:56:00,2026-02-08 02:56:00
204,b67abb2d-9d45-4f61-adf2-0777b8bf4f87,金魚妻,,メンエス,店舗,西鉄平尾駅,11:00～翌 03:00,,8888,70,090-1349-3203,https://kingyozuma.aromaesthe.co.jp/,kingyozuma.aromaesthe.co.jp,4,,,"オイル,パウダー",,esthe-ranking,2026-02-08 02:56:02,2026-02-08 02:56:02
205,c84a9819-e121-4daf-bd72-96d0820ff2ad,アロマリリー,,メンエス,店舗,博多駅,11:00～翌 02:00,,10000,70,080-7988-9520,https://ranking-deli.jp/mensesthe/shop/38479/,ranking-deli.jp,12,,,"アロマ,オイル,リンパ,足裏,脱毛,完全個室",,esthe-ranking,2026-02-08 02:56:04,2026-02-08 02:56:04
206,2ebc2d4d-0d63-4ffd-9fdc-c6bbfbd7aa81,NIKA（ニカ）,ニカ,メンエス,店舗,祇園駅,10:00～翌 05:00,,12000,70,070-8526-0791,https://ranking-deli.jp/mensesthe/shop/48289/,ranking-deli.jp,13,,,"アロマ,オイル",,esthe-ranking,2026-02-08 02:56:06,2026-02-08 02:56:06
207,706e5622-6496-479a-8fd6-2fdb1dc92365,Luxe（リュクス）,リュクス,メンエス,店舗,博多駅,11:00～翌 02:00,,11000,70,080-5638-0844,https://luxe-aroma.net/,luxe-aroma.net,1,,,オイル,,esthe-ranking,2026-02-08 02:56:08,2026-02-08 02:56:08
208,b7ba4b66-5d6f-4c8c-907c-82c1614b56e1,福岡トップクオリティ,,メンエス,,博多発～,14:00～24:00,,20000,60,080-6470-1150,http://www.f-topclass.com/,f-topclass.com,9,,,"オイル,コスプレ,キャッシュレス",,esthe-ranking,2026-02-08 02:56:10,2026-02-08 02:56:10
209,be5a7316-a318-458d-a2b0-c93e7d366cad,Aroma Olive,,メンエス,店舗,博多駅,11:00～翌 02:00,,8000,60,070-8345-3521,http://www.aroma-olive.info/,aroma-olive.info,3,,,"アロマ,オイル",,esthe-ranking,2026-02-08 02:56:12,2026-02-08 02:56:12
210,ef880006-8770-4928-a3db-60e4ddec8f71,TOP EGOIST GROUP,,メンエス,店舗,博多駅,10:00～翌 03:00,9:30～翌1:30,13000,70,090-2570-3003,https://top-egoist-group.com/,top-egoist-group.com,5,,,"オイル,キャッシュレス",,esthe-ranking,2026-02-08 02:56:14,2026-02-08 02:56:14
211,d9aa2065-72ef-4c48-a221-40bde87506d6,お帰りbaby,,アジアン,店舗,天神駅徒歩3分,24時間営業,,9000,60,080-8029-6002,http://lover.sh-bab.tokyo/,lover.sh-bab.tokyo,3,,,"オイル,リンパ,24時間",,esthe-ranking,2026-02-08 02:56:15,2026-02-08 02:56:15
212,773b9f9b-e836-48f5-9ec7-ef63ff4cb2ae,FLORA（フローラ）,フローラ,メンエス,店舗,博多駅,12:00～翌 05:00,,11000,70,090-8658-7933,https://yuran-official.com/,yuran-official.com,5,,,"オイル,ネット予約",,esthe-ranking,2026-02-08 02:56:17,2026-02-08 02:56:17
213,f00123c7-2b64-405f-9288-49e48ed83d76,メンズアロマ プレジール,,メンエス,店舗,薬院駅徒歩5分,10:00～翌 01:00,,12000,70,080-9144-6323,https://llp2a.crayonsite.info/,llp2a.crayonsite.info,,,,"アロマ,オイル,リンパ",,esthe-ranking,2026-02-08 02:56:18,2026-02-08 02:56:18
214,616dd1c3-f659-4ac3-8ee2-dda0b129ee6f,macaron,,メンエス,店舗,博多駅博多口徒歩5分,10:00～翌 01:00,10:00～翌1:00,15000,70,070-1278-1891,https://m-hakataesthe.com/,m-hakataesthe.com,5,,,"アロマ,オイル,リンパ",,esthe-ranking,2026-02-08 02:56:19,2026-02-08 02:56:19
215,1ce8e814-f7e5-4500-871f-58bcf4e40aaa,オトナのエステ JOINUS（ジョイナス）,ジョイナス,メンエス,店舗,博多駅,10:00～翌 04:00,9:00～翌2:00,13000,100,090-7427-1635,https://joinus-hakata.com/,joinus-hakata.com,5,,,"オイル,リンパ",,esthe-ranking,2026-02-08 02:56:20,2026-02-08 02:56:20
216,5634d7b4-61a9-44fa-baa5-67a3f0608a3e,刻みワサビ,,メンエス,店舗,博多駅,10:00～翌 02:00,,14000,80,070-4461-5688,https://d6r9d.crayonsite.com/,d6r9d.crayonsite.com,,,,"オイル,リンパ,タイ式,ストレッチ,脱毛",,esthe-ranking,2026-02-08 02:56:21,2026-02-08 02:56:21
217,e21528c3-5c0b-4787-a738-7e9e558a9bc6,マイスター福岡,,メンエス,店舗,博多駅,10:30～翌 01:00,,16000,90,092-235-6030,https://www.mystar-fukuoka.jp/,mystar-fukuoka.jp,4,,,オイル,,esthe-ranking,2026-02-08 02:56:22,2026-02-08 02:56:22
218,ddbbdda1-f7d8-4368-8e59-2dd8927b4e25,あゆら,,メンエス,店舗,博多駅徒歩5分,12:00～翌 02:00,,12000,130,090-7441-9906,https://ayura-hakata.jimdofree.com/,ayura-hakata.jimdofree.com,4,,,"アロマ,リンパ,キャッシュレス",,esthe-ranking,2026-02-08 02:56:24,2026-02-08 02:56:24
219,eab338cb-f160-4750-9ec8-bf42bf6eb1a4,むっちりハウス,,メンエス,店舗,博多駅博多口徒歩5分,11:00～翌 05:00,,11000,70,080-9008-9358,http://www.mucchiri-house.com/,mucchiri-house.com,7,,,オイル,,esthe-ranking,2026-02-08 02:56:25,2026-02-08 02:56:25
220,4d50c073-7a83-4e88-9bbd-5ff82321f331,博多 若妻物語,,メンエス,店舗,博多駅,10:00～翌 05:00,,10000,90,080-7986-2019,http://www.wakaduma.net/,wakaduma.net,9,,,オイル,,esthe-ranking,2026-02-08 02:56:26,2026-02-08 02:56:26
221,e60a326f-1ad0-46ad-aef4-f3a074a6e236,マシュマロアロマ FarFa（ファーファ）,ファーファ,メンエス,店舗,博多駅,11:00～LAST,10:00～24:00,9000,80,080-9065-4547,http://farfa.club/,farfa.club,4,,,"アロマ,オイル,ストレッチ,Wセラピ",,esthe-ranking,2026-02-08 02:56:27,2026-02-08 02:56:27
222,fb0ca3ca-6401-4497-a811-8ed5b7b9f57b,La Pause（ラ・ポーズ）,ラ・ポーズ,アジアン,店舗,博多駅徒歩3分,11:00～LAST,,3000,30,090-3555-8886,http://haerbingyuy.tokyo/,haerbingyuy.tokyo,2,,,"アロマ,オイル,リンパ,足裏,洗体,完全個室",,esthe-ranking,2026-02-08 02:56:28,2026-02-08 02:56:28
223,ded3b290-2ae0-4be7-bf0f-11e7c4de84a2,Lapisia,,メンエス,店舗,博多駅,10:30～23:00,,20000,120,,https://lapisia2024.com/,lapisia2024.com,1,,,"アロマ,オイル,ストレッチ,完全個室",,esthe-ranking,2026-02-08 02:56:29,2026-02-08 02:56:29
224,e7070647-8a52-48d8-a13a-2be061026f2e,シャルル,,メンエス,店舗,博多駅,10:00～翌 03:00,,8000,60,090-2360-9759,https://aromaladyf.livedoor.blog/,aromaladyf.livedoor.blog,1,,,"アロマ,オイル,完全個室",,esthe-ranking,2026-02-08 02:56:33,2026-02-08 02:56:33
225,d52b9071-d0c5-48c8-a148-695efbd9d83d,Mrs.GyaO,,メンエス,店舗,博多駅,11:00～LAST,,10000,90,090-6283-7058,https://mrs-gyao.com/,mrs-gyao.com,2,,,オイル,,esthe-ranking,2026-02-08 02:56:35,2026-02-08 02:56:35
226,fc2bc4b4-a009-4a8e-8c57-3cd7580f1475,アロマ桃花,,メンエス,店舗,博多駅徒歩5分,11:00～翌 03:00,,10000,100,080-1706-7672,https://aromatoka.weebly.com/,aromatoka.weebly.com,1,,,"アロマ,洗体,完全個室,キャッシュレス",,esthe-ranking,2026-02-08 02:56:36,2026-02-08 02:56:36
227,aa8c81e2-9635-4065-9693-0d3e5b97c5f5,月花,,メンエス,店舗,博多駅,12:00～翌 04:00,,15000,60,050-7110-5328,https://ranking-deli.jp/mensesthe/shop/48077/,ranking-deli.jp,1,,,"オイル,キャッシュレス",,esthe-ranking,2026-02-08 02:56:37,2026-02-08 02:56:37
228,85adf71c-e8fd-4271-8bfc-dc49ef67b198,サロン碧,,メンエス,店舗,西鉄平尾駅,11:00～19:00,,19000,90,070-9195-1316,https://select-type.com/p/saron-ao/,select-type.com,1,,,"オイル,パウダー,ヘッド,リフレ,足裏,ホットオイル,フェイシャル,ストレッチ,完全個室,キャッシュレス",,esthe-ranking,2026-02-08 02:56:38,2026-02-08 02:56:38
229,40e2f69a-4a94-4c58-8a61-faea4ed6f7f9,森の家,,メンエス,店舗,博多駅徒歩4分,11:00～翌 04:00,,8000,60,050-5216-8031,http://morinoie.weebly.com/,morinoie.weebly.com,,,,"アロマ,オイル,完全個室",,esthe-ranking,2026-02-08 02:56:39,2026-02-08 02:56:39
230,cd5c3882-1e16-4304-998b-bb45081eeee1,出会い,,アジアン,店舗,博多駅東3出口徒歩3分,12:00～LAST,,8000,60,080-9533-0769,https://deai.relaxya.jp/,deai.relaxya.jp,,,,オイル,,esthe-ranking,2026-02-08 02:56:40,2026-02-08 02:56:40
231,40d8e555-dca7-4602-8373-8a5bf06f6f35,舞妃苑（まいひえん）,,アジアン,店舗,博多駅徒歩6分,10:00～翌 05:00,,3000,30,090-8141-1688,http://gakubou.sh-ibt.tokyo/,gakubou.sh-ibt.tokyo,,,,オイル,,esthe-ranking,2026-02-08 02:56:41,2026-02-08 02:56:41
232,6d7efd0d-cb6b-4c63-ad3e-c6d726d0f55b,トライアングル,,メンエス,店舗,博多駅徒歩5分,11:00～翌 05:00,,13000,70,080-1152-8130,https://estama.jp/shop/39666/,estama.jp,,,,オイル,,esthe-ranking,2026-02-08 02:56:42,2026-02-08 02:56:42
233,0bf3fafd-b549-4ee8-9af7-0a592fa524b5,Crea,,メンエス,店舗,薬院駅北口徒歩3分,10:00～24:00,,9000,60,090-5934-6655,https://www.crea-healing.com/,crea-healing.com,,,,"アロマ,オイル,ヘッド,リフレ,足裏,フェイシャル,ストレッチ,脱毛,仮眠",,esthe-ranking,2026-02-08 02:56:43,2026-02-08 02:56:43
234,5116b4b8-c013-4159-ba00-11beb0aaa7e9,百合,,メンエス,店舗,博多駅,11:00～翌 07:00,,8000,60,080-4691-9558,https://yuri85.webnode.jp/,yuri85.webnode.jp,,,,"アロマ,オイル,完全個室",,esthe-ranking,2026-02-08 02:56:45,2026-02-08 02:56:45
235,ddbd6ecb-f979-429d-8cca-d5dd8b83774f,癒麗（イーリイ）,イーリイ,アジアン,店舗,博多駅徒歩5分,10:00～翌 03:00,10:00～翌2:00,3000,30,070-5539-3666,http://yuri-aroma.jp/,yuri-aroma.jp,,,,"アロマ,オイル,リンパ,中国式,足裏",,esthe-ranking,2026-02-08 02:56:46,2026-02-08 02:56:46
236,d9eac773-1b91-4c8f-a794-7a2a7321196a,ルポゼ〜熟年サロン〜,,アジアン,店舗,博多駅,11:00～翌 03:00,,8000,60,080-2749-3101,https://w973078111.wixsite.com/reposer,w973078111.wixsite.com,,,,オイル,,esthe-ranking,2026-02-08 02:56:47,2026-02-08 02:56:47
237,233b431e-402e-4edc-9caa-f1be716bfb5c,Lion Heart（ライオンハート）,ライオンハート,メンエス,店舗,博多駅,10:00～LAST,,10000,70,080-2777-0007,https://lion-heart.pwchp.com/,lion-heart.pwchp.com,,,,"アロマ,オイル",,esthe-ranking,2026-02-08 02:56:48,2026-02-08 02:56:48
238,91864371-1292-4fc3-bbc7-a38de9d054f2,Collection,,メンエス,店舗,博多駅,11:00～翌 05:00,,10000,70,090-1874-2244,http://aroma-collection.net/,aroma-collection.net,,,,"アロマ,オイル,ホイップ",,esthe-ranking,2026-02-08 02:56:49,2026-02-08 02:56:49
239,e75dfb64-d245-4461-bd6c-60e65e9d1afa,LoveColor `s,,メンエス,店舗,博多駅,12:00～翌 05:00,,8000,60,070-5277-2008,https://aromalovecolors.jimdofree.com/,aromalovecolors.jimdofree.com,,,,"アロマ,オイル,リンパ,キャッシュレス",,esthe-ranking,2026-02-08 02:56:50,2026-02-08 02:56:50
240,d685fcff-a0a7-4dfa-98e3-aaf423dc2fc0,アロマ楽,,メンエス,店舗,博多駅,11:00～翌 04:00,,8000,60,080-3909-3666,http://aromaraku.jp/,aromaraku.jp,,,,"アロマ,オイル,リンパ,完全個室",,esthe-ranking,2026-02-08 02:56:50,2026-02-08 02:56:50
241,270ceb9b-be81-4355-b3ac-9b7823b37cb3,プレアデス博多,,メンエス,店舗,博多駅,11:00～翌 03:00,,9000,60,080-5879-1741,http://fulea.jp/,fulea.jp,,,,"アロマ,オイル,リンパ,Wセラピ",,esthe-ranking,2026-02-08 02:56:51,2026-02-08 02:56:51
242,9a291df7-654b-4ba7-843e-62a5c156c9bd,Somali（ソマリ）,ソマリ,メンエス,店舗,博多駅筑紫口徒歩3分,09:00～翌 01:00,,10000,90,092-775-6431,https://www.s-somali.net/,s-somali.net,,,,"アロマ,オイル,リンパ,ホットストーン,キャッシュレス",,esthe-ranking,2026-02-08 02:56:52,2026-02-08 02:56:52
243,26bbe0d5-765e-4945-bf49-a7f50525bce5,VIP STYLE（ビップスタイル）,ビップスタイル,メンエス,店舗,祇園駅,12:00～翌 05:00,,8000,60,070-5278-2270,https://aromavipstyle.jimdofree.com/,aromavipstyle.jimdofree.com,,,,"アロマ,オイル,リンパ,キャッシュレス",,esthe-ranking,2026-02-08 02:56:53,2026-02-08 02:56:53
244,0fbec514-30be-465d-9a58-8082faa3c696,Cielo Spa（シエロスパ）,シエロスパ,メンエス,店舗,博多駅徒歩5分,12:00～翌 03:00,,12000,70,070-5495-5682,https://cielospa.net/,cielospa.net,,,,オイル,,esthe-ranking,2026-02-08 02:56:54,2026-02-08 02:56:54
245,122d5570-6dc5-47fe-814a-deebe7403cf2,AROMA COCO8（アロマココエイト）,アロマココエイト,アジアン,店舗,秋田駅徒歩6分,10:00～24:00,,3000,30,080-2128-1245,http://aroma.sh-fggo.tokyo/,aroma.sh-fggo.tokyo,6,,,"アロマ,オイル,洗体",/uploads/shop-0000010ec2-6788676125c9c.png,esthe-ranking,2026-02-08 02:56:57,2026-02-08 02:56:57
246,cc19afed-aeae-4242-94b6-131bee36c188,幸せの兎,,アジアン,店舗,秋田駅,12:00～翌 02:00,,9000,60,080-9261-9538,http://happiness-rabbit.ola-dx.cfd/,happiness-rabbit.ola-dx.cfd,3,,,オイル,/uploads/shop-0000014716-6980649f43420.jpg,esthe-ranking,2026-02-08 02:56:58,2026-02-08 02:56:58
247,056b04c6-c3d2-4beb-9478-b3c044f3ed3e,めぐり愛,,アジアン,店舗,秋田駅,11:00～翌 02:00,,5000,30,070-5333-7243,http://meguri-ai.nfh-dx.cfd/,meguri-ai.nfh-dx.cfd,5,,,オイル,/uploads/shop-000001458a-69817bdf3dace.jpg,esthe-ranking,2026-02-08 02:57:00,2026-02-08 02:57:00
248,42598e9e-6e28-4dba-a53c-ca9645a78002,May,,アジアン,店舗,秋田駅,24時間営業,,5000,30,080-4953-5533,https://may-esute.navi.mn/,may-esute.navi.mn,9,,,"オイル,24時間",/uploads/shop-00000145c6-6971c0313227b.jpg,esthe-ranking,2026-02-08 02:57:01,2026-02-08 02:57:01
249,7220ed74-64d7-4d4e-bcf8-3f12389a5097,妻色兼美 秋田店,,メンエス,店舗,秋田駅,10:00～翌 03:00,,7000,70,080-9510-3163,https://akita.sk-group.site/,akita.sk-group.site,31,,,"アロマ,オイル,リンパ,パウダー",,esthe-ranking,2026-02-08 02:57:02,2026-02-08 02:57:02
250,b08993fd-39cf-4d7e-9d07-d6e4bffa1533,癒しのスマイル,,アジアン,店舗,秋田駅,10:00～翌 02:00,,8000,60,050-6879-7451,http://sumai.mensest.xyz/,sumai.mensest.xyz,4,,,オイル,,esthe-ranking,2026-02-08 02:57:03,2026-02-08 02:57:03
251,5b06d7dd-f8c7-4a56-bafe-f669c0361433,Cucue,,アジアン,店舗,秋田駅,11:00～翌 02:00,,8000,60,090-4113-0047,http://cucueue.mensest.xyz/,cucueue.mensest.xyz,4,,,オイル,,esthe-ranking,2026-02-08 02:57:05,2026-02-08 02:57:05
252,4d4dfef6-5102-4a0a-8857-fca63af48aaf,アイリー,,メンエス,店舗,秋田駅,10:00～22:00,,6000,60,080-6931-9797,https://www.akita.aroma-s.com/,akita.aroma-s.com,1,,,"オイル,ホイップ",,esthe-ranking,2026-02-08 02:57:05,2026-02-08 02:57:05
253,69eba42c-8a5d-4db4-9313-8675f77165bd,解放区 秋田店,,メンエス,店舗,秋田駅,10:00～翌 03:00,,7000,70,090-6841-4674,https://akita.kaihouku.info/,akita.kaihouku.info,24,,,"アロマ,オイル,リンパ",,esthe-ranking,2026-02-08 02:57:07,2026-02-08 02:57:07
